{
    "total_runtime": 663.781809091568,
    "num_documents": 20,
    "input_load_time": 0,
    "workflows": {
        "create_base_text_units": {
            "overall": 0.27656054496765137,
            "0_orderby": 0.003072023391723633,
            "1_zip": 0.0034508705139160156,
            "2_aggregate_override": 0.005936861038208008,
            "3_chunk": 0.2168436050415039,
            "4_select": 0.00417017936706543,
            "5_unroll": 0.00549006462097168,
            "6_rename": 0.004418849945068359,
            "7_genid": 0.0051457881927490234,
            "8_unzip": 0.005433082580566406,
            "9_copy": 0.004998207092285156,
            "10_filter": 0.01506662368774414
        },
        "create_base_extracted_entities": {
            "overall": 286.1333990097046,
            "0_entity_extract": 286.083655834198,
            "1_snapshot": 0.010167360305786133,
            "2_merge_graphs": 0.02604985237121582,
            "3_snapshot_rows": 0.00764155387878418
        },
        "create_summarized_entities": {
            "overall": 113.55765342712402,
            "0_summarize_descriptions": 113.54174876213074,
            "1_snapshot_rows": 0.008803367614746094
        },
        "create_base_entity_graph": {
            "overall": 0.06900548934936523,
            "0_cluster_graph": 0.030973434448242188,
            "1_snapshot_rows": 0.009413003921508789,
            "2_snapshot_rows": 0.010312795639038086,
            "3_select": 0.009965896606445312
        },
        "create_final_entities": {
            "overall": 9.766438007354736,
            "0_unpack_graph": 0.015588045120239258,
            "1_rename": 0.009755849838256836,
            "2_select": 0.010595083236694336,
            "3_dedupe": 0.010918378829956055,
            "4_rename": 0.011667013168334961,
            "5_filter": 0.027400970458984375,
            "6_text_split": 0.013742923736572266,
            "7_drop": 0.011588811874389648,
            "8_merge": 0.03275012969970703,
            "9_text_embed": 9.57116174697876,
            "10_drop": 0.012496709823608398,
            "11_filter": 0.028682947158813477
        },
        "create_final_nodes": {
            "overall": 0.2572650909423828,
            "0_layout_graph": 0.031926631927490234,
            "1_unpack_graph": 0.01821160316467285,
            "2_unpack_graph": 0.018684864044189453,
            "3_drop": 0.013788461685180664,
            "4_filter": 0.03115701675415039,
            "5_select": 0.014227151870727539,
            "6_snapshot": 0.015035867691040039,
            "7_rename": 0.015050888061523438,
            "8_join": 0.021277666091918945,
            "9_convert": 0.049187421798706055,
            "10_rename": 0.015854835510253906
        },
        "create_final_communities": {
            "overall": 0.3645670413970947,
            "0_unpack_graph": 0.021233081817626953,
            "1_unpack_graph": 0.02083301544189453,
            "2_aggregate_override": 0.01879119873046875,
            "3_join": 0.02262592315673828,
            "4_join": 0.02227640151977539,
            "5_concat": 0.01754617691040039,
            "6_filter": 0.040819406509399414,
            "7_aggregate_override": 0.020962238311767578,
            "8_join": 0.024315357208251953,
            "9_filter": 0.04111075401306152,
            "10_fill": 0.024109363555908203,
            "11_merge": 0.0341486930847168,
            "12_copy": 0.01935744285583496,
            "13_select": 0.02017354965209961
        },
        "join_text_units_to_entity_ids": {
            "overall": 0.08740687370300293,
            "0_select": 0.02113819122314453,
            "1_unroll": 0.022687673568725586,
            "2_aggregate_override": 0.02330923080444336
        },
        "create_final_relationships": {
            "overall": 0.29021358489990234,
            "0_unpack_graph": 0.02689957618713379,
            "1_filter": 0.04685616493225098,
            "2_rename": 0.021482229232788086,
            "3_filter": 0.04792642593383789,
            "4_drop": 0.022893190383911133,
            "5_compute_edge_combined_degree": 0.02675318717956543,
            "6_convert": 0.05201983451843262,
            "7_convert": 0.02348923683166504
        },
        "join_text_units_to_relationship_ids": {
            "overall": 0.12491774559020996,
            "0_select": 0.024068117141723633,
            "1_unroll": 0.02558612823486328,
            "2_aggregate_override": 0.02651500701904297,
            "3_select": 0.0247800350189209
        },
        "create_final_community_reports": {
            "overall": 248.38367176055908,
            "0_prepare_community_reports_nodes": 0.027557849884033203,
            "1_prepare_community_reports_edges": 0.027526378631591797,
            "2_restore_community_hierarchy": 0.028629541397094727,
            "3_prepare_community_reports": 0.06389665603637695,
            "4_create_community_reports": 248.18257689476013,
            "5_window": 0.027933835983276367
        },
        "create_final_text_units": {
            "overall": 0.21472930908203125,
            "0_select": 0.028527498245239258,
            "1_rename": 0.029006242752075195,
            "2_join": 0.03427624702453613,
            "3_join": 0.034363746643066406,
            "4_aggregate_override": 0.03146004676818848,
            "5_select": 0.02962040901184082
        },
        "create_base_documents": {
            "overall": 0.38169360160827637,
            "0_unroll": 0.03148651123046875,
            "1_select": 0.029864072799682617,
            "2_rename": 0.03550410270690918,
            "3_join": 0.05932307243347168,
            "4_aggregate_override": 0.03212451934814453,
            "5_join": 0.03564119338989258,
            "6_rename": 0.030660629272460938,
            "7_convert": 0.09770679473876953
        },
        "create_final_documents": {
            "overall": 0.06353497505187988,
            "0_rename": 0.03207588195800781
        }
    }
}