{
    "total_runtime": 927.427175283432,
    "num_documents": 20,
    "input_load_time": 0,
    "workflows": {
        "create_base_text_units": {
            "overall": 0.2957804203033447,
            "0_orderby": 0.003249645233154297,
            "1_zip": 0.0036215782165527344,
            "2_aggregate_override": 0.0062143802642822266,
            "3_chunk": 0.2335813045501709,
            "4_select": 0.004310131072998047,
            "5_unroll": 0.005820751190185547,
            "6_rename": 0.004484653472900391,
            "7_genid": 0.005242109298706055,
            "8_unzip": 0.0056798458099365234,
            "9_copy": 0.005187034606933594,
            "10_filter": 0.015650510787963867
        },
        "create_base_extracted_entities": {
            "overall": 489.13160133361816,
            "0_entity_extract": 489.05357122421265,
            "1_snapshot": 0.00982522964477539,
            "2_merge_graphs": 0.04270362854003906,
            "3_snapshot_rows": 0.019404172897338867
        },
        "create_summarized_entities": {
            "overall": 51.05218029022217,
            "0_summarize_descriptions": 51.034549713134766,
            "1_snapshot_rows": 0.008211851119995117
        },
        "create_base_entity_graph": {
            "overall": 0.07384896278381348,
            "0_cluster_graph": 0.03666543960571289,
            "1_snapshot_rows": 0.009930849075317383,
            "2_snapshot_rows": 0.010094404220581055,
            "3_select": 0.009129762649536133
        },
        "create_final_entities": {
            "overall": 8.311158657073975,
            "0_unpack_graph": 0.01802992820739746,
            "1_rename": 0.009741067886352539,
            "2_select": 0.01017451286315918,
            "3_dedupe": 0.010663986206054688,
            "4_rename": 0.010620832443237305,
            "5_filter": 0.0252225399017334,
            "6_text_split": 0.012799978256225586,
            "7_drop": 0.011702299118041992,
            "8_merge": 0.028081417083740234,
            "9_text_embed": 8.122746706008911,
            "10_drop": 0.012430429458618164,
            "11_filter": 0.029523849487304688
        },
        "create_final_nodes": {
            "overall": 0.2931854724884033,
            "0_layout_graph": 0.04456353187561035,
            "1_unpack_graph": 0.02231121063232422,
            "2_unpack_graph": 0.022349119186401367,
            "3_filter": 0.031415462493896484,
            "4_drop": 0.014203786849975586,
            "5_select": 0.014522790908813477,
            "6_snapshot": 0.015198707580566406,
            "7_rename": 0.015218257904052734,
            "8_join": 0.021811246871948242,
            "9_convert": 0.062349557876586914,
            "10_rename": 0.016100645065307617
        },
        "create_final_communities": {
            "overall": 0.37755894660949707,
            "0_unpack_graph": 0.02591681480407715,
            "1_unpack_graph": 0.02452564239501953,
            "2_aggregate_override": 0.019402742385864258,
            "3_join": 0.02393198013305664,
            "4_join": 0.023479461669921875,
            "5_concat": 0.018035173416137695,
            "6_filter": 0.05394721031188965,
            "7_aggregate_override": 0.02225971221923828,
            "8_join": 0.024048328399658203,
            "9_filter": 0.04270768165588379,
            "10_fill": 0.01952958106994629,
            "11_merge": 0.02294301986694336,
            "12_copy": 0.01981973648071289,
            "13_select": 0.020560503005981445
        },
        "join_text_units_to_entity_ids": {
            "overall": 0.08951234817504883,
            "0_select": 0.022103548049926758,
            "1_unroll": 0.02287435531616211,
            "2_aggregate_override": 0.023881912231445312
        },
        "create_final_relationships": {
            "overall": 0.2958216667175293,
            "0_unpack_graph": 0.030248403549194336,
            "1_filter": 0.048110246658325195,
            "2_rename": 0.022446155548095703,
            "3_filter": 0.05000782012939453,
            "4_drop": 0.023377180099487305,
            "5_compute_edge_combined_degree": 0.027637481689453125,
            "6_convert": 0.048050642013549805,
            "7_convert": 0.02414417266845703
        },
        "join_text_units_to_relationship_ids": {
            "overall": 0.13080978393554688,
            "0_select": 0.02427220344543457,
            "1_unroll": 0.027814626693725586,
            "2_aggregate_override": 0.02946162223815918,
            "3_select": 0.02541494369506836
        },
        "create_final_community_reports": {
            "overall": 372.65723991394043,
            "0_prepare_community_reports_nodes": 0.05539679527282715,
            "1_prepare_community_reports_edges": 0.027959346771240234,
            "2_restore_community_hierarchy": 0.030968666076660156,
            "3_prepare_community_reports": 0.1271224021911621,
            "4_create_community_reports": 372.36112332344055,
            "5_window": 0.028530597686767578
        },
        "create_final_text_units": {
            "overall": 0.2150113582611084,
            "0_select": 0.028292179107666016,
            "1_rename": 0.028228044509887695,
            "2_join": 0.03436422348022461,
            "3_join": 0.034515380859375,
            "4_aggregate_override": 0.03161287307739258,
            "5_select": 0.030254125595092773
        },
        "create_base_documents": {
            "overall": 0.36809253692626953,
            "0_unroll": 0.03208017349243164,
            "1_select": 0.030698299407958984,
            "2_rename": 0.03105783462524414,
            "3_join": 0.03611588478088379,
            "4_aggregate_override": 0.040554046630859375,
            "5_join": 0.039176225662231445,
            "6_rename": 0.0317385196685791,
            "7_convert": 0.09656763076782227
        },
        "create_final_documents": {
            "overall": 0.09816670417785645,
            "0_rename": 0.06408452987670898
        }
    }
}