{
    "total_runtime": 3574.987354516983,
    "num_documents": 20,
    "input_load_time": 0,
    "workflows": {
        "create_base_text_units": {
            "overall": 0.31689977645874023,
            "0_orderby": 0.003427743911743164,
            "1_zip": 0.00402522087097168,
            "2_aggregate_override": 0.00683140754699707,
            "3_chunk": 0.25207090377807617,
            "4_select": 0.00440216064453125,
            "5_unroll": 0.005942344665527344,
            "6_rename": 0.004595756530761719,
            "7_genid": 0.005318641662597656,
            "8_unzip": 0.00587773323059082,
            "9_copy": 0.00524139404296875,
            "10_filter": 0.0161740779876709
        },
        "create_base_extracted_entities": {
            "overall": 1868.4608645439148,
            "0_entity_extract": 1868.410882472992,
            "1_snapshot": 0.009554386138916016,
            "2_merge_graphs": 0.02569103240966797,
            "3_snapshot_rows": 0.008272171020507812
        },
        "create_summarized_entities": {
            "overall": 684.4963572025299,
            "0_summarize_descriptions": 684.4804611206055,
            "1_snapshot_rows": 0.008641719818115234
        },
        "create_base_entity_graph": {
            "overall": 0.06069517135620117,
            "0_cluster_graph": 0.023878097534179688,
            "1_snapshot_rows": 0.009389400482177734,
            "2_snapshot_rows": 0.010100364685058594,
            "3_select": 0.00931096076965332
        },
        "create_final_entities": {
            "overall": 169.56723356246948,
            "0_unpack_graph": 0.013545036315917969,
            "1_rename": 0.010109424591064453,
            "2_select": 0.010707855224609375,
            "3_dedupe": 0.010875940322875977,
            "4_rename": 0.010928153991699219,
            "5_filter": 0.026836872100830078,
            "6_text_split": 0.013088464736938477,
            "7_drop": 0.01215982437133789,
            "8_merge": 0.025771379470825195,
            "9_text_embed": 169.34745502471924,
            "10_drop": 0.023869037628173828,
            "11_filter": 0.052062273025512695
        },
        "create_final_nodes": {
            "overall": 0.28008413314819336,
            "0_layout_graph": 0.02971673011779785,
            "1_unpack_graph": 0.01882147789001465,
            "2_unpack_graph": 0.02040266990661621,
            "3_drop": 0.01415562629699707,
            "4_filter": 0.03315234184265137,
            "5_select": 0.015224456787109375,
            "6_snapshot": 0.015678882598876953,
            "7_rename": 0.0212554931640625,
            "8_join": 0.03087019920349121,
            "9_convert": 0.04939675331115723,
            "10_rename": 0.017716646194458008
        },
        "create_final_communities": {
            "overall": 0.35846543312072754,
            "0_unpack_graph": 0.02059197425842285,
            "1_unpack_graph": 0.02001786231994629,
            "2_aggregate_override": 0.01972365379333496,
            "3_join": 0.023983478546142578,
            "4_join": 0.023752450942993164,
            "5_concat": 0.018024444580078125,
            "6_filter": 0.04234743118286133,
            "7_aggregate_override": 0.02187323570251465,
            "8_join": 0.024678468704223633,
            "9_filter": 0.04353809356689453,
            "10_fill": 0.019737720489501953,
            "11_merge": 0.02195262908935547,
            "12_copy": 0.020581960678100586,
            "13_select": 0.020656824111938477
        },
        "join_text_units_to_entity_ids": {
            "overall": 0.09165644645690918,
            "0_select": 0.021915674209594727,
            "1_unroll": 0.023874521255493164,
            "2_aggregate_override": 0.025086164474487305
        },
        "create_final_relationships": {
            "overall": 0.3655116558074951,
            "0_unpack_graph": 0.026195049285888672,
            "1_filter": 0.048624515533447266,
            "2_rename": 0.022825956344604492,
            "3_filter": 0.05910634994506836,
            "4_drop": 0.03507542610168457,
            "5_compute_edge_combined_degree": 0.03785872459411621,
            "6_convert": 0.07388186454772949,
            "7_convert": 0.03975319862365723
        },
        "join_text_units_to_relationship_ids": {
            "overall": 0.16340279579162598,
            "0_select": 0.030567407608032227,
            "1_unroll": 0.034407854080200195,
            "2_aggregate_override": 0.03860330581665039,
            "3_select": 0.030870676040649414
        },
        "create_final_community_reports": {
            "overall": 845.663122177124,
            "0_prepare_community_reports_nodes": 0.034337520599365234,
            "1_prepare_community_reports_edges": 0.033425331115722656,
            "2_restore_community_hierarchy": 0.037790775299072266,
            "3_prepare_community_reports": 0.07115316390991211,
            "4_create_community_reports": 845.4247596263885,
            "5_window": 0.028046846389770508
        },
        "create_final_text_units": {
            "overall": 0.21816015243530273,
            "0_select": 0.029048919677734375,
            "1_rename": 0.028760194778442383,
            "2_join": 0.03620409965515137,
            "3_join": 0.034380435943603516,
            "4_aggregate_override": 0.031899213790893555,
            "5_select": 0.03003525733947754
        },
        "create_base_documents": {
            "overall": 0.4079132080078125,
            "0_unroll": 0.03245401382446289,
            "1_select": 0.03584098815917969,
            "2_rename": 0.053534507751464844,
            "3_join": 0.036036014556884766,
            "4_aggregate_override": 0.03307604789733887,
            "5_join": 0.03749418258666992,
            "6_rename": 0.04999566078186035,
            "7_convert": 0.09932708740234375
        },
        "create_final_documents": {
            "overall": 0.06747841835021973,
            "0_rename": 0.03374290466308594
        }
    }
}