{
    "total_runtime": 2097.850866317749,
    "num_documents": 20,
    "input_load_time": 0,
    "workflows": {
        "create_base_text_units": {
            "overall": 0.2856764793395996,
            "0_orderby": 0.0031261444091796875,
            "1_zip": 0.003489971160888672,
            "2_aggregate_override": 0.006042003631591797,
            "3_chunk": 0.2249305248260498,
            "4_select": 0.004201412200927734,
            "5_unroll": 0.005597829818725586,
            "6_rename": 0.0043714046478271484,
            "7_genid": 0.005247831344604492,
            "8_unzip": 0.005616426467895508,
            "9_copy": 0.004971981048583984,
            "10_filter": 0.015515327453613281
        },
        "create_base_extracted_entities": {
            "overall": 1868.514850139618,
            "0_entity_extract": 1868.4669947624207,
            "1_snapshot": 0.009697437286376953,
            "2_merge_graphs": 0.024271011352539062,
            "3_snapshot_rows": 0.007877349853515625
        },
        "create_summarized_entities": {
            "overall": 68.571772813797,
            "0_summarize_descriptions": 68.55677652359009,
            "1_snapshot_rows": 0.008114099502563477
        },
        "create_base_entity_graph": {
            "overall": 0.06197476387023926,
            "0_cluster_graph": 0.02673029899597168,
            "1_snapshot_rows": 0.009121417999267578,
            "2_snapshot_rows": 0.009087085723876953,
            "3_select": 0.00916743278503418
        },
        "create_final_entities": {
            "overall": 10.897693634033203,
            "0_unpack_graph": 0.014169692993164062,
            "1_rename": 0.009551763534545898,
            "2_select": 0.010076522827148438,
            "3_dedupe": 0.010358810424804688,
            "4_rename": 0.010339975357055664,
            "5_filter": 0.02520132064819336,
            "6_text_split": 0.012538433074951172,
            "7_drop": 0.010931730270385742,
            "8_merge": 0.03184938430786133,
            "9_text_embed": 10.711661338806152,
            "10_drop": 0.01235342025756836,
            "11_filter": 0.0290372371673584
        },
        "create_final_nodes": {
            "overall": 0.25611042976379395,
            "0_layout_graph": 0.03036189079284668,
            "1_unpack_graph": 0.018277406692504883,
            "2_unpack_graph": 0.01821589469909668,
            "3_filter": 0.03137040138244629,
            "4_drop": 0.01399683952331543,
            "5_select": 0.014426231384277344,
            "6_snapshot": 0.015219688415527344,
            "7_rename": 0.01486968994140625,
            "8_join": 0.021732807159423828,
            "9_convert": 0.048712730407714844,
            "10_rename": 0.0158841609954834
        },
        "create_final_communities": {
            "overall": 0.3527085781097412,
            "0_unpack_graph": 0.02137303352355957,
            "1_unpack_graph": 0.020722150802612305,
            "2_aggregate_override": 0.019574642181396484,
            "3_join": 0.023184776306152344,
            "4_join": 0.023158550262451172,
            "5_concat": 0.017894983291625977,
            "6_filter": 0.04139542579650879,
            "7_aggregate_override": 0.0209958553314209,
            "8_join": 0.025448322296142578,
            "9_filter": 0.04255104064941406,
            "10_fill": 0.019141435623168945,
            "11_merge": 0.020676374435424805,
            "12_copy": 0.019748210906982422,
            "13_select": 0.0205686092376709
        },
        "join_text_units_to_entity_ids": {
            "overall": 0.08821940422058105,
            "0_select": 0.021059036254882812,
            "1_unroll": 0.022731781005859375,
            "2_aggregate_override": 0.023902416229248047
        },
        "create_final_relationships": {
            "overall": 0.2879462242126465,
            "0_unpack_graph": 0.02635645866394043,
            "1_filter": 0.04730391502380371,
            "2_rename": 0.022305011749267578,
            "3_filter": 0.04849696159362793,
            "4_drop": 0.022800207138061523,
            "5_compute_edge_combined_degree": 0.027668476104736328,
            "6_convert": 0.047249555587768555,
            "7_convert": 0.02351689338684082
        },
        "join_text_units_to_relationship_ids": {
            "overall": 0.12862801551818848,
            "0_select": 0.024651288986206055,
            "1_unroll": 0.026859760284423828,
            "2_aggregate_override": 0.027511119842529297,
            "3_select": 0.0257875919342041
        },
        "create_final_community_reports": {
            "overall": 143.8189947605133,
            "0_prepare_community_reports_nodes": 0.02760791778564453,
            "1_prepare_community_reports_edges": 0.027744293212890625,
            "2_restore_community_hierarchy": 0.02940821647644043,
            "3_prepare_community_reports": 0.051169395446777344,
            "4_create_community_reports": 143.6282947063446,
            "5_window": 0.028054475784301758
        },
        "create_final_text_units": {
            "overall": 0.20998620986938477,
            "0_select": 0.027539491653442383,
            "1_rename": 0.027899503707885742,
            "2_join": 0.033875226974487305,
            "3_join": 0.03371763229370117,
            "4_aggregate_override": 0.03087639808654785,
            "5_select": 0.02895045280456543
        },
        "create_base_documents": {
            "overall": 0.35552406311035156,
            "0_unroll": 0.03169989585876465,
            "1_select": 0.030032634735107422,
            "2_rename": 0.030478477478027344,
            "3_join": 0.03606700897216797,
            "4_aggregate_override": 0.03266477584838867,
            "5_join": 0.03667020797729492,
            "6_rename": 0.031983137130737305,
            "7_convert": 0.09605169296264648
        },
        "create_final_documents": {
            "overall": 0.06554603576660156,
            "0_rename": 0.03340959548950195
        }
    }
}