{
    "total_runtime": 3059.1899671554565,
    "num_documents": 20,
    "input_load_time": 0,
    "workflows": {
        "create_base_text_units": {
            "overall": 0.3024904727935791,
            "0_orderby": 0.003341197967529297,
            "1_zip": 0.0036995410919189453,
            "2_aggregate_override": 0.006436347961425781,
            "3_chunk": 0.23647069931030273,
            "4_select": 0.004502773284912109,
            "5_unroll": 0.005753517150878906,
            "6_rename": 0.004528999328613281,
            "7_genid": 0.008017539978027344,
            "8_unzip": 0.005706071853637695,
            "9_copy": 0.005106449127197266,
            "10_filter": 0.015902042388916016
        },
        "create_base_extracted_entities": {
            "overall": 722.8248586654663,
            "0_entity_extract": 722.7719848155975,
            "1_snapshot": 0.010527849197387695,
            "2_merge_graphs": 0.0279998779296875,
            "3_snapshot_rows": 0.00788116455078125
        },
        "create_summarized_entities": {
            "overall": 67.68862056732178,
            "0_summarize_descriptions": 67.67219758033752,
            "1_snapshot_rows": 0.008919715881347656
        },
        "create_base_entity_graph": {
            "overall": 0.07150554656982422,
            "0_cluster_graph": 0.032260894775390625,
            "1_snapshot_rows": 0.009944438934326172,
            "2_snapshot_rows": 0.010833501815795898,
            "3_select": 0.00993800163269043
        },
        "create_final_entities": {
            "overall": 1545.4575562477112,
            "0_unpack_graph": 0.015436887741088867,
            "1_rename": 0.010021686553955078,
            "2_select": 0.010598182678222656,
            "3_dedupe": 0.011034250259399414,
            "4_rename": 0.01076054573059082,
            "5_filter": 0.02619457244873047,
            "6_text_split": 0.01891469955444336,
            "7_drop": 0.017525911331176758,
            "8_merge": 0.03524637222290039,
            "9_text_embed": 1545.2471346855164,
            "10_drop": 0.01336359977722168,
            "11_filter": 0.031485557556152344
        },
        "create_final_nodes": {
            "overall": 0.2820589542388916,
            "0_layout_graph": 0.0351717472076416,
            "1_unpack_graph": 0.025813579559326172,
            "2_unpack_graph": 0.020663976669311523,
            "3_drop": 0.014774560928344727,
            "4_filter": 0.033412933349609375,
            "5_select": 0.015056848526000977,
            "6_snapshot": 0.01628732681274414,
            "7_rename": 0.01546931266784668,
            "8_convert": 0.05045294761657715,
            "9_join": 0.023877859115600586,
            "10_rename": 0.01699066162109375
        },
        "create_final_communities": {
            "overall": 0.40325355529785156,
            "0_unpack_graph": 0.022686243057250977,
            "1_unpack_graph": 0.023299455642700195,
            "2_aggregate_override": 0.020560264587402344,
            "3_join": 0.02468729019165039,
            "4_join": 0.02463388442993164,
            "5_concat": 0.01868128776550293,
            "6_filter": 0.04404282569885254,
            "7_aggregate_override": 0.02280735969543457,
            "8_join": 0.025527000427246094,
            "9_filter": 0.04726362228393555,
            "10_fill": 0.020250320434570312,
            "11_merge": 0.02184295654296875,
            "12_copy": 0.020497798919677734,
            "13_select": 0.020595550537109375
        },
        "join_text_units_to_entity_ids": {
            "overall": 0.0947256088256836,
            "0_select": 0.02175140380859375,
            "1_unroll": 0.023523807525634766,
            "2_aggregate_override": 0.028020858764648438
        },
        "create_final_relationships": {
            "overall": 0.29734325408935547,
            "0_unpack_graph": 0.028429031372070312,
            "1_filter": 0.04849982261657715,
            "2_rename": 0.023118257522583008,
            "3_filter": 0.051615238189697266,
            "4_drop": 0.023317813873291016,
            "5_compute_edge_combined_degree": 0.02721095085144043,
            "6_convert": 0.048587799072265625,
            "7_convert": 0.024413347244262695
        },
        "join_text_units_to_relationship_ids": {
            "overall": 0.13186407089233398,
            "0_select": 0.024604320526123047,
            "1_unroll": 0.029593229293823242,
            "2_aggregate_override": 0.027395963668823242,
            "3_select": 0.025798559188842773
        },
        "create_final_community_reports": {
            "overall": 716.503660440445,
            "0_prepare_community_reports_nodes": 0.02988266944885254,
            "1_prepare_community_reports_edges": 0.028156280517578125,
            "2_restore_community_hierarchy": 0.03515958786010742,
            "3_prepare_community_reports": 0.056403160095214844,
            "4_create_community_reports": 716.2987110614777,
            "5_window": 0.029338836669921875
        },
        "create_final_text_units": {
            "overall": 0.2832834720611572,
            "0_select": 0.056481361389160156,
            "1_rename": 0.029545307159423828,
            "2_join": 0.035735130310058594,
            "3_join": 0.03446221351623535,
            "4_aggregate_override": 0.04505443572998047,
            "5_select": 0.05237865447998047
        },
        "create_base_documents": {
            "overall": 0.363797664642334,
            "0_unroll": 0.0320439338684082,
            "1_select": 0.0302889347076416,
            "2_rename": 0.030543804168701172,
            "3_join": 0.03701281547546387,
            "4_aggregate_override": 0.0335841178894043,
            "5_join": 0.038129329681396484,
            "6_rename": 0.03264307975769043,
            "7_convert": 0.09931182861328125
        },
        "create_final_documents": {
            "overall": 0.06745457649230957,
            "0_rename": 0.03367257118225098
        }
    }
}