{
    "total_runtime": 727.7932162284851,
    "num_documents": 20,
    "input_load_time": 0,
    "workflows": {
        "create_base_text_units": {
            "overall": 0.2817728519439697,
            "0_orderby": 0.0031545162200927734,
            "1_zip": 0.003495931625366211,
            "2_aggregate_override": 0.005982875823974609,
            "3_chunk": 0.21634840965270996,
            "4_select": 0.004118204116821289,
            "5_unroll": 0.005503177642822266,
            "6_rename": 0.004543304443359375,
            "7_genid": 0.006607532501220703,
            "8_unzip": 0.008689641952514648,
            "9_copy": 0.005284786224365234,
            "10_filter": 0.015513420104980469
        },
        "create_base_extracted_entities": {
            "overall": 632.5245649814606,
            "0_entity_extract": 632.474627494812,
            "1_snapshot": 0.009682893753051758,
            "2_merge_graphs": 0.02730584144592285,
            "3_snapshot_rows": 0.00690913200378418
        },
        "create_summarized_entities": {
            "overall": 25.839781999588013,
            "0_summarize_descriptions": 25.825018405914307,
            "1_snapshot_rows": 0.007939338684082031
        },
        "create_base_entity_graph": {
            "overall": 0.06285285949707031,
            "0_cluster_graph": 0.028084754943847656,
            "1_snapshot_rows": 0.008864879608154297,
            "2_snapshot_rows": 0.009074926376342773,
            "3_select": 0.0090484619140625
        },
        "create_final_entities": {
            "overall": 11.472806215286255,
            "0_unpack_graph": 0.014764547348022461,
            "1_rename": 0.00983572006225586,
            "2_select": 0.01018214225769043,
            "3_dedupe": 0.010329484939575195,
            "4_rename": 0.010295867919921875,
            "5_filter": 0.025356292724609375,
            "6_text_split": 0.01260828971862793,
            "7_drop": 0.011067390441894531,
            "8_merge": 0.032834529876708984,
            "9_text_embed": 11.283475160598755,
            "10_drop": 0.012742042541503906,
            "11_filter": 0.030115604400634766
        },
        "create_final_nodes": {
            "overall": 0.2590947151184082,
            "0_layout_graph": 0.03317856788635254,
            "1_unpack_graph": 0.018891334533691406,
            "2_unpack_graph": 0.018949508666992188,
            "3_filter": 0.030687332153320312,
            "4_drop": 0.014320611953735352,
            "5_select": 0.01453709602355957,
            "6_snapshot": 0.015021562576293945,
            "7_rename": 0.015584945678710938,
            "8_join": 0.020823001861572266,
            "9_convert": 0.04834747314453125,
            "10_rename": 0.01589059829711914
        },
        "create_final_communities": {
            "overall": 0.3508751392364502,
            "0_unpack_graph": 0.02167367935180664,
            "1_unpack_graph": 0.020792484283447266,
            "2_aggregate_override": 0.019838809967041016,
            "3_join": 0.023324251174926758,
            "4_join": 0.02325272560119629,
            "5_concat": 0.017786502838134766,
            "6_filter": 0.04072427749633789,
            "7_aggregate_override": 0.021336793899536133,
            "8_join": 0.024305343627929688,
            "9_filter": 0.04192852973937988,
            "10_fill": 0.019414663314819336,
            "11_merge": 0.020559072494506836,
            "12_copy": 0.019873857498168945,
            "13_select": 0.019833803176879883
        },
        "join_text_units_to_entity_ids": {
            "overall": 0.08730673789978027,
            "0_select": 0.02080845832824707,
            "1_unroll": 0.022432565689086914,
            "2_aggregate_override": 0.02359914779663086
        },
        "create_final_relationships": {
            "overall": 0.2870171070098877,
            "0_unpack_graph": 0.027376174926757812,
            "1_filter": 0.04692983627319336,
            "2_rename": 0.022431373596191406,
            "3_filter": 0.04886317253112793,
            "4_drop": 0.0227963924407959,
            "5_compute_edge_combined_degree": 0.026451587677001953,
            "6_convert": 0.04620194435119629,
            "7_convert": 0.02427387237548828
        },
        "join_text_units_to_relationship_ids": {
            "overall": 0.1535947322845459,
            "0_select": 0.024428844451904297,
            "1_unroll": 0.026259183883666992,
            "2_aggregate_override": 0.053434133529663086,
            "3_select": 0.025000333786010742
        },
        "create_final_community_reports": {
            "overall": 52.04385733604431,
            "0_prepare_community_reports_nodes": 0.02879047393798828,
            "1_prepare_community_reports_edges": 0.027837514877319336,
            "2_restore_community_hierarchy": 0.02944779396057129,
            "3_prepare_community_reports": 0.04650163650512695,
            "4_create_community_reports": 51.8567852973938,
            "5_window": 0.027430057525634766
        },
        "create_final_text_units": {
            "overall": 0.21021270751953125,
            "0_select": 0.028098106384277344,
            "1_rename": 0.02783966064453125,
            "2_join": 0.033515214920043945,
            "3_join": 0.033478736877441406,
            "4_aggregate_override": 0.031279802322387695,
            "5_select": 0.02811741828918457
        },
        "create_base_documents": {
            "overall": 0.40736889839172363,
            "0_unroll": 0.03093242645263672,
            "1_select": 0.0298459529876709,
            "2_rename": 0.029532194137573242,
            "3_join": 0.0345005989074707,
            "4_aggregate_override": 0.032498836517333984,
            "5_join": 0.03595900535583496,
            "6_rename": 0.031063318252563477,
            "7_convert": 0.15272784233093262
        },
        "create_final_documents": {
            "overall": 0.06426191329956055,
            "0_rename": 0.03229355812072754
        }
    }
}