{
    "total_runtime": 1826.1498680114746,
    "num_documents": 20,
    "input_load_time": 0,
    "workflows": {
        "create_base_text_units": {
            "overall": 0.32676148414611816,
            "0_orderby": 0.0034635066986083984,
            "1_zip": 0.0036034584045410156,
            "2_aggregate_override": 0.006509304046630859,
            "3_chunk": 0.2589590549468994,
            "4_select": 0.0061092376708984375,
            "5_unroll": 0.0058746337890625,
            "6_rename": 0.004496097564697266,
            "7_genid": 0.006505250930786133,
            "8_unzip": 0.005604743957519531,
            "9_copy": 0.005974769592285156,
            "10_filter": 0.016896963119506836
        },
        "create_base_extracted_entities": {
            "overall": 1079.267161846161,
            "0_entity_extract": 1079.2134203910828,
            "1_snapshot": 0.010271310806274414,
            "2_merge_graphs": 0.029792308807373047,
            "3_snapshot_rows": 0.0076122283935546875
        },
        "create_summarized_entities": {
            "overall": 72.34794926643372,
            "0_summarize_descriptions": 72.3318042755127,
            "1_snapshot_rows": 0.009227991104125977
        },
        "create_base_entity_graph": {
            "overall": 0.08822989463806152,
            "0_cluster_graph": 0.048354148864746094,
            "1_snapshot_rows": 0.011599540710449219,
            "2_snapshot_rows": 0.01092219352722168,
            "3_select": 0.009181499481201172
        },
        "create_final_entities": {
            "overall": 13.586716651916504,
            "0_unpack_graph": 0.0216367244720459,
            "1_rename": 0.01000666618347168,
            "2_select": 0.010564804077148438,
            "3_dedupe": 0.01089620590209961,
            "4_rename": 0.01075887680053711,
            "5_filter": 0.025371313095092773,
            "6_text_split": 0.014954090118408203,
            "7_drop": 0.01211237907409668,
            "8_merge": 0.03845024108886719,
            "9_text_embed": 13.37864065170288,
            "10_drop": 0.013897418975830078,
            "11_filter": 0.029136180877685547
        },
        "create_final_nodes": {
            "overall": 0.30812644958496094,
            "0_layout_graph": 0.05749392509460449,
            "1_unpack_graph": 0.03090381622314453,
            "2_unpack_graph": 0.026026248931884766,
            "3_drop": 0.014092683792114258,
            "4_filter": 0.03506588935852051,
            "5_select": 0.014508247375488281,
            "6_snapshot": 0.015456199645996094,
            "7_rename": 0.015089988708496094,
            "8_join": 0.021791934967041016,
            "9_convert": 0.04858851432800293,
            "10_rename": 0.01632833480834961
        },
        "create_final_communities": {
            "overall": 0.4027750492095947,
            "0_unpack_graph": 0.028383731842041016,
            "1_unpack_graph": 0.027149438858032227,
            "2_aggregate_override": 0.01986241340637207,
            "3_join": 0.02535247802734375,
            "4_join": 0.02390122413635254,
            "5_concat": 0.017881155014038086,
            "6_filter": 0.05350041389465332,
            "7_aggregate_override": 0.022142887115478516,
            "8_join": 0.024070262908935547,
            "9_filter": 0.042037248611450195,
            "10_fill": 0.01898932456970215,
            "11_merge": 0.023218393325805664,
            "12_copy": 0.024960756301879883,
            "13_select": 0.03475546836853027
        },
        "join_text_units_to_entity_ids": {
            "overall": 0.08757805824279785,
            "0_select": 0.020943880081176758,
            "1_unroll": 0.02238607406616211,
            "2_aggregate_override": 0.024002790451049805
        },
        "create_final_relationships": {
            "overall": 0.3221149444580078,
            "0_unpack_graph": 0.033121347427368164,
            "1_filter": 0.05063772201538086,
            "2_rename": 0.023083925247192383,
            "3_filter": 0.04813075065612793,
            "4_drop": 0.022780895233154297,
            "5_compute_edge_combined_degree": 0.027184247970581055,
            "6_convert": 0.07000350952148438,
            "7_convert": 0.025371551513671875
        },
        "join_text_units_to_relationship_ids": {
            "overall": 0.1278550624847412,
            "0_select": 0.024424076080322266,
            "1_unroll": 0.025771379470825195,
            "2_aggregate_override": 0.027381181716918945,
            "3_select": 0.025595426559448242
        },
        "create_final_community_reports": {
            "overall": 653.6055550575256,
            "0_prepare_community_reports_nodes": 0.029624223709106445,
            "1_prepare_community_reports_edges": 0.027785062789916992,
            "2_restore_community_hierarchy": 0.03031182289123535,
            "3_prepare_community_reports": 0.15956711769104004,
            "4_create_community_reports": 653.303200006485,
            "5_window": 0.029194116592407227
        },
        "create_final_text_units": {
            "overall": 0.2235853672027588,
            "0_select": 0.0284731388092041,
            "1_rename": 0.029282808303833008,
            "2_join": 0.03592228889465332,
            "3_join": 0.03645205497741699,
            "4_aggregate_override": 0.03551793098449707,
            "5_select": 0.030403614044189453
        },
        "create_base_documents": {
            "overall": 0.5413811206817627,
            "0_unroll": 0.032149553298950195,
            "1_select": 0.03199195861816406,
            "2_rename": 0.031554222106933594,
            "3_join": 0.05535483360290527,
            "4_aggregate_override": 0.05272269248962402,
            "5_join": 0.05853462219238281,
            "6_rename": 0.04484891891479492,
            "7_convert": 0.2037215232849121
        },
        "create_final_documents": {
            "overall": 0.09130620956420898,
            "0_rename": 0.04616570472717285
        }
    }
}