{
    "total_runtime": 1333.4720780849457,
    "num_documents": 20,
    "input_load_time": 0,
    "workflows": {
        "create_base_text_units": {
            "overall": 0.3170440196990967,
            "0_orderby": 0.0032553672790527344,
            "1_zip": 0.0037374496459960938,
            "2_aggregate_override": 0.006536722183227539,
            "3_chunk": 0.2512247562408447,
            "4_select": 0.004431009292602539,
            "5_unroll": 0.005883693695068359,
            "6_rename": 0.004599571228027344,
            "7_genid": 0.0055277347564697266,
            "8_unzip": 0.0063245296478271484,
            "9_copy": 0.005966663360595703,
            "10_filter": 0.016756057739257812
        },
        "create_base_extracted_entities": {
            "overall": 970.5831484794617,
            "0_entity_extract": 970.5319447517395,
            "1_snapshot": 0.009888410568237305,
            "2_merge_graphs": 0.027262449264526367,
            "3_snapshot_rows": 0.007813215255737305
        },
        "create_summarized_entities": {
            "overall": 31.116750478744507,
            "0_summarize_descriptions": 31.10075879096985,
            "1_snapshot_rows": 0.008961915969848633
        },
        "create_base_entity_graph": {
            "overall": 0.07086348533630371,
            "0_cluster_graph": 0.02624964714050293,
            "1_snapshot_rows": 0.018323183059692383,
            "2_snapshot_rows": 0.009259939193725586,
            "3_select": 0.009097814559936523
        },
        "create_final_entities": {
            "overall": 9.233402490615845,
            "0_unpack_graph": 0.014865636825561523,
            "1_rename": 0.010539054870605469,
            "2_select": 0.01039433479309082,
            "3_dedupe": 0.010646581649780273,
            "4_rename": 0.010575056076049805,
            "5_filter": 0.025992155075073242,
            "6_text_split": 0.012542247772216797,
            "7_drop": 0.011387109756469727,
            "8_merge": 0.028558731079101562,
            "9_text_embed": 9.04582667350769,
            "10_drop": 0.012543439865112305,
            "11_filter": 0.02977919578552246
        },
        "create_final_nodes": {
            "overall": 0.3106503486633301,
            "0_layout_graph": 0.030772686004638672,
            "1_unpack_graph": 0.018175840377807617,
            "2_unpack_graph": 0.017783641815185547,
            "3_filter": 0.03136301040649414,
            "4_drop": 0.014212846755981445,
            "5_select": 0.014491558074951172,
            "6_snapshot": 0.021592140197753906,
            "7_rename": 0.030722379684448242,
            "8_convert": 0.0791480541229248,
            "9_join": 0.023018598556518555,
            "10_rename": 0.01609659194946289
        },
        "create_final_communities": {
            "overall": 0.36366987228393555,
            "0_unpack_graph": 0.022335052490234375,
            "1_unpack_graph": 0.021462678909301758,
            "2_aggregate_override": 0.02056288719177246,
            "3_join": 0.024245262145996094,
            "4_join": 0.02415180206298828,
            "5_concat": 0.018169641494750977,
            "6_filter": 0.04169654846191406,
            "7_aggregate_override": 0.021909236907958984,
            "8_join": 0.02542281150817871,
            "9_filter": 0.04355144500732422,
            "10_fill": 0.01982426643371582,
            "11_merge": 0.022211074829101562,
            "12_copy": 0.020470142364501953,
            "13_select": 0.02042078971862793
        },
        "join_text_units_to_entity_ids": {
            "overall": 0.09296226501464844,
            "0_select": 0.02286243438720703,
            "1_unroll": 0.023976564407348633,
            "2_aggregate_override": 0.02550220489501953
        },
        "create_final_relationships": {
            "overall": 0.30188941955566406,
            "0_unpack_graph": 0.028486251831054688,
            "1_filter": 0.04951000213623047,
            "2_rename": 0.0238950252532959,
            "3_filter": 0.05144810676574707,
            "4_drop": 0.023981094360351562,
            "5_compute_edge_combined_degree": 0.02878546714782715,
            "6_convert": 0.04813718795776367,
            "7_convert": 0.02455759048461914
        },
        "join_text_units_to_relationship_ids": {
            "overall": 0.14092302322387695,
            "0_select": 0.026169538497924805,
            "1_unroll": 0.028531789779663086,
            "2_aggregate_override": 0.02901315689086914,
            "3_select": 0.03223538398742676
        },
        "create_final_community_reports": {
            "overall": 316.1050660610199,
            "0_prepare_community_reports_nodes": 0.029665231704711914,
            "1_prepare_community_reports_edges": 0.02892589569091797,
            "2_restore_community_hierarchy": 0.03033590316772461,
            "3_prepare_community_reports": 0.059354543685913086,
            "4_create_community_reports": 315.9005916118622,
            "5_window": 0.02850818634033203
        },
        "create_final_text_units": {
            "overall": 0.21323537826538086,
            "0_select": 0.027977466583251953,
            "1_rename": 0.027992963790893555,
            "2_join": 0.03414654731750488,
            "3_join": 0.03418254852294922,
            "4_aggregate_override": 0.0316922664642334,
            "5_select": 0.029265642166137695
        },
        "create_base_documents": {
            "overall": 0.40723609924316406,
            "0_unroll": 0.06198000907897949,
            "1_select": 0.03127431869506836,
            "2_rename": 0.04845881462097168,
            "3_join": 0.0370330810546875,
            "4_aggregate_override": 0.03326416015625,
            "5_join": 0.03791451454162598,
            "6_rename": 0.031772613525390625,
            "7_convert": 0.09520721435546875
        },
        "create_final_documents": {
            "overall": 0.06528568267822266,
            "0_rename": 0.032738447189331055
        }
    }
}