{
    "total_runtime": 799.4683706760406,
    "num_documents": 20,
    "input_load_time": 0,
    "workflows": {
        "create_base_text_units": {
            "overall": 0.276151180267334,
            "0_orderby": 0.0029404163360595703,
            "1_zip": 0.0034012794494628906,
            "2_aggregate_override": 0.005938529968261719,
            "3_chunk": 0.217315673828125,
            "4_select": 0.004106044769287109,
            "5_unroll": 0.00550389289855957,
            "6_rename": 0.004202604293823242,
            "7_genid": 0.005044698715209961,
            "8_unzip": 0.005404472351074219,
            "9_copy": 0.004756450653076172,
            "10_filter": 0.014915227890014648
        },
        "create_base_extracted_entities": {
            "overall": 661.8198843002319,
            "0_entity_extract": 661.7668571472168,
            "1_snapshot": 0.010717630386352539,
            "2_merge_graphs": 0.029306650161743164,
            "3_snapshot_rows": 0.007200002670288086
        },
        "create_summarized_entities": {
            "overall": 24.64064383506775,
            "0_summarize_descriptions": 24.62567114830017,
            "1_snapshot_rows": 0.008106470108032227
        },
        "create_base_entity_graph": {
            "overall": 0.06191754341125488,
            "0_cluster_graph": 0.02729201316833496,
            "1_snapshot_rows": 0.009074211120605469,
            "2_snapshot_rows": 0.009170055389404297,
            "3_select": 0.008887290954589844
        },
        "create_final_entities": {
            "overall": 10.738035917282104,
            "0_unpack_graph": 0.014163732528686523,
            "1_rename": 0.009552001953125,
            "2_select": 0.01006770133972168,
            "3_dedupe": 0.010330438613891602,
            "4_rename": 0.010339736938476562,
            "5_filter": 0.02526545524597168,
            "6_text_split": 0.013010025024414062,
            "7_drop": 0.011049747467041016,
            "8_merge": 0.03210926055908203,
            "9_text_embed": 10.549726724624634,
            "10_drop": 0.013113975524902344,
            "11_filter": 0.030051469802856445
        },
        "create_final_nodes": {
            "overall": 0.255765438079834,
            "0_layout_graph": 0.031002521514892578,
            "1_unpack_graph": 0.018820524215698242,
            "2_unpack_graph": 0.018060684204101562,
            "3_filter": 0.03131747245788574,
            "4_drop": 0.013819456100463867,
            "5_select": 0.01480555534362793,
            "6_snapshot": 0.01506185531616211,
            "7_rename": 0.014961957931518555,
            "8_join": 0.02094888687133789,
            "9_convert": 0.04810929298400879,
            "10_rename": 0.01618647575378418
        },
        "create_final_communities": {
            "overall": 0.3474409580230713,
            "0_unpack_graph": 0.021056175231933594,
            "1_unpack_graph": 0.020376205444335938,
            "2_aggregate_override": 0.02023601531982422,
            "3_join": 0.022985458374023438,
            "4_join": 0.02290821075439453,
            "5_concat": 0.017966747283935547,
            "6_filter": 0.040938615798950195,
            "7_aggregate_override": 0.020992517471313477,
            "8_join": 0.023858308792114258,
            "9_filter": 0.04137754440307617,
            "10_fill": 0.018904924392700195,
            "11_merge": 0.019861459732055664,
            "12_copy": 0.019877195358276367,
            "13_select": 0.019861221313476562
        },
        "join_text_units_to_entity_ids": {
            "overall": 0.08682608604431152,
            "0_select": 0.021300792694091797,
            "1_unroll": 0.022028207778930664,
            "2_aggregate_override": 0.02364635467529297
        },
        "create_final_relationships": {
            "overall": 0.2884805202484131,
            "0_unpack_graph": 0.026053428649902344,
            "1_filter": 0.04766988754272461,
            "2_rename": 0.02293539047241211,
            "3_filter": 0.04869341850280762,
            "4_drop": 0.023128986358642578,
            "5_compute_edge_combined_degree": 0.027430057525634766,
            "6_convert": 0.046417236328125,
            "7_convert": 0.024202585220336914
        },
        "join_text_units_to_relationship_ids": {
            "overall": 0.14990472793579102,
            "0_select": 0.024193286895751953,
            "1_unroll": 0.031154632568359375,
            "2_aggregate_override": 0.04512834548950195,
            "3_select": 0.02486586570739746
        },
        "create_final_community_reports": {
            "overall": 96.328782081604,
            "0_prepare_community_reports_nodes": 0.027460813522338867,
            "1_prepare_community_reports_edges": 0.028503894805908203,
            "2_restore_community_hierarchy": 0.028995752334594727,
            "3_prepare_community_reports": 0.049028873443603516,
            "4_create_community_reports": 96.14139366149902,
            "5_window": 0.02749919891357422
        },
        "create_final_text_units": {
            "overall": 0.21091532707214355,
            "0_select": 0.027862548828125,
            "1_rename": 0.028663158416748047,
            "2_join": 0.03380703926086426,
            "3_join": 0.03381657600402832,
            "4_aggregate_override": 0.03072524070739746,
            "5_select": 0.028740882873535156
        },
        "create_base_documents": {
            "overall": 0.38340163230895996,
            "0_unroll": 0.031408071517944336,
            "1_select": 0.030128002166748047,
            "2_rename": 0.029677391052246094,
            "3_join": 0.04136490821838379,
            "4_aggregate_override": 0.05556130409240723,
            "5_join": 0.035830020904541016,
            "6_rename": 0.030585765838623047,
            "7_convert": 0.09564566612243652
        },
        "create_final_documents": {
            "overall": 0.06398940086364746,
            "0_rename": 0.03238868713378906
        }
    }
}