{
    "total_runtime": 1257.7907333374023,
    "num_documents": 20,
    "input_load_time": 0,
    "workflows": {
        "create_base_text_units": {
            "overall": 0.2828810214996338,
            "0_orderby": 0.003209829330444336,
            "1_zip": 0.0035512447357177734,
            "2_aggregate_override": 0.006118059158325195,
            "3_chunk": 0.22172236442565918,
            "4_select": 0.004153728485107422,
            "5_unroll": 0.005800724029541016,
            "6_rename": 0.004376888275146484,
            "7_genid": 0.00509953498840332,
            "8_unzip": 0.005591154098510742,
            "9_copy": 0.005179643630981445,
            "10_filter": 0.015394926071166992
        },
        "create_base_extracted_entities": {
            "overall": 694.5832476615906,
            "0_entity_extract": 694.5333161354065,
            "1_snapshot": 0.009540796279907227,
            "2_merge_graphs": 0.02742147445678711,
            "3_snapshot_rows": 0.0070574283599853516
        },
        "create_summarized_entities": {
            "overall": 39.73143124580383,
            "0_summarize_descriptions": 39.71519708633423,
            "1_snapshot_rows": 0.00806879997253418
        },
        "create_base_entity_graph": {
            "overall": 0.0768740177154541,
            "0_cluster_graph": 0.041059017181396484,
            "1_snapshot_rows": 0.00951242446899414,
            "2_snapshot_rows": 0.009652137756347656,
            "3_select": 0.008909463882446289
        },
        "create_final_entities": {
            "overall": 11.043455600738525,
            "0_unpack_graph": 0.019266843795776367,
            "1_rename": 0.009533405303955078,
            "2_select": 0.009832382202148438,
            "3_dedupe": 0.011157035827636719,
            "4_rename": 0.010376691818237305,
            "5_filter": 0.02452826499938965,
            "6_text_split": 0.01251220703125,
            "7_drop": 0.011152982711791992,
            "8_merge": 0.04361867904663086,
            "9_text_embed": 10.84208869934082,
            "10_drop": 0.012030839920043945,
            "11_filter": 0.028197526931762695
        },
        "create_final_nodes": {
            "overall": 0.2891411781311035,
            "0_layout_graph": 0.05121803283691406,
            "1_unpack_graph": 0.024044513702392578,
            "2_unpack_graph": 0.023311853408813477,
            "3_filter": 0.03177833557128906,
            "4_drop": 0.013973712921142578,
            "5_select": 0.015038728713989258,
            "6_snapshot": 0.015224933624267578,
            "7_rename": 0.015011072158813477,
            "8_join": 0.02139425277709961,
            "9_convert": 0.048847198486328125,
            "10_rename": 0.016161441802978516
        },
        "create_final_communities": {
            "overall": 0.3726184368133545,
            "0_unpack_graph": 0.02698540687561035,
            "1_unpack_graph": 0.025428295135498047,
            "2_aggregate_override": 0.018433094024658203,
            "3_join": 0.02372884750366211,
            "4_join": 0.02382493019104004,
            "5_concat": 0.017818450927734375,
            "6_filter": 0.05007457733154297,
            "7_aggregate_override": 0.02191948890686035,
            "8_join": 0.023772239685058594,
            "9_filter": 0.0424196720123291,
            "10_fill": 0.01950240135192871,
            "11_merge": 0.023084163665771484,
            "12_copy": 0.019324779510498047,
            "13_select": 0.019979000091552734
        },
        "join_text_units_to_entity_ids": {
            "overall": 0.08770203590393066,
            "0_select": 0.0209963321685791,
            "1_unroll": 0.02323770523071289,
            "2_aggregate_override": 0.023452043533325195
        },
        "create_final_relationships": {
            "overall": 0.2931969165802002,
            "0_unpack_graph": 0.0326075553894043,
            "1_filter": 0.04721808433532715,
            "2_rename": 0.022029638290405273,
            "3_filter": 0.04898643493652344,
            "4_drop": 0.023012638092041016,
            "5_compute_edge_combined_degree": 0.026875972747802734,
            "6_convert": 0.046472787857055664,
            "7_convert": 0.023732662200927734
        },
        "join_text_units_to_relationship_ids": {
            "overall": 0.15069150924682617,
            "0_select": 0.024168968200683594,
            "1_unroll": 0.03693795204162598,
            "2_aggregate_override": 0.040927886962890625,
            "3_select": 0.0249178409576416
        },
        "create_final_community_reports": {
            "overall": 506.44343066215515,
            "0_prepare_community_reports_nodes": 0.02958083152770996,
            "1_prepare_community_reports_edges": 0.026999235153198242,
            "2_restore_community_hierarchy": 0.02973008155822754,
            "3_prepare_community_reports": 0.1013948917388916,
            "4_create_community_reports": 506.2022898197174,
            "5_window": 0.02755260467529297
        },
        "create_final_text_units": {
            "overall": 0.20739197731018066,
            "0_select": 0.02750992774963379,
            "1_rename": 0.026946306228637695,
            "2_join": 0.0328977108001709,
            "3_join": 0.03261899948120117,
            "4_aggregate_override": 0.03153204917907715,
            "5_select": 0.02893662452697754
        },
        "create_base_documents": {
            "overall": 0.43779826164245605,
            "0_unroll": 0.031122922897338867,
            "1_select": 0.030313730239868164,
            "2_rename": 0.07426118850708008,
            "3_join": 0.03508925437927246,
            "4_aggregate_override": 0.03225874900817871,
            "5_join": 0.03583884239196777,
            "6_rename": 0.0324559211730957,
            "7_convert": 0.13730502128601074
        },
        "create_final_documents": {
            "overall": 0.06393742561340332,
            "0_rename": 0.03232264518737793
        }
    }
}