{
    "total_runtime": 2698.4076731204987,
    "num_documents": 20,
    "input_load_time": 0,
    "workflows": {
        "create_base_text_units": {
            "overall": 0.30747151374816895,
            "0_orderby": 0.003349781036376953,
            "1_zip": 0.0037217140197753906,
            "2_aggregate_override": 0.006455898284912109,
            "3_chunk": 0.24317502975463867,
            "4_select": 0.004454374313354492,
            "5_unroll": 0.005871772766113281,
            "6_rename": 0.00458836555480957,
            "7_genid": 0.005240201950073242,
            "8_unzip": 0.006478548049926758,
            "9_copy": 0.005402565002441406,
            "10_filter": 0.01582622528076172
        },
        "create_base_extracted_entities": {
            "overall": 1076.686494588852,
            "0_entity_extract": 1076.633733510971,
            "1_snapshot": 0.010305166244506836,
            "2_merge_graphs": 0.028233051300048828,
            "3_snapshot_rows": 0.007796764373779297
        },
        "create_summarized_entities": {
            "overall": 353.0571117401123,
            "0_summarize_descriptions": 353.0407991409302,
            "1_snapshot_rows": 0.009204864501953125
        },
        "create_base_entity_graph": {
            "overall": 0.0677940845489502,
            "0_cluster_graph": 0.030115604400634766,
            "1_snapshot_rows": 0.010892868041992188,
            "2_snapshot_rows": 0.009341239929199219,
            "3_select": 0.009512901306152344
        },
        "create_final_entities": {
            "overall": 224.60927724838257,
            "0_unpack_graph": 0.015128135681152344,
            "1_rename": 0.01002955436706543,
            "2_select": 0.01021885871887207,
            "3_dedupe": 0.010835409164428711,
            "4_rename": 0.011185646057128906,
            "5_filter": 0.02647089958190918,
            "6_text_split": 0.017148494720458984,
            "7_drop": 0.011431217193603516,
            "8_merge": 0.03124690055847168,
            "9_text_embed": 224.4122359752655,
            "10_drop": 0.014232158660888672,
            "11_filter": 0.029235124588012695
        },
        "create_final_nodes": {
            "overall": 0.27123403549194336,
            "0_layout_graph": 0.03745150566101074,
            "1_unpack_graph": 0.01899433135986328,
            "2_unpack_graph": 0.018457889556884766,
            "3_drop": 0.013995885848999023,
            "4_filter": 0.03186655044555664,
            "5_select": 0.015058279037475586,
            "6_snapshot": 0.015578985214233398,
            "7_rename": 0.015286445617675781,
            "8_convert": 0.04965329170227051,
            "9_join": 0.02354121208190918,
            "10_rename": 0.016391515731811523
        },
        "create_final_communities": {
            "overall": 0.378704309463501,
            "0_unpack_graph": 0.021636247634887695,
            "1_unpack_graph": 0.021039485931396484,
            "2_aggregate_override": 0.01969313621520996,
            "3_join": 0.04067587852478027,
            "4_join": 0.024527549743652344,
            "5_concat": 0.017963647842407227,
            "6_filter": 0.041640520095825195,
            "7_aggregate_override": 0.021965503692626953,
            "8_join": 0.02584981918334961,
            "9_filter": 0.044310569763183594,
            "10_fill": 0.019754886627197266,
            "11_merge": 0.02229166030883789,
            "12_copy": 0.020121335983276367,
            "13_select": 0.020554780960083008
        },
        "join_text_units_to_entity_ids": {
            "overall": 0.09023427963256836,
            "0_select": 0.02114725112915039,
            "1_unroll": 0.023724794387817383,
            "2_aggregate_override": 0.024447202682495117
        },
        "create_final_relationships": {
            "overall": 0.314441442489624,
            "0_unpack_graph": 0.026992082595825195,
            "1_filter": 0.06971430778503418,
            "2_rename": 0.022686481475830078,
            "3_filter": 0.04974770545959473,
            "4_drop": 0.023794174194335938,
            "5_compute_edge_combined_degree": 0.027922391891479492,
            "6_convert": 0.04766988754272461,
            "7_convert": 0.024039745330810547
        },
        "join_text_units_to_relationship_ids": {
            "overall": 0.12822294235229492,
            "0_select": 0.025013446807861328,
            "1_unroll": 0.026101112365722656,
            "2_aggregate_override": 0.027516603469848633,
            "3_select": 0.025220870971679688
        },
        "create_final_community_reports": {
            "overall": 1037.3791563510895,
            "0_prepare_community_reports_nodes": 0.0291290283203125,
            "1_prepare_community_reports_edges": 0.055036306381225586,
            "2_restore_community_hierarchy": 0.03108501434326172,
            "3_prepare_community_reports": 0.0634608268737793,
            "4_create_community_reports": 1037.1447520256042,
            "5_window": 0.029487133026123047
        },
        "create_final_text_units": {
            "overall": 0.25702333450317383,
            "0_select": 0.03554344177246094,
            "1_rename": 0.03332853317260742,
            "2_join": 0.04212164878845215,
            "3_join": 0.04163241386413574,
            "4_aggregate_override": 0.03786063194274902,
            "5_select": 0.033297061920166016
        },
        "create_base_documents": {
            "overall": 0.3616204261779785,
            "0_unroll": 0.0317225456237793,
            "1_select": 0.031040430068969727,
            "2_rename": 0.03142952919006348,
            "3_join": 0.03662753105163574,
            "4_aggregate_override": 0.03334808349609375,
            "5_join": 0.03745150566101074,
            "6_rename": 0.03212785720825195,
            "7_convert": 0.09824562072753906
        },
        "create_final_documents": {
            "overall": 0.06550955772399902,
            "0_rename": 0.033110618591308594
        }
    }
}