{
    "total_runtime": 1268.4676132202148,
    "num_documents": 20,
    "input_load_time": 0,
    "workflows": {
        "create_base_text_units": {
            "overall": 0.2927525043487549,
            "0_orderby": 0.003194093704223633,
            "1_zip": 0.0035092830657958984,
            "2_aggregate_override": 0.006116628646850586,
            "3_chunk": 0.23148512840270996,
            "4_select": 0.004204511642456055,
            "5_unroll": 0.005612850189208984,
            "6_rename": 0.004388332366943359,
            "7_genid": 0.005162715911865234,
            "8_unzip": 0.0056226253509521484,
            "9_copy": 0.004978656768798828,
            "10_filter": 0.015705347061157227
        },
        "create_base_extracted_entities": {
            "overall": 907.3185243606567,
            "0_entity_extract": 907.2665655612946,
            "1_snapshot": 0.009899139404296875,
            "2_merge_graphs": 0.02869105339050293,
            "3_snapshot_rows": 0.007375240325927734
        },
        "create_summarized_entities": {
            "overall": 44.544161796569824,
            "0_summarize_descriptions": 44.528838872909546,
            "1_snapshot_rows": 0.008382320404052734
        },
        "create_base_entity_graph": {
            "overall": 0.06699395179748535,
            "0_cluster_graph": 0.031491994857788086,
            "1_snapshot_rows": 0.009203910827636719,
            "2_snapshot_rows": 0.009240388870239258,
            "3_select": 0.009169340133666992
        },
        "create_final_entities": {
            "overall": 11.572593212127686,
            "0_unpack_graph": 0.015523433685302734,
            "1_rename": 0.00970602035522461,
            "2_select": 0.010147571563720703,
            "3_dedupe": 0.010535240173339844,
            "4_rename": 0.01034855842590332,
            "5_filter": 0.02521204948425293,
            "6_text_split": 0.013028144836425781,
            "7_drop": 0.01125955581665039,
            "8_merge": 0.03773236274719238,
            "9_text_embed": 11.37828540802002,
            "10_drop": 0.012408256530761719,
            "11_filter": 0.029279708862304688
        },
        "create_final_nodes": {
            "overall": 0.2664144039154053,
            "0_layout_graph": 0.03612017631530762,
            "1_unpack_graph": 0.01935553550720215,
            "2_unpack_graph": 0.020425796508789062,
            "3_filter": 0.031432390213012695,
            "4_drop": 0.014379262924194336,
            "5_select": 0.014455795288085938,
            "6_snapshot": 0.015336036682128906,
            "7_rename": 0.015041589736938477,
            "8_join": 0.021422624588012695,
            "9_convert": 0.049408674240112305,
            "10_rename": 0.015871286392211914
        },
        "create_final_communities": {
            "overall": 0.35457801818847656,
            "0_unpack_graph": 0.022566556930541992,
            "1_unpack_graph": 0.02197098731994629,
            "2_aggregate_override": 0.019711017608642578,
            "3_join": 0.02374100685119629,
            "4_join": 0.023540258407592773,
            "5_concat": 0.017844676971435547,
            "6_filter": 0.04078507423400879,
            "7_aggregate_override": 0.020929813385009766,
            "8_join": 0.024079084396362305,
            "9_filter": 0.042842864990234375,
            "10_fill": 0.019510269165039062,
            "11_merge": 0.020992040634155273,
            "12_copy": 0.019823074340820312,
            "13_select": 0.019842147827148438
        },
        "join_text_units_to_entity_ids": {
            "overall": 0.0884861946105957,
            "0_select": 0.02112603187561035,
            "1_unroll": 0.022630929946899414,
            "2_aggregate_override": 0.02406620979309082
        },
        "create_final_relationships": {
            "overall": 0.28936004638671875,
            "0_unpack_graph": 0.027878522872924805,
            "1_filter": 0.048165321350097656,
            "2_rename": 0.022582054138183594,
            "3_filter": 0.0480802059173584,
            "4_drop": 0.022824764251708984,
            "5_compute_edge_combined_degree": 0.02695608139038086,
            "6_convert": 0.04713892936706543,
            "7_convert": 0.02377915382385254
        },
        "join_text_units_to_relationship_ids": {
            "overall": 0.12688517570495605,
            "0_select": 0.024507999420166016,
            "1_unroll": 0.02600383758544922,
            "2_aggregate_override": 0.027191162109375,
            "3_select": 0.02507472038269043
        },
        "create_final_community_reports": {
            "overall": 298.93970370292664,
            "0_prepare_community_reports_nodes": 0.05212688446044922,
            "1_prepare_community_reports_edges": 0.027951478958129883,
            "2_restore_community_hierarchy": 0.029996871948242188,
            "3_prepare_community_reports": 0.05290842056274414,
            "4_create_community_reports": 298.7223446369171,
            "5_window": 0.02845311164855957
        },
        "create_final_text_units": {
            "overall": 0.21908855438232422,
            "0_select": 0.02797222137451172,
            "1_rename": 0.02773880958557129,
            "2_join": 0.033905982971191406,
            "3_join": 0.03402066230773926,
            "4_aggregate_override": 0.03129172325134277,
            "5_select": 0.02908492088317871
        },
        "create_base_documents": {
            "overall": 0.35463547706604004,
            "0_unroll": 0.031293630599975586,
            "1_select": 0.029987335205078125,
            "2_rename": 0.030591249465942383,
            "3_join": 0.03592324256896973,
            "4_aggregate_override": 0.03251314163208008,
            "5_join": 0.03628110885620117,
            "6_rename": 0.03128671646118164,
            "7_convert": 0.09689593315124512
        },
        "create_final_documents": {
            "overall": 0.06447863578796387,
            "0_rename": 0.03265666961669922
        }
    }
}