{
    "total_runtime": 2129.787732362747,
    "num_documents": 20,
    "input_load_time": 0,
    "workflows": {
        "create_base_text_units": {
            "overall": 0.289844274520874,
            "0_orderby": 0.0031337738037109375,
            "1_zip": 0.003484487533569336,
            "2_aggregate_override": 0.005956172943115234,
            "3_chunk": 0.22875666618347168,
            "4_select": 0.00431060791015625,
            "5_unroll": 0.005570888519287109,
            "6_rename": 0.004474163055419922,
            "7_genid": 0.0052411556243896484,
            "8_unzip": 0.005711555480957031,
            "9_copy": 0.005031108856201172,
            "10_filter": 0.015627145767211914
        },
        "create_base_extracted_entities": {
            "overall": 1867.9213650226593,
            "0_entity_extract": 1867.8703546524048,
            "1_snapshot": 0.010651826858520508,
            "2_merge_graphs": 0.026972532272338867,
            "3_snapshot_rows": 0.00739288330078125
        },
        "create_summarized_entities": {
            "overall": 138.06058716773987,
            "0_summarize_descriptions": 138.0453224182129,
            "1_snapshot_rows": 0.008223533630371094
        },
        "create_base_entity_graph": {
            "overall": 0.06225919723510742,
            "0_cluster_graph": 0.02764272689819336,
            "1_snapshot_rows": 0.00909733772277832,
            "2_snapshot_rows": 0.008866548538208008,
            "3_select": 0.008974075317382812
        },
        "create_final_entities": {
            "overall": 11.228031873703003,
            "0_unpack_graph": 0.014795780181884766,
            "1_rename": 0.009885311126708984,
            "2_select": 0.010043621063232422,
            "3_dedupe": 0.01046133041381836,
            "4_rename": 0.010516166687011719,
            "5_filter": 0.036522865295410156,
            "6_text_split": 0.012780904769897461,
            "7_drop": 0.011153459548950195,
            "8_merge": 0.032149314880371094,
            "9_text_embed": 11.028200149536133,
            "10_drop": 0.012340068817138672,
            "11_filter": 0.02935934066772461
        },
        "create_final_nodes": {
            "overall": 0.25803470611572266,
            "0_layout_graph": 0.031401872634887695,
            "1_unpack_graph": 0.018255949020385742,
            "2_unpack_graph": 0.01840376853942871,
            "3_filter": 0.03154706954956055,
            "4_drop": 0.01406717300415039,
            "5_select": 0.014478206634521484,
            "6_snapshot": 0.015266656875610352,
            "7_rename": 0.014965534210205078,
            "8_join": 0.021631240844726562,
            "9_convert": 0.04891538619995117,
            "10_rename": 0.015894174575805664
        },
        "create_final_communities": {
            "overall": 0.3747880458831787,
            "0_unpack_graph": 0.02155303955078125,
            "1_unpack_graph": 0.021103858947753906,
            "2_aggregate_override": 0.02001023292541504,
            "3_join": 0.024936437606811523,
            "4_join": 0.023802757263183594,
            "5_concat": 0.018430709838867188,
            "6_filter": 0.04128432273864746,
            "7_aggregate_override": 0.021493196487426758,
            "8_join": 0.04337668418884277,
            "9_filter": 0.04244804382324219,
            "10_fill": 0.0190122127532959,
            "11_merge": 0.021045446395874023,
            "12_copy": 0.019701004028320312,
            "13_select": 0.0201568603515625
        },
        "join_text_units_to_entity_ids": {
            "overall": 0.0878291130065918,
            "0_select": 0.021073579788208008,
            "1_unroll": 0.02253103256225586,
            "2_aggregate_override": 0.023831605911254883
        },
        "create_final_relationships": {
            "overall": 0.3083527088165283,
            "0_unpack_graph": 0.026702404022216797,
            "1_filter": 0.04711723327636719,
            "2_rename": 0.022145748138427734,
            "3_filter": 0.04793500900268555,
            "4_drop": 0.02315831184387207,
            "5_compute_edge_combined_degree": 0.026792049407958984,
            "6_convert": 0.06987285614013672,
            "7_convert": 0.022967815399169922
        },
        "join_text_units_to_relationship_ids": {
            "overall": 0.12661218643188477,
            "0_select": 0.024533510208129883,
            "1_unroll": 0.025594472885131836,
            "2_aggregate_override": 0.02719259262084961,
            "3_select": 0.02512669563293457
        },
        "create_final_community_reports": {
            "overall": 106.61520600318909,
            "0_prepare_community_reports_nodes": 0.02819991111755371,
            "1_prepare_community_reports_edges": 0.027815580368041992,
            "2_restore_community_hierarchy": 0.029649019241333008,
            "3_prepare_community_reports": 0.05336117744445801,
            "4_create_community_reports": 106.41986227035522,
            "5_window": 0.03059244155883789
        },
        "create_final_text_units": {
            "overall": 0.21483731269836426,
            "0_select": 0.028058528900146484,
            "1_rename": 0.028133869171142578,
            "2_join": 0.0344851016998291,
            "3_join": 0.03411531448364258,
            "4_aggregate_override": 0.030990123748779297,
            "5_select": 0.031462669372558594
        },
        "create_base_documents": {
            "overall": 0.35507965087890625,
            "0_unroll": 0.03167080879211426,
            "1_select": 0.03005504608154297,
            "2_rename": 0.03034186363220215,
            "3_join": 0.035759925842285156,
            "4_aggregate_override": 0.03352952003479004,
            "5_join": 0.036325931549072266,
            "6_rename": 0.031485557556152344,
            "7_convert": 0.09593725204467773
        },
        "create_final_documents": {
            "overall": 0.06536865234375,
            "0_rename": 0.03285408020019531
        }
    }
}