{
    "total_runtime": 631.9432096481323,
    "num_documents": 20,
    "input_load_time": 0,
    "workflows": {
        "create_base_text_units": {
            "overall": 0.31177377700805664,
            "0_orderby": 0.003398895263671875,
            "1_zip": 0.003600597381591797,
            "2_aggregate_override": 0.006600618362426758,
            "3_chunk": 0.2469785213470459,
            "4_select": 0.005003213882446289,
            "5_unroll": 0.0069429874420166016,
            "6_rename": 0.0047855377197265625,
            "7_genid": 0.005255937576293945,
            "8_unzip": 0.0057218074798583984,
            "9_copy": 0.00506138801574707,
            "10_filter": 0.015721797943115234
        },
        "create_base_extracted_entities": {
            "overall": 0.1508045196533203,
            "0_entity_extract": 0.0981900691986084,
            "1_snapshot": 0.01074075698852539,
            "2_merge_graphs": 0.028043746948242188,
            "3_snapshot_rows": 0.007673501968383789
        },
        "create_summarized_entities": {
            "overall": 111.31166625022888,
            "0_summarize_descriptions": 111.29438734054565,
            "1_snapshot_rows": 0.010137796401977539
        },
        "create_base_entity_graph": {
            "overall": 0.08401918411254883,
            "0_cluster_graph": 0.046267032623291016,
            "1_snapshot_rows": 0.010610103607177734,
            "2_snapshot_rows": 0.010187625885009766,
            "3_select": 0.00905156135559082
        },
        "create_final_entities": {
            "overall": 3.528459310531616,
            "0_unpack_graph": 0.021042585372924805,
            "1_rename": 0.009853839874267578,
            "2_select": 0.018587112426757812,
            "3_dedupe": 0.01627039909362793,
            "4_rename": 0.010782718658447266,
            "5_filter": 0.02568650245666504,
            "6_text_split": 0.013262033462524414,
            "7_drop": 0.011205911636352539,
            "8_merge": 0.037943363189697266,
            "9_text_embed": 3.306278705596924,
            "10_drop": 0.013152837753295898,
            "11_filter": 0.029537439346313477
        },
        "create_final_nodes": {
            "overall": 0.3342885971069336,
            "0_layout_graph": 0.06119847297668457,
            "1_unpack_graph": 0.02605271339416504,
            "2_unpack_graph": 0.026752710342407227,
            "3_filter": 0.03621721267700195,
            "4_drop": 0.014860868453979492,
            "5_select": 0.015139102935791016,
            "6_snapshot": 0.015999794006347656,
            "7_rename": 0.016032934188842773,
            "8_convert": 0.06746864318847656,
            "9_join": 0.024270296096801758,
            "10_rename": 0.016978979110717773
        },
        "create_final_communities": {
            "overall": 0.4048762321472168,
            "0_unpack_graph": 0.029027223587036133,
            "1_unpack_graph": 0.027766942977905273,
            "2_aggregate_override": 0.02009105682373047,
            "3_join": 0.026072978973388672,
            "4_join": 0.025126218795776367,
            "5_concat": 0.018870115280151367,
            "6_filter": 0.05788302421569824,
            "7_aggregate_override": 0.024218082427978516,
            "8_join": 0.026506900787353516,
            "9_filter": 0.045128822326660156,
            "10_fill": 0.020151138305664062,
            "11_merge": 0.024936676025390625,
            "12_copy": 0.020988941192626953,
            "13_select": 0.021168947219848633
        },
        "join_text_units_to_entity_ids": {
            "overall": 0.08980989456176758,
            "0_select": 0.021821260452270508,
            "1_unroll": 0.023003816604614258,
            "2_aggregate_override": 0.02425551414489746
        },
        "create_final_relationships": {
            "overall": 0.3103916645050049,
            "0_unpack_graph": 0.03705859184265137,
            "1_filter": 0.0537874698638916,
            "2_rename": 0.022731304168701172,
            "3_filter": 0.05006670951843262,
            "4_drop": 0.023299694061279297,
            "5_compute_edge_combined_degree": 0.02782154083251953,
            "6_convert": 0.048553466796875,
            "7_convert": 0.024336576461791992
        },
        "join_text_units_to_relationship_ids": {
            "overall": 0.12972211837768555,
            "0_select": 0.0253598690032959,
            "1_unroll": 0.026501893997192383,
            "2_aggregate_override": 0.02757096290588379,
            "3_select": 0.025935888290405273
        },
        "create_final_community_reports": {
            "overall": 510.26983547210693,
            "0_prepare_community_reports_nodes": 0.03030109405517578,
            "1_prepare_community_reports_edges": 0.028792381286621094,
            "2_restore_community_hierarchy": 0.032121896743774414,
            "3_prepare_community_reports": 0.13530254364013672,
            "4_create_community_reports": 509.98552107810974,
            "5_window": 0.031151294708251953
        },
        "create_final_text_units": {
            "overall": 0.2292642593383789,
            "0_select": 0.03217434883117676,
            "1_rename": 0.029822349548339844,
            "2_join": 0.03644204139709473,
            "3_join": 0.036730051040649414,
            "4_aggregate_override": 0.03211331367492676,
            "5_select": 0.03155660629272461
        },
        "create_base_documents": {
            "overall": 0.38003087043762207,
            "0_unroll": 0.032877206802368164,
            "1_select": 0.0312957763671875,
            "2_rename": 0.030786752700805664,
            "3_join": 0.03781843185424805,
            "4_aggregate_override": 0.03351640701293945,
            "5_join": 0.037711143493652344,
            "6_rename": 0.03208112716674805,
            "7_convert": 0.09866046905517578
        },
        "create_final_documents": {
            "overall": 0.06548810005187988,
            "0_rename": 0.03292489051818848
        }
    }
}