{
    "total_runtime": 1480.2136092185974,
    "num_documents": 20,
    "input_load_time": 0,
    "workflows": {
        "create_base_text_units": {
            "overall": 0.2914862632751465,
            "0_orderby": 0.003174304962158203,
            "1_zip": 0.0034978389739990234,
            "2_aggregate_override": 0.006169319152832031,
            "3_chunk": 0.23018383979797363,
            "4_select": 0.004380941390991211,
            "5_unroll": 0.005572080612182617,
            "6_rename": 0.004446983337402344,
            "7_genid": 0.005239725112915039,
            "8_unzip": 0.005501508712768555,
            "9_copy": 0.004983663558959961,
            "10_filter": 0.01563405990600586
        },
        "create_base_extracted_entities": {
            "overall": 886.2194521427155,
            "0_entity_extract": 886.1620893478394,
            "1_snapshot": 0.010992050170898438,
            "2_merge_graphs": 0.03206276893615723,
            "3_snapshot_rows": 0.008001327514648438
        },
        "create_summarized_entities": {
            "overall": 47.10005831718445,
            "0_summarize_descriptions": 47.0843243598938,
            "1_snapshot_rows": 0.008447647094726562
        },
        "create_base_entity_graph": {
            "overall": 0.06771302223205566,
            "0_cluster_graph": 0.030513763427734375,
            "1_snapshot_rows": 0.009429216384887695,
            "2_snapshot_rows": 0.009822845458984375,
            "3_select": 0.009590864181518555
        },
        "create_final_entities": {
            "overall": 11.824401378631592,
            "0_unpack_graph": 0.02545166015625,
            "1_rename": 0.009882926940917969,
            "2_select": 0.010176420211791992,
            "3_dedupe": 0.010590553283691406,
            "4_rename": 0.01042485237121582,
            "5_filter": 0.025552988052368164,
            "6_text_split": 0.0129852294921875,
            "7_drop": 0.011274337768554688,
            "8_merge": 0.03374791145324707,
            "9_text_embed": 11.610930681228638,
            "10_drop": 0.022535324096679688,
            "11_filter": 0.031214475631713867
        },
        "create_final_nodes": {
            "overall": 0.27345705032348633,
            "0_layout_graph": 0.03580808639526367,
            "1_unpack_graph": 0.02039337158203125,
            "2_unpack_graph": 0.02041792869567871,
            "3_drop": 0.014430999755859375,
            "4_filter": 0.033248186111450195,
            "5_select": 0.015062093734741211,
            "6_snapshot": 0.015602588653564453,
            "7_rename": 0.015434980392456055,
            "8_join": 0.02267003059387207,
            "9_convert": 0.05062532424926758,
            "10_rename": 0.016325950622558594
        },
        "create_final_communities": {
            "overall": 0.5105736255645752,
            "0_unpack_graph": 0.023976564407348633,
            "1_unpack_graph": 0.023050546646118164,
            "2_aggregate_override": 0.020804643630981445,
            "3_join": 0.032500267028808594,
            "4_join": 0.046567678451538086,
            "5_concat": 0.0314936637878418,
            "6_filter": 0.08079743385314941,
            "7_aggregate_override": 0.023242473602294922,
            "8_join": 0.027866363525390625,
            "9_filter": 0.09221458435058594,
            "10_fill": 0.020293235778808594,
            "11_merge": 0.02237677574157715,
            "12_copy": 0.021158456802368164,
            "13_select": 0.022393226623535156
        },
        "join_text_units_to_entity_ids": {
            "overall": 0.0947885513305664,
            "0_select": 0.022282123565673828,
            "1_unroll": 0.02464008331298828,
            "2_aggregate_override": 0.02594900131225586
        },
        "create_final_relationships": {
            "overall": 0.3425326347351074,
            "0_unpack_graph": 0.035619258880615234,
            "1_filter": 0.05130505561828613,
            "2_rename": 0.03439927101135254,
            "3_filter": 0.06692862510681152,
            "4_drop": 0.024966001510620117,
            "5_compute_edge_combined_degree": 0.028933286666870117,
            "6_convert": 0.05040121078491211,
            "7_convert": 0.025742053985595703
        },
        "join_text_units_to_relationship_ids": {
            "overall": 0.13409090042114258,
            "0_select": 0.02560257911682129,
            "1_unroll": 0.027750015258789062,
            "2_aggregate_override": 0.029084205627441406,
            "3_select": 0.02689957618713379
        },
        "create_final_community_reports": {
            "overall": 528.0175294876099,
            "0_prepare_community_reports_nodes": 0.033989667892456055,
            "1_prepare_community_reports_edges": 0.04929852485656738,
            "2_restore_community_hierarchy": 0.030605792999267578,
            "3_prepare_community_reports": 0.05428004264831543,
            "4_create_community_reports": 527.7937080860138,
            "5_window": 0.029306650161743164
        },
        "create_final_text_units": {
            "overall": 0.21587228775024414,
            "0_select": 0.028108596801757812,
            "1_rename": 0.02848339080810547,
            "2_join": 0.0345301628112793,
            "3_join": 0.03466224670410156,
            "4_aggregate_override": 0.03206062316894531,
            "5_select": 0.030456066131591797
        },
        "create_base_documents": {
            "overall": 0.36065244674682617,
            "0_unroll": 0.032768964767456055,
            "1_select": 0.030802249908447266,
            "2_rename": 0.030696392059326172,
            "3_join": 0.03654646873474121,
            "4_aggregate_override": 0.03363752365112305,
            "5_join": 0.03673100471496582,
            "6_rename": 0.031874895095825195,
            "7_convert": 0.09762978553771973
        },
        "create_final_documents": {
            "overall": 0.0660865306854248,
            "0_rename": 0.033448219299316406
        }
    }
}