{
    "total_runtime": 5305.211412906647,
    "num_documents": 20,
    "input_load_time": 0,
    "workflows": {
        "create_base_text_units": {
            "overall": 0.3254714012145996,
            "0_orderby": 0.0032961368560791016,
            "1_zip": 0.0036630630493164062,
            "2_aggregate_override": 0.00634002685546875,
            "3_chunk": 0.2617158889770508,
            "4_select": 0.004387855529785156,
            "5_unroll": 0.005717754364013672,
            "6_rename": 0.004621267318725586,
            "7_genid": 0.0052869319915771484,
            "8_unzip": 0.005690336227416992,
            "9_copy": 0.005205869674682617,
            "10_filter": 0.016651391983032227
        },
        "create_base_extracted_entities": {
            "overall": 1658.0093417167664,
            "0_entity_extract": 1657.9468972682953,
            "1_snapshot": 0.01742267608642578,
            "2_merge_graphs": 0.030804872512817383,
            "3_snapshot_rows": 0.008048295974731445
        },
        "create_summarized_entities": {
            "overall": 65.08612847328186,
            "0_summarize_descriptions": 65.0625422000885,
            "1_snapshot_rows": 0.009432792663574219
        },
        "create_base_entity_graph": {
            "overall": 0.06824302673339844,
            "0_cluster_graph": 0.03234982490539551,
            "1_snapshot_rows": 0.009325504302978516,
            "2_snapshot_rows": 0.009168148040771484,
            "3_select": 0.009248495101928711
        },
        "create_final_entities": {
            "overall": 1707.2522881031036,
            "0_unpack_graph": 0.015976667404174805,
            "1_rename": 0.009688377380371094,
            "2_select": 0.010103464126586914,
            "3_dedupe": 0.010627269744873047,
            "4_rename": 0.01083827018737793,
            "5_filter": 0.027062654495239258,
            "6_text_split": 0.013437032699584961,
            "7_drop": 0.011881113052368164,
            "8_merge": 0.03928017616271973,
            "9_text_embed": 1707.0327985286713,
            "10_drop": 0.014384984970092773,
            "11_filter": 0.04667019844055176
        },
        "create_final_nodes": {
            "overall": 0.27426671981811523,
            "0_layout_graph": 0.03779315948486328,
            "1_unpack_graph": 0.02072882652282715,
            "2_unpack_graph": 0.020032882690429688,
            "3_drop": 0.01404714584350586,
            "4_filter": 0.03282308578491211,
            "5_select": 0.014930963516235352,
            "6_snapshot": 0.015708208084106445,
            "7_rename": 0.015411853790283203,
            "8_join": 0.02277684211730957,
            "9_convert": 0.050245046615600586,
            "10_rename": 0.01653122901916504
        },
        "create_final_communities": {
            "overall": 0.38582897186279297,
            "0_unpack_graph": 0.024204015731811523,
            "1_unpack_graph": 0.022634267807006836,
            "2_aggregate_override": 0.02547001838684082,
            "3_join": 0.03535795211791992,
            "4_join": 0.024599313735961914,
            "5_concat": 0.018507003784179688,
            "6_filter": 0.04300546646118164,
            "7_aggregate_override": 0.022298336029052734,
            "8_join": 0.025269031524658203,
            "9_filter": 0.044075727462768555,
            "10_fill": 0.019763946533203125,
            "11_merge": 0.021365880966186523,
            "12_copy": 0.02080845832824707,
            "13_select": 0.021007299423217773
        },
        "join_text_units_to_entity_ids": {
            "overall": 0.09299278259277344,
            "0_select": 0.02178955078125,
            "1_unroll": 0.02431941032409668,
            "2_aggregate_override": 0.025745868682861328
        },
        "create_final_relationships": {
            "overall": 0.31344103813171387,
            "0_unpack_graph": 0.04989194869995117,
            "1_filter": 0.04845309257507324,
            "2_rename": 0.022506237030029297,
            "3_filter": 0.04878878593444824,
            "4_drop": 0.022719621658325195,
            "5_compute_edge_combined_degree": 0.027212142944335938,
            "6_convert": 0.04733896255493164,
            "7_convert": 0.023984193801879883
        },
        "join_text_units_to_relationship_ids": {
            "overall": 0.13968491554260254,
            "0_select": 0.026088714599609375,
            "1_unroll": 0.0328068733215332,
            "2_aggregate_override": 0.02889847755432129,
            "3_select": 0.02651667594909668
        },
        "create_final_community_reports": {
            "overall": 1868.1984541416168,
            "0_prepare_community_reports_nodes": 0.029018640518188477,
            "1_prepare_community_reports_edges": 0.028899669647216797,
            "2_restore_community_hierarchy": 0.03147006034851074,
            "3_prepare_community_reports": 0.07340502738952637,
            "4_create_community_reports": 1867.9799208641052,
            "5_window": 0.02904796600341797
        },
        "create_final_text_units": {
            "overall": 0.23991179466247559,
            "0_select": 0.039999961853027344,
            "1_rename": 0.03685307502746582,
            "2_join": 0.037839651107788086,
            "3_join": 0.03529858589172363,
            "4_aggregate_override": 0.03223013877868652,
            "5_select": 0.030065298080444336
        },
        "create_base_documents": {
            "overall": 0.4001431465148926,
            "0_unroll": 0.032557010650634766,
            "1_select": 0.03159761428833008,
            "2_rename": 0.030788898468017578,
            "3_join": 0.037293195724487305,
            "4_aggregate_override": 0.033393144607543945,
            "5_join": 0.037538766860961914,
            "6_rename": 0.03287935256958008,
            "7_convert": 0.13376164436340332
        },
        "create_final_documents": {
            "overall": 0.06879210472106934,
            "0_rename": 0.03617739677429199
        }
    }
}