{
    "total_runtime": 2103.893967151642,
    "num_documents": 20,
    "input_load_time": 0,
    "workflows": {
        "create_base_text_units": {
            "overall": 0.34522414207458496,
            "0_orderby": 0.003525257110595703,
            "1_zip": 0.003705263137817383,
            "2_aggregate_override": 0.007343292236328125,
            "3_chunk": 0.2750251293182373,
            "4_select": 0.005103111267089844,
            "5_unroll": 0.007284641265869141,
            "6_rename": 0.005209684371948242,
            "7_genid": 0.005772829055786133,
            "8_unzip": 0.0062406063079833984,
            "9_copy": 0.005875110626220703,
            "10_filter": 0.017244338989257812
        },
        "create_base_extracted_entities": {
            "overall": 1868.9133999347687,
            "0_entity_extract": 1868.8121900558472,
            "1_snapshot": 0.019701480865478516,
            "2_merge_graphs": 0.05948066711425781,
            "3_snapshot_rows": 0.01558375358581543
        },
        "create_summarized_entities": {
            "overall": 51.1353874206543,
            "0_summarize_descriptions": 51.116233348846436,
            "1_snapshot_rows": 0.008433818817138672
        },
        "create_base_entity_graph": {
            "overall": 0.06515216827392578,
            "0_cluster_graph": 0.028296470642089844,
            "1_snapshot_rows": 0.009571075439453125,
            "2_snapshot_rows": 0.009594917297363281,
            "3_select": 0.009436845779418945
        },
        "create_final_entities": {
            "overall": 10.510102272033691,
            "0_unpack_graph": 0.014463186264038086,
            "1_rename": 0.009795665740966797,
            "2_select": 0.010194063186645508,
            "3_dedupe": 0.010573625564575195,
            "4_rename": 0.010843276977539062,
            "5_filter": 0.026124954223632812,
            "6_text_split": 0.012836933135986328,
            "7_drop": 0.011234283447265625,
            "8_merge": 0.031220674514770508,
            "9_text_embed": 10.320495843887329,
            "10_drop": 0.012663602828979492,
            "11_filter": 0.03005194664001465
        },
        "create_final_nodes": {
            "overall": 0.2846665382385254,
            "0_layout_graph": 0.03196096420288086,
            "1_unpack_graph": 0.03237152099609375,
            "2_unpack_graph": 0.020043134689331055,
            "3_filter": 0.032826900482177734,
            "4_drop": 0.014708518981933594,
            "5_select": 0.015409231185913086,
            "6_snapshot": 0.015837907791137695,
            "7_rename": 0.016168832778930664,
            "8_join": 0.02331399917602539,
            "9_convert": 0.05163931846618652,
            "10_rename": 0.01668405532836914
        },
        "create_final_communities": {
            "overall": 0.35614562034606934,
            "0_unpack_graph": 0.02192997932434082,
            "1_unpack_graph": 0.02097010612487793,
            "2_aggregate_override": 0.019498586654663086,
            "3_join": 0.024098634719848633,
            "4_join": 0.023490428924560547,
            "5_concat": 0.01795816421508789,
            "6_filter": 0.04158759117126465,
            "7_aggregate_override": 0.021897554397583008,
            "8_join": 0.024517297744750977,
            "9_filter": 0.04222869873046875,
            "10_fill": 0.01926732063293457,
            "11_merge": 0.021224260330200195,
            "12_copy": 0.019774913787841797,
            "13_select": 0.02094435691833496
        },
        "join_text_units_to_entity_ids": {
            "overall": 0.09522438049316406,
            "0_select": 0.022646665573120117,
            "1_unroll": 0.02442789077758789,
            "2_aggregate_override": 0.026614904403686523
        },
        "create_final_relationships": {
            "overall": 0.30167293548583984,
            "0_unpack_graph": 0.027695894241333008,
            "1_filter": 0.04967236518859863,
            "2_rename": 0.023006439208984375,
            "3_filter": 0.050699710845947266,
            "4_drop": 0.024391889572143555,
            "5_compute_edge_combined_degree": 0.028509140014648438,
            "6_convert": 0.04958486557006836,
            "7_convert": 0.025818347930908203
        },
        "join_text_units_to_relationship_ids": {
            "overall": 0.13263201713562012,
            "0_select": 0.026129722595214844,
            "1_unroll": 0.02716231346130371,
            "2_aggregate_override": 0.028400659561157227,
            "3_select": 0.025968074798583984
        },
        "create_final_community_reports": {
            "overall": 166.59846901893616,
            "0_prepare_community_reports_nodes": 0.028937578201293945,
            "1_prepare_community_reports_edges": 0.028521299362182617,
            "2_restore_community_hierarchy": 0.03058004379272461,
            "3_prepare_community_reports": 0.05846118927001953,
            "4_create_community_reports": 166.39634585380554,
            "5_window": 0.02956843376159668
        },
        "create_final_text_units": {
            "overall": 0.22038030624389648,
            "0_select": 0.028792858123779297,
            "1_rename": 0.02901148796081543,
            "2_join": 0.035520315170288086,
            "3_join": 0.036022186279296875,
            "4_aggregate_override": 0.03225278854370117,
            "5_select": 0.030350208282470703
        },
        "create_base_documents": {
            "overall": 0.373490571975708,
            "0_unroll": 0.03344368934631348,
            "1_select": 0.03235888481140137,
            "2_rename": 0.03238344192504883,
            "3_join": 0.03795170783996582,
            "4_aggregate_override": 0.03472328186035156,
            "5_join": 0.0388331413269043,
            "6_rename": 0.03311753273010254,
            "7_convert": 0.09965872764587402
        },
        "create_final_documents": {
            "overall": 0.06597113609313965,
            "0_rename": 0.03307676315307617
        }
    }
}