{
    "total_runtime": 1492.322804927826,
    "num_documents": 20,
    "input_load_time": 0,
    "workflows": {
        "create_base_text_units": {
            "overall": 0.3128509521484375,
            "0_orderby": 0.0033292770385742188,
            "1_zip": 0.0037102699279785156,
            "2_aggregate_override": 0.0063898563385009766,
            "3_chunk": 0.24430274963378906,
            "4_select": 0.005163669586181641,
            "5_unroll": 0.006801605224609375,
            "6_rename": 0.005037784576416016,
            "7_genid": 0.005505084991455078,
            "8_unzip": 0.006234645843505859,
            "9_copy": 0.006026506423950195,
            "10_filter": 0.017429590225219727
        },
        "create_base_extracted_entities": {
            "overall": 677.071503162384,
            "0_entity_extract": 676.9757101535797,
            "1_snapshot": 0.01966071128845215,
            "2_merge_graphs": 0.05470895767211914,
            "3_snapshot_rows": 0.015134334564208984
        },
        "create_summarized_entities": {
            "overall": 79.47965908050537,
            "0_summarize_descriptions": 79.4637861251831,
            "1_snapshot_rows": 0.008661031723022461
        },
        "create_base_entity_graph": {
            "overall": 0.06610345840454102,
            "0_cluster_graph": 0.028728723526000977,
            "1_snapshot_rows": 0.009887218475341797,
            "2_snapshot_rows": 0.009656667709350586,
            "3_select": 0.00977468490600586
        },
        "create_final_entities": {
            "overall": 32.90859651565552,
            "0_unpack_graph": 0.014677047729492188,
            "1_rename": 0.010045528411865234,
            "2_select": 0.010326862335205078,
            "3_dedupe": 0.010876893997192383,
            "4_rename": 0.01091146469116211,
            "5_filter": 0.0261991024017334,
            "6_text_split": 0.01395273208618164,
            "7_drop": 0.011389017105102539,
            "8_merge": 0.032157182693481445,
            "9_text_embed": 32.71497678756714,
            "10_drop": 0.013173818588256836,
            "11_filter": 0.03014087677001953
        },
        "create_final_nodes": {
            "overall": 0.2725956439971924,
            "0_layout_graph": 0.0321040153503418,
            "1_unpack_graph": 0.019292831420898438,
            "2_unpack_graph": 0.018671274185180664,
            "3_drop": 0.014607906341552734,
            "4_filter": 0.03421664237976074,
            "5_select": 0.015474796295166016,
            "6_snapshot": 0.015841960906982422,
            "7_rename": 0.016921281814575195,
            "8_convert": 0.05126047134399414,
            "9_join": 0.023997068405151367,
            "10_rename": 0.016664505004882812
        },
        "create_final_communities": {
            "overall": 0.4754617214202881,
            "0_unpack_graph": 0.023532629013061523,
            "1_unpack_graph": 0.023026466369628906,
            "2_aggregate_override": 0.021640777587890625,
            "3_join": 0.02625584602355957,
            "4_join": 0.023777484893798828,
            "5_concat": 0.018176794052124023,
            "6_filter": 0.07142496109008789,
            "7_aggregate_override": 0.04079294204711914,
            "8_join": 0.04724717140197754,
            "9_filter": 0.05823254585266113,
            "10_fill": 0.02021932601928711,
            "11_merge": 0.02149033546447754,
            "12_copy": 0.025718212127685547,
            "13_select": 0.03508448600769043
        },
        "join_text_units_to_entity_ids": {
            "overall": 0.09297752380371094,
            "0_select": 0.02238297462463379,
            "1_unroll": 0.02393031120300293,
            "2_aggregate_override": 0.024821758270263672
        },
        "create_final_relationships": {
            "overall": 0.3218693733215332,
            "0_unpack_graph": 0.027988910675048828,
            "1_filter": 0.04917454719543457,
            "2_rename": 0.022678136825561523,
            "3_filter": 0.05005788803100586,
            "4_drop": 0.02385997772216797,
            "5_compute_edge_combined_degree": 0.02909374237060547,
            "6_convert": 0.049569129943847656,
            "7_convert": 0.04692578315734863
        },
        "join_text_units_to_relationship_ids": {
            "overall": 0.1320815086364746,
            "0_select": 0.025976181030273438,
            "1_unroll": 0.027104854583740234,
            "2_aggregate_override": 0.028550148010253906,
            "3_select": 0.025774002075195312
        },
        "create_final_community_reports": {
            "overall": 696.0707058906555,
            "0_prepare_community_reports_nodes": 0.02853250503540039,
            "1_prepare_community_reports_edges": 0.028684139251708984,
            "2_restore_community_hierarchy": 0.030982017517089844,
            "3_prepare_community_reports": 0.05466270446777344,
            "4_create_community_reports": 695.8729798793793,
            "5_window": 0.029044628143310547
        },
        "create_final_text_units": {
            "overall": 0.25713682174682617,
            "0_select": 0.0292205810546875,
            "1_rename": 0.029055356979370117,
            "2_join": 0.037171125411987305,
            "3_join": 0.06877970695495605,
            "4_aggregate_override": 0.033837318420410156,
            "5_select": 0.030553817749023438
        },
        "create_base_documents": {
            "overall": 0.39737510681152344,
            "0_unroll": 0.03182506561279297,
            "1_select": 0.031464338302612305,
            "2_rename": 0.03115224838256836,
            "3_join": 0.03716588020324707,
            "4_aggregate_override": 0.033590078353881836,
            "5_join": 0.03739333152770996,
            "6_rename": 0.03255200386047363,
            "7_convert": 0.13222408294677734
        },
        "create_final_documents": {
            "overall": 0.0662846565246582,
            "0_rename": 0.03367805480957031
        }
    }
}