{
    "total_runtime": 1454.590026140213,
    "num_documents": 20,
    "input_load_time": 0,
    "workflows": {
        "create_base_text_units": {
            "overall": 0.2937755584716797,
            "0_orderby": 0.0033729076385498047,
            "1_zip": 0.0035059452056884766,
            "2_aggregate_override": 0.006299495697021484,
            "3_chunk": 0.23172521591186523,
            "4_select": 0.004233598709106445,
            "5_unroll": 0.005606412887573242,
            "6_rename": 0.00442051887512207,
            "7_genid": 0.005301952362060547,
            "8_unzip": 0.005728960037231445,
            "9_copy": 0.00503849983215332,
            "10_filter": 0.015811681747436523
        },
        "create_base_extracted_entities": {
            "overall": 1274.1357061862946,
            "0_entity_extract": 1274.082129240036,
            "1_snapshot": 0.010612249374389648,
            "2_merge_graphs": 0.029097318649291992,
            "3_snapshot_rows": 0.007635831832885742
        },
        "create_summarized_entities": {
            "overall": 70.48670744895935,
            "0_summarize_descriptions": 70.471510887146,
            "1_snapshot_rows": 0.008415699005126953
        },
        "create_base_entity_graph": {
            "overall": 0.0711524486541748,
            "0_cluster_graph": 0.03236889839172363,
            "1_snapshot_rows": 0.00950312614440918,
            "2_snapshot_rows": 0.009329795837402344,
            "3_select": 0.009747505187988281
        },
        "create_final_entities": {
            "overall": 12.174481868743896,
            "0_unpack_graph": 0.015263080596923828,
            "1_rename": 0.009915351867675781,
            "2_select": 0.01028752326965332,
            "3_dedupe": 0.010607004165649414,
            "4_rename": 0.010566234588623047,
            "5_filter": 0.025892257690429688,
            "6_text_split": 0.013303756713867188,
            "7_drop": 0.011089324951171875,
            "8_merge": 0.03642416000366211,
            "9_text_embed": 11.97959280014038,
            "10_drop": 0.012577533721923828,
            "11_filter": 0.029446125030517578
        },
        "create_final_nodes": {
            "overall": 0.27228498458862305,
            "0_layout_graph": 0.034502267837524414,
            "1_unpack_graph": 0.019876718521118164,
            "2_unpack_graph": 0.019976139068603516,
            "3_filter": 0.032160043716430664,
            "4_drop": 0.014511346817016602,
            "5_select": 0.014792680740356445,
            "6_snapshot": 0.015413999557495117,
            "7_rename": 0.015275716781616211,
            "8_join": 0.022442102432250977,
            "9_convert": 0.05038619041442871,
            "10_rename": 0.019756317138671875
        },
        "create_final_communities": {
            "overall": 0.3554389476776123,
            "0_unpack_graph": 0.02216649055480957,
            "1_unpack_graph": 0.023938894271850586,
            "2_aggregate_override": 0.019855022430419922,
            "3_join": 0.023709774017333984,
            "4_join": 0.023468494415283203,
            "5_concat": 0.017623186111450195,
            "6_filter": 0.04104137420654297,
            "7_aggregate_override": 0.021656274795532227,
            "8_join": 0.024021625518798828,
            "9_filter": 0.04169416427612305,
            "10_fill": 0.019119739532470703,
            "11_merge": 0.020946264266967773,
            "12_copy": 0.019840240478515625,
            "13_select": 0.020035266876220703
        },
        "join_text_units_to_entity_ids": {
            "overall": 0.08906745910644531,
            "0_select": 0.021111726760864258,
            "1_unroll": 0.022875070571899414,
            "2_aggregate_override": 0.024296283721923828
        },
        "create_final_relationships": {
            "overall": 0.3141305446624756,
            "0_unpack_graph": 0.04812192916870117,
            "1_filter": 0.04725289344787598,
            "2_rename": 0.022484540939331055,
            "3_filter": 0.04914665222167969,
            "4_drop": 0.024223804473876953,
            "5_compute_edge_combined_degree": 0.028276681900024414,
            "6_convert": 0.04818582534790039,
            "7_convert": 0.024442672729492188
        },
        "join_text_units_to_relationship_ids": {
            "overall": 0.128645658493042,
            "0_select": 0.02446722984313965,
            "1_unroll": 0.02593207359313965,
            "2_aggregate_override": 0.02838134765625,
            "3_select": 0.02595829963684082
        },
        "create_final_community_reports": {
            "overall": 91.53067779541016,
            "0_prepare_community_reports_nodes": 0.0335536003112793,
            "1_prepare_community_reports_edges": 0.04774332046508789,
            "2_restore_community_hierarchy": 0.029323816299438477,
            "3_prepare_community_reports": 0.054326772689819336,
            "4_create_community_reports": 91.31267166137695,
            "5_window": 0.027408361434936523
        },
        "create_final_text_units": {
            "overall": 0.21230316162109375,
            "0_select": 0.028688907623291016,
            "1_rename": 0.02820754051208496,
            "2_join": 0.03382158279418945,
            "3_join": 0.03388357162475586,
            "4_aggregate_override": 0.03143596649169922,
            "5_select": 0.028944969177246094
        },
        "create_base_documents": {
            "overall": 0.3850247859954834,
            "0_unroll": 0.031546592712402344,
            "1_select": 0.02999091148376465,
            "2_rename": 0.029509544372558594,
            "3_join": 0.03504443168640137,
            "4_aggregate_override": 0.0325162410736084,
            "5_join": 0.06815433502197266,
            "6_rename": 0.03109455108642578,
            "7_convert": 0.0972909927368164
        },
        "create_final_documents": {
            "overall": 0.06309080123901367,
            "0_rename": 0.03144240379333496
        }
    }
}