{
    "total_runtime": 652.2837529182434,
    "num_documents": 20,
    "input_load_time": 0,
    "workflows": {
        "create_base_text_units": {
            "overall": 0.2897815704345703,
            "0_orderby": 0.0031147003173828125,
            "1_zip": 0.0035314559936523438,
            "2_aggregate_override": 0.0060596466064453125,
            "3_chunk": 0.2289445400238037,
            "4_select": 0.004258155822753906,
            "5_unroll": 0.005572795867919922,
            "6_rename": 0.004425764083862305,
            "7_genid": 0.005188941955566406,
            "8_unzip": 0.005649566650390625,
            "9_copy": 0.004992485046386719,
            "10_filter": 0.01544642448425293
        },
        "create_base_extracted_entities": {
            "overall": 506.9554328918457,
            "0_entity_extract": 506.90444898605347,
            "1_snapshot": 0.009746551513671875,
            "2_merge_graphs": 0.027799129486083984,
            "3_snapshot_rows": 0.007370710372924805
        },
        "create_summarized_entities": {
            "overall": 22.002330541610718,
            "0_summarize_descriptions": 21.987008094787598,
            "1_snapshot_rows": 0.008348941802978516
        },
        "create_base_entity_graph": {
            "overall": 0.06377005577087402,
            "0_cluster_graph": 0.02881455421447754,
            "1_snapshot_rows": 0.009045839309692383,
            "2_snapshot_rows": 0.009051322937011719,
            "3_select": 0.009056806564331055
        },
        "create_final_entities": {
            "overall": 11.990423679351807,
            "0_unpack_graph": 0.014899969100952148,
            "1_rename": 0.009586095809936523,
            "2_select": 0.010223388671875,
            "3_dedupe": 0.01039743423461914,
            "4_rename": 0.014216423034667969,
            "5_filter": 0.04085183143615723,
            "6_text_split": 0.013154745101928711,
            "7_drop": 0.011306047439575195,
            "8_merge": 0.035520076751708984,
            "9_text_embed": 11.779779195785522,
            "10_drop": 0.01237630844116211,
            "11_filter": 0.02883148193359375
        },
        "create_final_nodes": {
            "overall": 0.26204395294189453,
            "0_layout_graph": 0.03320741653442383,
            "1_unpack_graph": 0.019037485122680664,
            "2_unpack_graph": 0.01908588409423828,
            "3_drop": 0.013765573501586914,
            "4_filter": 0.031966209411621094,
            "5_select": 0.014233827590942383,
            "6_snapshot": 0.015147924423217773,
            "7_rename": 0.016281604766845703,
            "8_join": 0.022160768508911133,
            "9_convert": 0.04864835739135742,
            "10_rename": 0.015727758407592773
        },
        "create_final_communities": {
            "overall": 0.35517358779907227,
            "0_unpack_graph": 0.022177696228027344,
            "1_unpack_graph": 0.02296280860900879,
            "2_aggregate_override": 0.01967620849609375,
            "3_join": 0.02356123924255371,
            "4_join": 0.023342370986938477,
            "5_concat": 0.017587661743164062,
            "6_filter": 0.040816545486450195,
            "7_aggregate_override": 0.021085500717163086,
            "8_join": 0.02391362190246582,
            "9_filter": 0.04378390312194824,
            "10_fill": 0.01964116096496582,
            "11_merge": 0.020704984664916992,
            "12_copy": 0.019567012786865234,
            "13_select": 0.019816875457763672
        },
        "join_text_units_to_entity_ids": {
            "overall": 0.08845710754394531,
            "0_select": 0.02104949951171875,
            "1_unroll": 0.022429466247558594,
            "2_aggregate_override": 0.02374434471130371
        },
        "create_final_relationships": {
            "overall": 0.2912416458129883,
            "0_unpack_graph": 0.028313875198364258,
            "1_filter": 0.04834413528442383,
            "2_rename": 0.022408008575439453,
            "3_filter": 0.048323869705200195,
            "4_drop": 0.023044347763061523,
            "5_compute_edge_combined_degree": 0.026637792587280273,
            "6_convert": 0.048609256744384766,
            "7_convert": 0.023773670196533203
        },
        "join_text_units_to_relationship_ids": {
            "overall": 0.14951324462890625,
            "0_select": 0.0241243839263916,
            "1_unroll": 0.03677868843078613,
            "2_aggregate_override": 0.039916276931762695,
            "3_select": 0.02507781982421875
        },
        "create_final_community_reports": {
            "overall": 105.36130952835083,
            "0_prepare_community_reports_nodes": 0.03258848190307617,
            "1_prepare_community_reports_edges": 0.0319819450378418,
            "2_restore_community_hierarchy": 0.03287053108215332,
            "3_prepare_community_reports": 0.0555880069732666,
            "4_create_community_reports": 105.15182089805603,
            "5_window": 0.027686357498168945
        },
        "create_final_text_units": {
            "overall": 0.2136225700378418,
            "0_select": 0.02778911590576172,
            "1_rename": 0.028010129928588867,
            "2_join": 0.03420710563659668,
            "3_join": 0.03450894355773926,
            "4_aggregate_override": 0.03208303451538086,
            "5_select": 0.029323101043701172
        },
        "create_base_documents": {
            "overall": 0.35375428199768066,
            "0_unroll": 0.03191947937011719,
            "1_select": 0.03027629852294922,
            "2_rename": 0.029848575592041016,
            "3_join": 0.03557848930358887,
            "4_aggregate_override": 0.03306174278259277,
            "5_join": 0.036334991455078125,
            "6_rename": 0.03168606758117676,
            "7_convert": 0.09534287452697754
        },
        "create_final_documents": {
            "overall": 0.06632447242736816,
            "0_rename": 0.03397727012634277
        }
    }
}