{
    "total_runtime": 1058.6488676071167,
    "num_documents": 20,
    "input_load_time": 0,
    "workflows": {
        "create_base_text_units": {
            "overall": 0.3112215995788574,
            "0_orderby": 0.0035839080810546875,
            "1_zip": 0.003779172897338867,
            "2_aggregate_override": 0.00659942626953125,
            "3_chunk": 0.24833917617797852,
            "4_select": 0.004303932189941406,
            "5_unroll": 0.005618572235107422,
            "6_rename": 0.004561901092529297,
            "7_genid": 0.005162477493286133,
            "8_unzip": 0.005598545074462891,
            "9_copy": 0.005137920379638672,
            "10_filter": 0.015605449676513672
        },
        "create_base_extracted_entities": {
            "overall": 893.9155485630035,
            "0_entity_extract": 893.8635857105255,
            "1_snapshot": 0.009769201278686523,
            "2_merge_graphs": 0.028527021408081055,
            "3_snapshot_rows": 0.007379770278930664
        },
        "create_summarized_entities": {
            "overall": 38.488014459609985,
            "0_summarize_descriptions": 38.47271180152893,
            "1_snapshot_rows": 0.008280038833618164
        },
        "create_base_entity_graph": {
            "overall": 0.06529355049133301,
            "0_cluster_graph": 0.02957320213317871,
            "1_snapshot_rows": 0.00942683219909668,
            "2_snapshot_rows": 0.009440898895263672,
            "3_select": 0.009177446365356445
        },
        "create_final_entities": {
            "overall": 11.916070222854614,
            "0_unpack_graph": 0.015093803405761719,
            "1_rename": 0.009600162506103516,
            "2_select": 0.010151386260986328,
            "3_dedupe": 0.010653257369995117,
            "4_rename": 0.010522127151489258,
            "5_filter": 0.0253446102142334,
            "6_text_split": 0.012830495834350586,
            "7_drop": 0.011051654815673828,
            "8_merge": 0.03384828567504883,
            "9_text_embed": 11.72590970993042,
            "10_drop": 0.012489557266235352,
            "11_filter": 0.02916431427001953
        },
        "create_final_nodes": {
            "overall": 0.27042222023010254,
            "0_layout_graph": 0.033966064453125,
            "1_unpack_graph": 0.019005298614501953,
            "2_unpack_graph": 0.01901412010192871,
            "3_filter": 0.03130650520324707,
            "4_drop": 0.014420747756958008,
            "5_select": 0.014513015747070312,
            "6_snapshot": 0.015321969985961914,
            "7_rename": 0.016172170639038086,
            "8_join": 0.023181915283203125,
            "9_convert": 0.054138898849487305,
            "10_rename": 0.01625800132751465
        },
        "create_final_communities": {
            "overall": 0.3752477169036865,
            "0_unpack_graph": 0.022225379943847656,
            "1_unpack_graph": 0.021334409713745117,
            "2_aggregate_override": 0.019640684127807617,
            "3_join": 0.0426793098449707,
            "4_join": 0.023510217666625977,
            "5_concat": 0.018198251724243164,
            "6_filter": 0.04358172416687012,
            "7_aggregate_override": 0.02136063575744629,
            "8_join": 0.024365663528442383,
            "9_filter": 0.04213142395019531,
            "10_fill": 0.018956661224365234,
            "11_merge": 0.021080970764160156,
            "12_copy": 0.019376754760742188,
            "13_select": 0.020062685012817383
        },
        "join_text_units_to_entity_ids": {
            "overall": 0.09225130081176758,
            "0_select": 0.025371551513671875,
            "1_unroll": 0.022627830505371094,
            "2_aggregate_override": 0.023720741271972656
        },
        "create_final_relationships": {
            "overall": 0.31157398223876953,
            "0_unpack_graph": 0.027250051498413086,
            "1_filter": 0.06374931335449219,
            "2_rename": 0.0274810791015625,
            "3_filter": 0.0510563850402832,
            "4_drop": 0.02282881736755371,
            "5_compute_edge_combined_degree": 0.0270235538482666,
            "6_convert": 0.047023773193359375,
            "7_convert": 0.02346515655517578
        },
        "join_text_units_to_relationship_ids": {
            "overall": 0.1298990249633789,
            "0_select": 0.024422168731689453,
            "1_unroll": 0.029543161392211914,
            "2_aggregate_override": 0.02735161781311035,
            "3_select": 0.024931669235229492
        },
        "create_final_community_reports": {
            "overall": 108.10162425041199,
            "0_prepare_community_reports_nodes": 0.033249616622924805,
            "1_prepare_community_reports_edges": 0.050208330154418945,
            "2_restore_community_hierarchy": 0.03003072738647461,
            "3_prepare_community_reports": 0.05528759956359863,
            "4_create_community_reports": 107.87927746772766,
            "5_window": 0.027762413024902344
        },
        "create_final_text_units": {
            "overall": 0.20988249778747559,
            "0_select": 0.02748847007751465,
            "1_rename": 0.027707815170288086,
            "2_join": 0.03367805480957031,
            "3_join": 0.03394484519958496,
            "4_aggregate_override": 0.031137466430664062,
            "5_select": 0.02909064292907715
        },
        "create_base_documents": {
            "overall": 0.38036251068115234,
            "0_unroll": 0.03134655952453613,
            "1_select": 0.029979944229125977,
            "2_rename": 0.029688119888305664,
            "3_join": 0.04674649238586426,
            "4_aggregate_override": 0.05046963691711426,
            "5_join": 0.03601670265197754,
            "6_rename": 0.030990123748779297,
            "7_convert": 0.09537816047668457
        },
        "create_final_documents": {
            "overall": 0.06485319137573242,
            "0_rename": 0.03247332572937012
        }
    }
}