{
    "total_runtime": 859.1302545070648,
    "num_documents": 20,
    "input_load_time": 0,
    "workflows": {
        "create_base_text_units": {
            "overall": 0.2764904499053955,
            "0_orderby": 0.0031418800354003906,
            "1_zip": 0.003359556198120117,
            "2_aggregate_override": 0.0060122013092041016,
            "3_chunk": 0.21570229530334473,
            "4_select": 0.0041961669921875,
            "5_unroll": 0.005712747573852539,
            "6_rename": 0.0045588016510009766,
            "7_genid": 0.005153656005859375,
            "8_unzip": 0.005690097808837891,
            "9_copy": 0.00502467155456543,
            "10_filter": 0.015452861785888672
        },
        "create_base_extracted_entities": {
            "overall": 716.2631967067719,
            "0_entity_extract": 716.2179756164551,
            "1_snapshot": 0.008919715881347656,
            "2_merge_graphs": 0.02349996566772461,
            "3_snapshot_rows": 0.007098674774169922
        },
        "create_summarized_entities": {
            "overall": 52.24712562561035,
            "0_summarize_descriptions": 52.22447943687439,
            "1_snapshot_rows": 0.015816688537597656
        },
        "create_base_entity_graph": {
            "overall": 0.06631135940551758,
            "0_cluster_graph": 0.028241634368896484,
            "1_snapshot_rows": 0.010513067245483398,
            "2_snapshot_rows": 0.009767770767211914,
            "3_select": 0.01003408432006836
        },
        "create_final_entities": {
            "overall": 9.367331743240356,
            "0_unpack_graph": 0.014430761337280273,
            "1_rename": 0.009405851364135742,
            "2_select": 0.009868144989013672,
            "3_dedupe": 0.012940406799316406,
            "4_rename": 0.01034688949584961,
            "5_filter": 0.025352001190185547,
            "6_text_split": 0.012695074081420898,
            "7_drop": 0.014012575149536133,
            "8_merge": 0.0346219539642334,
            "9_text_embed": 9.172845840454102,
            "10_drop": 0.012331724166870117,
            "11_filter": 0.029148340225219727
        },
        "create_final_nodes": {
            "overall": 0.2529323101043701,
            "0_layout_graph": 0.029210567474365234,
            "1_unpack_graph": 0.01794266700744629,
            "2_unpack_graph": 0.017589092254638672,
            "3_filter": 0.031065940856933594,
            "4_drop": 0.014061212539672852,
            "5_select": 0.014880895614624023,
            "6_snapshot": 0.015393972396850586,
            "7_rename": 0.014990091323852539,
            "8_convert": 0.04723000526428223,
            "9_join": 0.02162766456604004,
            "10_rename": 0.0158538818359375
        },
        "create_final_communities": {
            "overall": 0.36329174041748047,
            "0_unpack_graph": 0.021161794662475586,
            "1_unpack_graph": 0.02044057846069336,
            "2_aggregate_override": 0.01920318603515625,
            "3_join": 0.02326798439025879,
            "4_join": 0.022984743118286133,
            "5_concat": 0.01781153678894043,
            "6_filter": 0.05749630928039551,
            "7_aggregate_override": 0.020824432373046875,
            "8_join": 0.02362823486328125,
            "9_filter": 0.0413663387298584,
            "10_fill": 0.018735408782958984,
            "11_merge": 0.02053356170654297,
            "12_copy": 0.019490718841552734,
            "13_select": 0.02001643180847168
        },
        "join_text_units_to_entity_ids": {
            "overall": 0.08543562889099121,
            "0_select": 0.020523548126220703,
            "1_unroll": 0.022168636322021484,
            "2_aggregate_override": 0.023191213607788086
        },
        "create_final_relationships": {
            "overall": 0.30819249153137207,
            "0_unpack_graph": 0.025903701782226562,
            "1_filter": 0.046681880950927734,
            "2_rename": 0.021978139877319336,
            "3_filter": 0.04778790473937988,
            "4_drop": 0.023204803466796875,
            "5_compute_edge_combined_degree": 0.05025482177734375,
            "6_convert": 0.04758477210998535,
            "7_convert": 0.023251771926879883
        },
        "join_text_units_to_relationship_ids": {
            "overall": 0.12689900398254395,
            "0_select": 0.023486614227294922,
            "1_unroll": 0.02704787254333496,
            "2_aggregate_override": 0.027614116668701172,
            "3_select": 0.025187969207763672
        },
        "create_final_community_reports": {
            "overall": 75.35874509811401,
            "0_prepare_community_reports_nodes": 0.02729511260986328,
            "1_prepare_community_reports_edges": 0.029801368713378906,
            "2_restore_community_hierarchy": 0.028929948806762695,
            "3_prepare_community_reports": 0.0521240234375,
            "4_create_community_reports": 75.1679859161377,
            "5_window": 0.02733135223388672
        },
        "create_final_text_units": {
            "overall": 0.2139120101928711,
            "0_select": 0.028452157974243164,
            "1_rename": 0.028569936752319336,
            "2_join": 0.034998178482055664,
            "3_join": 0.03346419334411621,
            "4_aggregate_override": 0.03128409385681152,
            "5_select": 0.029076099395751953
        },
        "create_base_documents": {
            "overall": 0.37925076484680176,
            "0_unroll": 0.03161025047302246,
            "1_select": 0.029938220977783203,
            "2_rename": 0.03723430633544922,
            "3_join": 0.05748629570007324,
            "4_aggregate_override": 0.03216910362243652,
            "5_join": 0.035657644271850586,
            "6_rename": 0.030785799026489258,
            "7_convert": 0.09495091438293457
        },
        "create_final_documents": {
            "overall": 0.06345152854919434,
            "0_rename": 0.03168892860412598
        }
    }
}