{
    "total_runtime": 329.64317536354065,
    "num_documents": 20,
    "input_load_time": 0,
    "workflows": {
        "create_base_text_units": {
            "overall": 0.2789175510406494,
            "0_orderby": 0.0030586719512939453,
            "1_zip": 0.0034596920013427734,
            "2_aggregate_override": 0.0058438777923583984,
            "3_chunk": 0.21934986114501953,
            "4_select": 0.004117250442504883,
            "5_unroll": 0.005376100540161133,
            "6_rename": 0.004260063171386719,
            "7_genid": 0.005226612091064453,
            "8_unzip": 0.0053822994232177734,
            "9_copy": 0.004972219467163086,
            "10_filter": 0.015320777893066406
        },
        "create_base_extracted_entities": {
            "overall": 120.77057552337646,
            "0_entity_extract": 120.72076153755188,
            "1_snapshot": 0.009903430938720703,
            "2_merge_graphs": 0.026993274688720703,
            "3_snapshot_rows": 0.007130146026611328
        },
        "create_summarized_entities": {
            "overall": 43.394394397735596,
            "0_summarize_descriptions": 43.379682302474976,
            "1_snapshot_rows": 0.007958650588989258
        },
        "create_base_entity_graph": {
            "overall": 0.06409931182861328,
            "0_cluster_graph": 0.029270172119140625,
            "1_snapshot_rows": 0.009012460708618164,
            "2_snapshot_rows": 0.009099960327148438,
            "3_select": 0.009169816970825195
        },
        "create_final_entities": {
            "overall": 12.599382162094116,
            "0_unpack_graph": 0.014994382858276367,
            "1_rename": 0.009495973587036133,
            "2_select": 0.009859323501586914,
            "3_dedupe": 0.009921789169311523,
            "4_rename": 0.010110139846801758,
            "5_filter": 0.02457904815673828,
            "6_text_split": 0.012833118438720703,
            "7_drop": 0.010732650756835938,
            "8_merge": 0.03710675239562988,
            "9_text_embed": 12.408852815628052,
            "10_drop": 0.012310981750488281,
            "11_filter": 0.029184579849243164
        },
        "create_final_nodes": {
            "overall": 0.2589743137359619,
            "0_layout_graph": 0.03438448905944824,
            "1_unpack_graph": 0.018696308135986328,
            "2_unpack_graph": 0.01894831657409668,
            "3_filter": 0.031136274337768555,
            "4_drop": 0.014323949813842773,
            "5_select": 0.014383077621459961,
            "6_snapshot": 0.014911651611328125,
            "7_rename": 0.014789581298828125,
            "8_join": 0.02100348472595215,
            "9_convert": 0.04797959327697754,
            "10_rename": 0.015573740005493164
        },
        "create_final_communities": {
            "overall": 0.3493964672088623,
            "0_unpack_graph": 0.021820068359375,
            "1_unpack_graph": 0.021365880966186523,
            "2_aggregate_override": 0.01923966407775879,
            "3_join": 0.02323436737060547,
            "4_join": 0.02303338050842285,
            "5_concat": 0.017841577529907227,
            "6_filter": 0.04053997993469238,
            "7_aggregate_override": 0.021120786666870117,
            "8_join": 0.023755311965942383,
            "9_filter": 0.042067766189575195,
            "10_fill": 0.018832683563232422,
            "11_merge": 0.020611047744750977,
            "12_copy": 0.019210100173950195,
            "13_select": 0.020472288131713867
        },
        "join_text_units_to_entity_ids": {
            "overall": 0.08622980117797852,
            "0_select": 0.021712064743041992,
            "1_unroll": 0.021766185760498047,
            "2_aggregate_override": 0.023128747940063477
        },
        "create_final_relationships": {
            "overall": 0.2824854850769043,
            "0_unpack_graph": 0.02646636962890625,
            "1_filter": 0.04747343063354492,
            "2_rename": 0.02205824851989746,
            "3_filter": 0.04654049873352051,
            "4_drop": 0.02205348014831543,
            "5_compute_edge_combined_degree": 0.026983261108398438,
            "6_convert": 0.04593849182128906,
            "7_convert": 0.02344679832458496
        },
        "join_text_units_to_relationship_ids": {
            "overall": 0.15064501762390137,
            "0_select": 0.024229764938354492,
            "1_unroll": 0.02561211585998535,
            "2_aggregate_override": 0.05180048942565918,
            "3_select": 0.0245974063873291
        },
        "create_final_community_reports": {
            "overall": 147.09002780914307,
            "0_prepare_community_reports_nodes": 0.02796149253845215,
            "1_prepare_community_reports_edges": 0.027645349502563477,
            "2_restore_community_hierarchy": 0.028744220733642578,
            "3_prepare_community_reports": 0.05731487274169922,
            "4_create_community_reports": 146.89587998390198,
            "5_window": 0.027023792266845703
        },
        "create_final_text_units": {
            "overall": 0.21331119537353516,
            "0_select": 0.027486324310302734,
            "1_rename": 0.027698993682861328,
            "2_join": 0.03335213661193848,
            "3_join": 0.03316235542297363,
            "4_aggregate_override": 0.030237674713134766,
            "5_select": 0.034262895584106445
        },
        "create_base_documents": {
            "overall": 0.34323549270629883,
            "0_unroll": 0.03075432777404785,
            "1_select": 0.029520034790039062,
            "2_rename": 0.02901625633239746,
            "3_join": 0.03540515899658203,
            "4_aggregate_override": 0.03155994415283203,
            "5_join": 0.03609132766723633,
            "6_rename": 0.03014516830444336,
            "7_convert": 0.09237337112426758
        },
        "create_final_documents": {
            "overall": 0.06161046028137207,
            "0_rename": 0.031002283096313477
        }
    }
}