{
    "total_runtime": 852.8696148395538,
    "num_documents": 20,
    "input_load_time": 0,
    "workflows": {
        "create_base_text_units": {
            "overall": 0.3170888423919678,
            "0_orderby": 0.0031518936157226562,
            "1_zip": 0.0035619735717773438,
            "2_aggregate_override": 0.006063938140869141,
            "3_chunk": 0.25369977951049805,
            "4_select": 0.004309892654418945,
            "5_unroll": 0.005602359771728516,
            "6_rename": 0.0044918060302734375,
            "7_genid": 0.005234241485595703,
            "8_unzip": 0.0059337615966796875,
            "9_copy": 0.005578041076660156,
            "10_filter": 0.01672673225402832
        },
        "create_base_extracted_entities": {
            "overall": 671.8297746181488,
            "0_entity_extract": 671.7778458595276,
            "1_snapshot": 0.009959220886230469,
            "2_merge_graphs": 0.028023242950439453,
            "3_snapshot_rows": 0.00792384147644043
        },
        "create_summarized_entities": {
            "overall": 37.05659222602844,
            "0_summarize_descriptions": 37.0411958694458,
            "1_snapshot_rows": 0.008578300476074219
        },
        "create_base_entity_graph": {
            "overall": 0.0657649040222168,
            "0_cluster_graph": 0.03047490119934082,
            "1_snapshot_rows": 0.009209632873535156,
            "2_snapshot_rows": 0.00916743278503418,
            "3_select": 0.009247064590454102
        },
        "create_final_entities": {
            "overall": 12.99887228012085,
            "0_unpack_graph": 0.015171527862548828,
            "1_rename": 0.009691476821899414,
            "2_select": 0.010145425796508789,
            "3_dedupe": 0.010529041290283203,
            "4_rename": 0.010478496551513672,
            "5_filter": 0.025458097457885742,
            "6_text_split": 0.01310276985168457,
            "7_drop": 0.011254310607910156,
            "8_merge": 0.03788495063781738,
            "9_text_embed": 12.800897121429443,
            "10_drop": 0.013239622116088867,
            "11_filter": 0.03158283233642578
        },
        "create_final_nodes": {
            "overall": 0.27840113639831543,
            "0_layout_graph": 0.0355687141418457,
            "1_unpack_graph": 0.021121501922607422,
            "2_unpack_graph": 0.021806716918945312,
            "3_drop": 0.014857769012451172,
            "4_filter": 0.03345751762390137,
            "5_select": 0.015515327453613281,
            "6_snapshot": 0.016032695770263672,
            "7_rename": 0.015798091888427734,
            "8_convert": 0.05112123489379883,
            "9_join": 0.023100852966308594,
            "10_rename": 0.016324520111083984
        },
        "create_final_communities": {
            "overall": 0.36507105827331543,
            "0_unpack_graph": 0.023032188415527344,
            "1_unpack_graph": 0.022678136825561523,
            "2_aggregate_override": 0.020200014114379883,
            "3_join": 0.0242764949798584,
            "4_join": 0.02438211441040039,
            "5_concat": 0.018281221389770508,
            "6_filter": 0.04178619384765625,
            "7_aggregate_override": 0.02161264419555664,
            "8_join": 0.024549007415771484,
            "9_filter": 0.04393720626831055,
            "10_fill": 0.02106499671936035,
            "11_merge": 0.021615266799926758,
            "12_copy": 0.020075559616088867,
            "13_select": 0.02051997184753418
        },
        "join_text_units_to_entity_ids": {
            "overall": 0.09277462959289551,
            "0_select": 0.021475553512573242,
            "1_unroll": 0.023678064346313477,
            "2_aggregate_override": 0.02687835693359375
        },
        "create_final_relationships": {
            "overall": 0.2933847904205322,
            "0_unpack_graph": 0.028201818466186523,
            "1_filter": 0.04825758934020996,
            "2_rename": 0.023252487182617188,
            "3_filter": 0.048708438873291016,
            "4_drop": 0.022980690002441406,
            "5_compute_edge_combined_degree": 0.027869462966918945,
            "6_convert": 0.04802656173706055,
            "7_convert": 0.024333953857421875
        },
        "join_text_units_to_relationship_ids": {
            "overall": 0.13441061973571777,
            "0_select": 0.026278018951416016,
            "1_unroll": 0.02761387825012207,
            "2_aggregate_override": 0.028995990753173828,
            "3_select": 0.026124238967895508
        },
        "create_final_community_reports": {
            "overall": 124.43014931678772,
            "0_prepare_community_reports_nodes": 0.028215885162353516,
            "1_prepare_community_reports_edges": 0.028226852416992188,
            "2_restore_community_hierarchy": 0.0325016975402832,
            "3_prepare_community_reports": 0.057374000549316406,
            "4_create_community_reports": 124.22947072982788,
            "5_window": 0.028614521026611328
        },
        "create_final_text_units": {
            "overall": 0.22112250328063965,
            "0_select": 0.028705358505249023,
            "1_rename": 0.028784513473510742,
            "2_join": 0.036103010177612305,
            "3_join": 0.035044193267822266,
            "4_aggregate_override": 0.03471779823303223,
            "5_select": 0.03018021583557129
        },
        "create_base_documents": {
            "overall": 0.3643336296081543,
            "0_unroll": 0.032004356384277344,
            "1_select": 0.031194210052490234,
            "2_rename": 0.031296491622924805,
            "3_join": 0.0371856689453125,
            "4_aggregate_override": 0.03364872932434082,
            "5_join": 0.03833937644958496,
            "6_rename": 0.032581329345703125,
            "7_convert": 0.09809231758117676
        },
        "create_final_documents": {
            "overall": 0.0651400089263916,
            "0_rename": 0.032971858978271484
        }
    }
}