{
    "total_runtime": 2989.021243572235,
    "num_documents": 20,
    "input_load_time": 0,
    "workflows": {
        "create_base_text_units": {
            "overall": 0.2987692356109619,
            "0_orderby": 0.0031862258911132812,
            "1_zip": 0.0034589767456054688,
            "2_aggregate_override": 0.005993366241455078,
            "3_chunk": 0.2378392219543457,
            "4_select": 0.004231929779052734,
            "5_unroll": 0.005602359771728516,
            "6_rename": 0.004392862319946289,
            "7_genid": 0.005113840103149414,
            "8_unzip": 0.005620718002319336,
            "9_copy": 0.005115509033203125,
            "10_filter": 0.015552997589111328
        },
        "create_base_extracted_entities": {
            "overall": 1868.3407485485077,
            "0_entity_extract": 1868.2943744659424,
            "1_snapshot": 0.009361505508422852,
            "2_merge_graphs": 0.023564815521240234,
            "3_snapshot_rows": 0.007425069808959961
        },
        "create_summarized_entities": {
            "overall": 29.013330936431885,
            "0_summarize_descriptions": 28.998409748077393,
            "1_snapshot_rows": 0.008094072341918945
        },
        "create_base_entity_graph": {
            "overall": 0.05995297431945801,
            "0_cluster_graph": 0.024692058563232422,
            "1_snapshot_rows": 0.009184837341308594,
            "2_snapshot_rows": 0.009189367294311523,
            "3_select": 0.009005546569824219
        },
        "create_final_entities": {
            "overall": 11.609662294387817,
            "0_unpack_graph": 0.013283729553222656,
            "1_rename": 0.00957179069519043,
            "2_select": 0.010179281234741211,
            "3_dedupe": 0.010465145111083984,
            "4_rename": 0.010759830474853516,
            "5_filter": 0.02505946159362793,
            "6_text_split": 0.012169837951660156,
            "7_drop": 0.011100530624389648,
            "8_merge": 0.02643728256225586,
            "9_text_embed": 11.430076122283936,
            "10_drop": 0.012265205383300781,
            "11_filter": 0.028959035873413086
        },
        "create_final_nodes": {
            "overall": 0.2541663646697998,
            "0_layout_graph": 0.02758336067199707,
            "1_unpack_graph": 0.01720905303955078,
            "2_unpack_graph": 0.017418861389160156,
            "3_drop": 0.014427423477172852,
            "4_filter": 0.03265094757080078,
            "5_select": 0.014925241470336914,
            "6_snapshot": 0.015442132949829102,
            "7_rename": 0.015341520309448242,
            "8_join": 0.021806716918945312,
            "9_convert": 0.04861164093017578,
            "10_rename": 0.01569843292236328
        },
        "create_final_communities": {
            "overall": 0.3621714115142822,
            "0_unpack_graph": 0.03524017333984375,
            "1_unpack_graph": 0.01981329917907715,
            "2_aggregate_override": 0.019650697708129883,
            "3_join": 0.023375272750854492,
            "4_join": 0.023068904876708984,
            "5_concat": 0.017860889434814453,
            "6_filter": 0.04131174087524414,
            "7_aggregate_override": 0.020873308181762695,
            "8_join": 0.023753643035888672,
            "9_filter": 0.04138827323913574,
            "10_fill": 0.019069433212280273,
            "11_merge": 0.02055501937866211,
            "12_copy": 0.019772052764892578,
            "13_select": 0.019878625869750977
        },
        "join_text_units_to_entity_ids": {
            "overall": 0.08754396438598633,
            "0_select": 0.021208524703979492,
            "1_unroll": 0.022540569305419922,
            "2_aggregate_override": 0.02332282066345215
        },
        "create_final_relationships": {
            "overall": 0.3085963726043701,
            "0_unpack_graph": 0.031188011169433594,
            "1_filter": 0.06282854080200195,
            "2_rename": 0.021780967712402344,
            "3_filter": 0.04864001274108887,
            "4_drop": 0.023051977157592773,
            "5_compute_edge_combined_degree": 0.02727985382080078,
            "6_convert": 0.04762625694274902,
            "7_convert": 0.024353981018066406
        },
        "join_text_units_to_relationship_ids": {
            "overall": 0.12679195404052734,
            "0_select": 0.024505615234375,
            "1_unroll": 0.02617931365966797,
            "2_aggregate_override": 0.027187108993530273,
            "3_select": 0.025162220001220703
        },
        "create_final_community_reports": {
            "overall": 1074.0893054008484,
            "0_prepare_community_reports_nodes": 0.03278946876525879,
            "1_prepare_community_reports_edges": 0.046379804611206055,
            "2_restore_community_hierarchy": 0.02955770492553711,
            "3_prepare_community_reports": 0.052053213119506836,
            "4_create_community_reports": 1073.8751864433289,
            "5_window": 0.028052091598510742
        },
        "create_final_text_units": {
            "overall": 0.2176036834716797,
            "0_select": 0.028228044509887695,
            "1_rename": 0.028071880340576172,
            "2_join": 0.033692121505737305,
            "3_join": 0.03361201286315918,
            "4_aggregate_override": 0.0315546989440918,
            "5_select": 0.032642364501953125
        },
        "create_base_documents": {
            "overall": 0.35233569145202637,
            "0_unroll": 0.031141996383666992,
            "1_select": 0.029561996459960938,
            "2_rename": 0.029855966567993164,
            "3_join": 0.03491854667663574,
            "4_aggregate_override": 0.03444862365722656,
            "5_join": 0.03594064712524414,
            "6_rename": 0.0328059196472168,
            "7_convert": 0.09448122978210449
        },
        "create_final_documents": {
            "overall": 0.0662236213684082,
            "0_rename": 0.03416943550109863
        }
    }
}