{
    "total_runtime": 4052.5307772159576,
    "num_documents": 20,
    "input_load_time": 0,
    "workflows": {
        "create_base_text_units": {
            "overall": 0.29412245750427246,
            "0_orderby": 0.0032558441162109375,
            "1_zip": 0.003607511520385742,
            "2_aggregate_override": 0.006150722503662109,
            "3_chunk": 0.2313685417175293,
            "4_select": 0.00439906120300293,
            "5_unroll": 0.005837678909301758,
            "6_rename": 0.004588603973388672,
            "7_genid": 0.005274534225463867,
            "8_unzip": 0.005759477615356445,
            "9_copy": 0.005171298980712891,
            "10_filter": 0.01590561866760254
        },
        "create_base_extracted_entities": {
            "overall": 1868.2524065971375,
            "0_entity_extract": 1868.1952693462372,
            "1_snapshot": 0.010175228118896484,
            "2_merge_graphs": 0.03191328048706055,
            "3_snapshot_rows": 0.008814573287963867
        },
        "create_summarized_entities": {
            "overall": 157.808438539505,
            "0_summarize_descriptions": 157.79158401489258,
            "1_snapshot_rows": 0.009515762329101562
        },
        "create_base_entity_graph": {
            "overall": 0.0712435245513916,
            "0_cluster_graph": 0.031949520111083984,
            "1_snapshot_rows": 0.01225900650024414,
            "2_snapshot_rows": 0.00945281982421875,
            "3_select": 0.00953817367553711
        },
        "create_final_entities": {
            "overall": 1715.5133934020996,
            "0_unpack_graph": 0.014442205429077148,
            "1_rename": 0.010278940200805664,
            "2_select": 0.010759830474853516,
            "3_dedupe": 0.01105952262878418,
            "4_rename": 0.011138200759887695,
            "5_filter": 0.026508808135986328,
            "6_text_split": 0.013763666152954102,
            "7_drop": 0.01218867301940918,
            "8_merge": 0.028980731964111328,
            "9_text_embed": 1715.320320367813,
            "10_drop": 0.013765335083007812,
            "11_filter": 0.030469894409179688
        },
        "create_final_nodes": {
            "overall": 0.26373791694641113,
            "0_layout_graph": 0.02927255630493164,
            "1_unpack_graph": 0.021017789840698242,
            "2_unpack_graph": 0.018419504165649414,
            "3_drop": 0.014388561248779297,
            "4_filter": 0.03289031982421875,
            "5_select": 0.014909505844116211,
            "6_snapshot": 0.015543937683105469,
            "7_rename": 0.015456676483154297,
            "8_convert": 0.049617767333984375,
            "9_join": 0.02260422706604004,
            "10_rename": 0.01614832878112793
        },
        "create_final_communities": {
            "overall": 0.37083983421325684,
            "0_unpack_graph": 0.021925687789916992,
            "1_unpack_graph": 0.021730422973632812,
            "2_aggregate_override": 0.020784854888916016,
            "3_join": 0.025009632110595703,
            "4_join": 0.024349451065063477,
            "5_concat": 0.019070148468017578,
            "6_filter": 0.0440974235534668,
            "7_aggregate_override": 0.021419286727905273,
            "8_join": 0.024447917938232422,
            "9_filter": 0.042513132095336914,
            "10_fill": 0.024033784866333008,
            "11_merge": 0.021808147430419922,
            "12_copy": 0.020387887954711914,
            "13_select": 0.022571325302124023
        },
        "join_text_units_to_entity_ids": {
            "overall": 0.08867740631103516,
            "0_select": 0.021163225173950195,
            "1_unroll": 0.02266383171081543,
            "2_aggregate_override": 0.023977041244506836
        },
        "create_final_relationships": {
            "overall": 0.29663705825805664,
            "0_unpack_graph": 0.026071786880493164,
            "1_filter": 0.04836750030517578,
            "2_rename": 0.022986412048339844,
            "3_filter": 0.04882478713989258,
            "4_drop": 0.024823904037475586,
            "5_compute_edge_combined_degree": 0.02774643898010254,
            "6_convert": 0.05159497261047363,
            "7_convert": 0.024430274963378906
        },
        "join_text_units_to_relationship_ids": {
            "overall": 0.13400602340698242,
            "0_select": 0.025450468063354492,
            "1_unroll": 0.02686595916748047,
            "2_aggregate_override": 0.027970314025878906,
            "3_select": 0.029145240783691406
        },
        "create_final_community_reports": {
            "overall": 304.5514500141144,
            "0_prepare_community_reports_nodes": 0.028008460998535156,
            "1_prepare_community_reports_edges": 0.02823185920715332,
            "2_restore_community_hierarchy": 0.030567407608032227,
            "3_prepare_community_reports": 0.05392265319824219,
            "4_create_community_reports": 304.35437774658203,
            "5_window": 0.030170202255249023
        },
        "create_final_text_units": {
            "overall": 0.21805644035339355,
            "0_select": 0.028876543045043945,
            "1_rename": 0.02940058708190918,
            "2_join": 0.03514909744262695,
            "3_join": 0.034955739974975586,
            "4_aggregate_override": 0.03201699256896973,
            "5_select": 0.029537677764892578
        },
        "create_base_documents": {
            "overall": 0.39877748489379883,
            "0_unroll": 0.033083438873291016,
            "1_select": 0.03125786781311035,
            "2_rename": 0.03108382225036621,
            "3_join": 0.03656363487243652,
            "4_aggregate_override": 0.03306770324707031,
            "5_join": 0.036960601806640625,
            "6_rename": 0.032238006591796875,
            "7_convert": 0.13455486297607422
        },
        "create_final_documents": {
            "overall": 0.06878471374511719,
            "0_rename": 0.03549528121948242
        }
    }
}