{
    "total_runtime": 764.8315043449402,
    "num_documents": 20,
    "input_load_time": 0,
    "workflows": {
        "create_base_text_units": {
            "overall": 0.28865504264831543,
            "0_orderby": 0.0030634403228759766,
            "1_zip": 0.003526926040649414,
            "2_aggregate_override": 0.005979061126708984,
            "3_chunk": 0.22876286506652832,
            "4_select": 0.004136562347412109,
            "5_unroll": 0.005549430847167969,
            "6_rename": 0.004401445388793945,
            "7_genid": 0.005102396011352539,
            "8_unzip": 0.005420684814453125,
            "9_copy": 0.0049779415130615234,
            "10_filter": 0.015173912048339844
        },
        "create_base_extracted_entities": {
            "overall": 659.495156288147,
            "0_entity_extract": 659.4454243183136,
            "1_snapshot": 0.009520292282104492,
            "2_merge_graphs": 0.026984214782714844,
            "3_snapshot_rows": 0.007306098937988281
        },
        "create_summarized_entities": {
            "overall": 17.33656120300293,
            "0_summarize_descriptions": 17.321653366088867,
            "1_snapshot_rows": 0.008275032043457031
        },
        "create_base_entity_graph": {
            "overall": 0.0624544620513916,
            "0_cluster_graph": 0.02799510955810547,
            "1_snapshot_rows": 0.008763313293457031,
            "2_snapshot_rows": 0.009106874465942383,
            "3_select": 0.008984565734863281
        },
        "create_final_entities": {
            "overall": 11.225538969039917,
            "0_unpack_graph": 0.014428377151489258,
            "1_rename": 0.00928044319152832,
            "2_select": 0.00980687141418457,
            "3_dedupe": 0.009962797164916992,
            "4_rename": 0.010073661804199219,
            "5_filter": 0.024968862533569336,
            "6_text_split": 0.012682199478149414,
            "7_drop": 0.010723590850830078,
            "8_merge": 0.03221893310546875,
            "9_text_embed": 11.026892900466919,
            "10_drop": 0.013735055923461914,
            "11_filter": 0.04164886474609375
        },
        "create_final_nodes": {
            "overall": 0.2563917636871338,
            "0_layout_graph": 0.03234410285949707,
            "1_unpack_graph": 0.018141746520996094,
            "2_unpack_graph": 0.01880335807800293,
            "3_filter": 0.030506372451782227,
            "4_drop": 0.013814449310302734,
            "5_select": 0.014988183975219727,
            "6_snapshot": 0.015225410461425781,
            "7_rename": 0.01490020751953125,
            "8_join": 0.021099567413330078,
            "9_convert": 0.0479278564453125,
            "10_rename": 0.015686988830566406
        },
        "create_final_communities": {
            "overall": 0.3491969108581543,
            "0_unpack_graph": 0.020951271057128906,
            "1_unpack_graph": 0.020699262619018555,
            "2_aggregate_override": 0.018805503845214844,
            "3_join": 0.023118257522583008,
            "4_join": 0.022472620010375977,
            "5_concat": 0.017345428466796875,
            "6_filter": 0.03969097137451172,
            "7_aggregate_override": 0.020592212677001953,
            "8_join": 0.023366689682006836,
            "9_filter": 0.04116320610046387,
            "10_fill": 0.019349336624145508,
            "11_merge": 0.026781320571899414,
            "12_copy": 0.01907634735107422,
            "13_select": 0.019608259201049805
        },
        "join_text_units_to_entity_ids": {
            "overall": 0.08849143981933594,
            "0_select": 0.020694971084594727,
            "1_unroll": 0.02206254005432129,
            "2_aggregate_override": 0.025707483291625977
        },
        "create_final_relationships": {
            "overall": 0.28142356872558594,
            "0_unpack_graph": 0.02677178382873535,
            "1_filter": 0.04667258262634277,
            "2_rename": 0.021600723266601562,
            "3_filter": 0.04662895202636719,
            "4_drop": 0.02208256721496582,
            "5_compute_edge_combined_degree": 0.026073217391967773,
            "6_convert": 0.046926021575927734,
            "7_convert": 0.022965192794799805
        },
        "join_text_units_to_relationship_ids": {
            "overall": 0.1493995189666748,
            "0_select": 0.02458810806274414,
            "1_unroll": 0.03127622604370117,
            "2_aggregate_override": 0.044687747955322266,
            "3_select": 0.024975299835205078
        },
        "create_final_community_reports": {
            "overall": 70.88526153564453,
            "0_prepare_community_reports_nodes": 0.026575565338134766,
            "1_prepare_community_reports_edges": 0.02679133415222168,
            "2_restore_community_hierarchy": 0.028823375701904297,
            "3_prepare_community_reports": 0.05217599868774414,
            "4_create_community_reports": 70.69870710372925,
            "5_window": 0.027481794357299805
        },
        "create_final_text_units": {
            "overall": 0.20642447471618652,
            "0_select": 0.026981115341186523,
            "1_rename": 0.02700519561767578,
            "2_join": 0.03303170204162598,
            "3_join": 0.03272414207458496,
            "4_aggregate_override": 0.030509233474731445,
            "5_select": 0.028722524642944336
        },
        "create_base_documents": {
            "overall": 0.35816097259521484,
            "0_unroll": 0.031106233596801758,
            "1_select": 0.029686450958251953,
            "2_rename": 0.029543399810791016,
            "3_join": 0.036179542541503906,
            "4_aggregate_override": 0.03163409233093262,
            "5_join": 0.0420231819152832,
            "6_rename": 0.034014225006103516,
            "7_convert": 0.09452986717224121
        },
        "create_final_documents": {
            "overall": 0.062189579010009766,
            "0_rename": 0.031070709228515625
        }
    }
}