{
    "total_runtime": 0.5248081684112549,
    "num_documents": 20,
    "input_load_time": 0,
    "workflows": {
        "create_base_text_units": {
            "overall": 0.3037104606628418,
            "0_orderby": 0.003259420394897461,
            "1_zip": 0.003611326217651367,
            "2_aggregate_override": 0.0063974857330322266,
            "3_chunk": 0.23994970321655273,
            "4_select": 0.0045282840728759766,
            "5_unroll": 0.006057024002075195,
            "6_rename": 0.0046367645263671875,
            "7_genid": 0.005339622497558594,
            "8_unzip": 0.0057735443115234375,
            "9_copy": 0.005133867263793945,
            "10_filter": 0.016257762908935547
        }
    }
}