{
    "total_runtime": 1031.485848903656,
    "num_documents": 20,
    "input_load_time": 0,
    "workflows": {
        "create_base_text_units": {
            "overall": 0.28768229484558105,
            "0_orderby": 0.0031626224517822266,
            "1_zip": 0.003554821014404297,
            "2_aggregate_override": 0.0061817169189453125,
            "3_chunk": 0.22627878189086914,
            "4_select": 0.004363536834716797,
            "5_unroll": 0.005655765533447266,
            "6_rename": 0.004371166229248047,
            "7_genid": 0.005174875259399414,
            "8_unzip": 0.005587339401245117,
            "9_copy": 0.0050258636474609375,
            "10_filter": 0.01570272445678711
        },
        "create_base_extracted_entities": {
            "overall": 908.7140543460846,
            "0_entity_extract": 908.6625244617462,
            "1_snapshot": 0.009741067886352539,
            "2_merge_graphs": 0.027896881103515625,
            "3_snapshot_rows": 0.007899045944213867
        },
        "create_summarized_entities": {
            "overall": 14.229886531829834,
            "0_summarize_descriptions": 14.214696645736694,
            "1_snapshot_rows": 0.00826263427734375
        },
        "create_base_entity_graph": {
            "overall": 0.06924962997436523,
            "0_cluster_graph": 0.028418540954589844,
            "1_snapshot_rows": 0.009099006652832031,
            "2_snapshot_rows": 0.009249210357666016,
            "3_select": 0.014574050903320312
        },
        "create_final_entities": {
            "overall": 11.625592708587646,
            "0_unpack_graph": 0.014696598052978516,
            "1_rename": 0.009597539901733398,
            "2_select": 0.009995222091674805,
            "3_dedupe": 0.010410547256469727,
            "4_rename": 0.010410785675048828,
            "5_filter": 0.025288820266723633,
            "6_text_split": 0.01299738883972168,
            "7_drop": 0.011039972305297852,
            "8_merge": 0.03339672088623047,
            "9_text_embed": 11.435472965240479,
            "10_drop": 0.013260602951049805,
            "11_filter": 0.029590368270874023
        },
        "create_final_nodes": {
            "overall": 0.27197861671447754,
            "0_layout_graph": 0.04495096206665039,
            "1_unpack_graph": 0.01862621307373047,
            "2_unpack_graph": 0.01888132095336914,
            "3_filter": 0.03128647804260254,
            "4_drop": 0.014261960983276367,
            "5_select": 0.014438629150390625,
            "6_snapshot": 0.015191078186035156,
            "7_rename": 0.015044212341308594,
            "8_join": 0.02144145965576172,
            "9_convert": 0.04880523681640625,
            "10_rename": 0.015866994857788086
        },
        "create_final_communities": {
            "overall": 0.3725471496582031,
            "0_unpack_graph": 0.022137165069580078,
            "1_unpack_graph": 0.021198749542236328,
            "2_aggregate_override": 0.019266366958618164,
            "3_join": 0.024900197982788086,
            "4_join": 0.02520442008972168,
            "5_concat": 0.019048690795898438,
            "6_filter": 0.044150352478027344,
            "7_aggregate_override": 0.02320551872253418,
            "8_join": 0.025233745574951172,
            "9_filter": 0.04539656639099121,
            "10_fill": 0.020840883255004883,
            "11_merge": 0.02257061004638672,
            "12_copy": 0.021195173263549805,
            "13_select": 0.0214998722076416
        },
        "join_text_units_to_entity_ids": {
            "overall": 0.0881507396697998,
            "0_select": 0.02122664451599121,
            "1_unroll": 0.022485971450805664,
            "2_aggregate_override": 0.02412104606628418
        },
        "create_final_relationships": {
            "overall": 0.29335999488830566,
            "0_unpack_graph": 0.02705097198486328,
            "1_filter": 0.04747724533081055,
            "2_rename": 0.02248382568359375,
            "3_filter": 0.052854299545288086,
            "4_drop": 0.023372888565063477,
            "5_compute_edge_combined_degree": 0.026980161666870117,
            "6_convert": 0.0469820499420166,
            "7_convert": 0.024190187454223633
        },
        "join_text_units_to_relationship_ids": {
            "overall": 0.15190672874450684,
            "0_select": 0.03026556968688965,
            "1_unroll": 0.04362821578979492,
            "2_aggregate_override": 0.02760004997253418,
            "3_select": 0.025161266326904297
        },
        "create_final_community_reports": {
            "overall": 90.81280374526978,
            "0_prepare_community_reports_nodes": 0.03090810775756836,
            "1_prepare_community_reports_edges": 0.03008890151977539,
            "2_restore_community_hierarchy": 0.03264331817626953,
            "3_prepare_community_reports": 0.06162285804748535,
            "4_create_community_reports": 90.60092663764954,
            "5_window": 0.028616666793823242
        },
        "create_final_text_units": {
            "overall": 0.21231889724731445,
            "0_select": 0.028276681900024414,
            "1_rename": 0.02825331687927246,
            "2_join": 0.03357887268066406,
            "3_join": 0.034001827239990234,
            "4_aggregate_override": 0.0312957763671875,
            "5_select": 0.02940201759338379
        },
        "create_base_documents": {
            "overall": 0.35376524925231934,
            "0_unroll": 0.031508684158325195,
            "1_select": 0.029644489288330078,
            "2_rename": 0.030547380447387695,
            "3_join": 0.03602766990661621,
            "4_aggregate_override": 0.03287243843078613,
            "5_join": 0.03619551658630371,
            "6_rename": 0.03147172927856445,
            "7_convert": 0.09584736824035645
        },
        "create_final_documents": {
            "overall": 0.06468605995178223,
            "0_rename": 0.03278493881225586
        }
    }
}