{
    "total_runtime": 3108.302778482437,
    "num_documents": 20,
    "input_load_time": 0,
    "workflows": {
        "create_base_text_units": {
            "overall": 0.31682324409484863,
            "0_orderby": 0.003134012222290039,
            "1_zip": 0.0035665035247802734,
            "2_aggregate_override": 0.006158351898193359,
            "3_chunk": 0.25213027000427246,
            "4_select": 0.004992246627807617,
            "5_unroll": 0.005984306335449219,
            "6_rename": 0.0044515132904052734,
            "7_genid": 0.005530357360839844,
            "8_unzip": 0.006307363510131836,
            "9_copy": 0.005525112152099609,
            "10_filter": 0.016281843185424805
        },
        "create_base_extracted_entities": {
            "overall": 697.9858441352844,
            "0_entity_extract": 697.9303224086761,
            "1_snapshot": 0.014644145965576172,
            "2_merge_graphs": 0.026660919189453125,
            "3_snapshot_rows": 0.007717132568359375
        },
        "create_summarized_entities": {
            "overall": 313.9483518600464,
            "0_summarize_descriptions": 313.93233346939087,
            "1_snapshot_rows": 0.008753538131713867
        },
        "create_base_entity_graph": {
            "overall": 0.08119463920593262,
            "0_cluster_graph": 0.03791952133178711,
            "1_snapshot_rows": 0.011348724365234375,
            "2_snapshot_rows": 0.0106353759765625,
            "3_select": 0.009857892990112305
        },
        "create_final_entities": {
            "overall": 412.0514008998871,
            "0_unpack_graph": 0.018188953399658203,
            "1_rename": 0.010306358337402344,
            "2_select": 0.010790109634399414,
            "3_dedupe": 0.010944366455078125,
            "4_rename": 0.010711908340454102,
            "5_filter": 0.030240535736083984,
            "6_text_split": 0.013077735900878906,
            "7_drop": 0.011721611022949219,
            "8_merge": 0.027002334594726562,
            "9_text_embed": 411.8548514842987,
            "10_drop": 0.01328277587890625,
            "11_filter": 0.030345678329467773
        },
        "create_final_nodes": {
            "overall": 0.3589611053466797,
            "0_layout_graph": 0.040703535079956055,
            "1_unpack_graph": 0.021654844284057617,
            "2_unpack_graph": 0.023886680603027344,
            "3_filter": 0.03464341163635254,
            "4_drop": 0.015412092208862305,
            "5_select": 0.01566338539123535,
            "6_snapshot": 0.016432523727416992,
            "7_rename": 0.01610398292541504,
            "8_join": 0.023180723190307617,
            "9_convert": 0.12162137031555176,
            "10_rename": 0.01611495018005371
        },
        "create_final_communities": {
            "overall": 0.3749723434448242,
            "0_unpack_graph": 0.02495288848876953,
            "1_unpack_graph": 0.023968935012817383,
            "2_aggregate_override": 0.019922256469726562,
            "3_join": 0.02469015121459961,
            "4_join": 0.024085044860839844,
            "5_concat": 0.018152236938476562,
            "6_filter": 0.047102928161621094,
            "7_aggregate_override": 0.023112058639526367,
            "8_join": 0.024575471878051758,
            "9_filter": 0.04289984703063965,
            "10_fill": 0.01938772201538086,
            "11_merge": 0.02407670021057129,
            "12_copy": 0.019968509674072266,
            "13_select": 0.020720720291137695
        },
        "join_text_units_to_entity_ids": {
            "overall": 0.09094834327697754,
            "0_select": 0.021546602249145508,
            "1_unroll": 0.02369546890258789,
            "2_aggregate_override": 0.024930238723754883
        },
        "create_final_relationships": {
            "overall": 0.3009660243988037,
            "0_unpack_graph": 0.029888629913330078,
            "1_filter": 0.04938244819641113,
            "2_rename": 0.022628068923950195,
            "3_filter": 0.048865318298339844,
            "4_drop": 0.02312779426574707,
            "5_compute_edge_combined_degree": 0.027713775634765625,
            "6_convert": 0.05022096633911133,
            "7_convert": 0.026840925216674805
        },
        "join_text_units_to_relationship_ids": {
            "overall": 0.13664889335632324,
            "0_select": 0.02691960334777832,
            "1_unroll": 0.028391599655151367,
            "2_aggregate_override": 0.029244184494018555,
            "3_select": 0.026523590087890625
        },
        "create_final_community_reports": {
            "overall": 1677.4535155296326,
            "0_prepare_community_reports_nodes": 0.029626846313476562,
            "1_prepare_community_reports_edges": 0.029961109161376953,
            "2_restore_community_hierarchy": 0.03226065635681152,
            "3_prepare_community_reports": 0.14037585258483887,
            "4_create_community_reports": 1677.1646099090576,
            "5_window": 0.03030848503112793
        },
        "create_final_text_units": {
            "overall": 0.22752952575683594,
            "0_select": 0.03137516975402832,
            "1_rename": 0.03020477294921875,
            "2_join": 0.03738856315612793,
            "3_join": 0.037335872650146484,
            "4_aggregate_override": 0.0326690673828125,
            "5_select": 0.030207395553588867
        },
        "create_base_documents": {
            "overall": 0.47249531745910645,
            "0_unroll": 0.03334188461303711,
            "1_select": 0.035091400146484375,
            "2_rename": 0.03730893135070801,
            "3_join": 0.09663891792297363,
            "4_aggregate_override": 0.03313279151916504,
            "5_join": 0.03852701187133789,
            "6_rename": 0.032233476638793945,
            "7_convert": 0.1351921558380127
        },
        "create_final_documents": {
            "overall": 0.06792306900024414,
            "0_rename": 0.034781455993652344
        }
    }
}