{
    "total_runtime": 2818.720630168915,
    "num_documents": 20,
    "input_load_time": 0,
    "workflows": {
        "create_base_text_units": {
            "overall": 0.28855466842651367,
            "0_orderby": 0.003111600875854492,
            "1_zip": 0.003512859344482422,
            "2_aggregate_override": 0.006148815155029297,
            "3_chunk": 0.22745656967163086,
            "4_select": 0.00429224967956543,
            "5_unroll": 0.0056324005126953125,
            "6_rename": 0.004373073577880859,
            "7_genid": 0.005293846130371094,
            "8_unzip": 0.0056149959564208984,
            "9_copy": 0.005037784576416016,
            "10_filter": 0.015469551086425781
        },
        "create_base_extracted_entities": {
            "overall": 1662.3696570396423,
            "0_entity_extract": 1662.3045735359192,
            "1_snapshot": 0.011345863342285156,
            "2_merge_graphs": 0.03930807113647461,
            "3_snapshot_rows": 0.008454561233520508
        },
        "create_summarized_entities": {
            "overall": 115.81238508224487,
            "0_summarize_descriptions": 115.79698991775513,
            "1_snapshot_rows": 0.008230924606323242
        },
        "create_base_entity_graph": {
            "overall": 0.06473159790039062,
            "0_cluster_graph": 0.029392242431640625,
            "1_snapshot_rows": 0.00934743881225586,
            "2_snapshot_rows": 0.009105205535888672,
            "3_select": 0.009008646011352539
        },
        "create_final_entities": {
            "overall": 12.5918607711792,
            "0_unpack_graph": 0.014821529388427734,
            "1_rename": 0.009561777114868164,
            "2_select": 0.010200977325439453,
            "3_dedupe": 0.010418891906738281,
            "4_rename": 0.010340452194213867,
            "5_filter": 0.024968385696411133,
            "6_text_split": 0.012728214263916016,
            "7_drop": 0.011028289794921875,
            "8_merge": 0.035437583923339844,
            "9_text_embed": 12.401667833328247,
            "10_drop": 0.012366533279418945,
            "11_filter": 0.029036998748779297
        },
        "create_final_nodes": {
            "overall": 0.2610659599304199,
            "0_layout_graph": 0.033301353454589844,
            "1_unpack_graph": 0.01928400993347168,
            "2_unpack_graph": 0.0187838077545166,
            "3_filter": 0.030957937240600586,
            "4_drop": 0.01406717300415039,
            "5_select": 0.015315532684326172,
            "6_snapshot": 0.015451908111572266,
            "7_rename": 0.015076875686645508,
            "8_join": 0.021775484085083008,
            "9_convert": 0.048311471939086914,
            "10_rename": 0.01568770408630371
        },
        "create_final_communities": {
            "overall": 0.36914873123168945,
            "0_unpack_graph": 0.022402524948120117,
            "1_unpack_graph": 0.02135300636291504,
            "2_aggregate_override": 0.01919841766357422,
            "3_join": 0.04100441932678223,
            "4_join": 0.02332448959350586,
            "5_concat": 0.01781749725341797,
            "6_filter": 0.04062771797180176,
            "7_aggregate_override": 0.021181344985961914,
            "8_join": 0.023896455764770508,
            "9_filter": 0.04180455207824707,
            "10_fill": 0.019093751907348633,
            "11_merge": 0.02095174789428711,
            "12_copy": 0.019720077514648438,
            "13_select": 0.02023172378540039
        },
        "join_text_units_to_entity_ids": {
            "overall": 0.0872948169708252,
            "0_select": 0.020949125289916992,
            "1_unroll": 0.02220916748046875,
            "2_aggregate_override": 0.023682832717895508
        },
        "create_final_relationships": {
            "overall": 0.3125491142272949,
            "0_unpack_graph": 0.02826857566833496,
            "1_filter": 0.049979209899902344,
            "2_rename": 0.028632640838623047,
            "3_filter": 0.0637972354888916,
            "4_drop": 0.022952556610107422,
            "5_compute_edge_combined_degree": 0.02701282501220703,
            "6_convert": 0.04674124717712402,
            "7_convert": 0.0232846736907959
        },
        "join_text_units_to_relationship_ids": {
            "overall": 0.1275923252105713,
            "0_select": 0.024706363677978516,
            "1_unroll": 0.02583932876586914,
            "2_aggregate_override": 0.027631282806396484,
            "3_select": 0.025279521942138672
        },
        "create_final_community_reports": {
            "overall": 1021.9219543933868,
            "0_prepare_community_reports_nodes": 0.028588294982910156,
            "1_prepare_community_reports_edges": 0.028011798858642578,
            "2_restore_community_hierarchy": 0.029644250869750977,
            "3_prepare_community_reports": 0.0797884464263916,
            "4_create_community_reports": 1021.701868057251,
            "5_window": 0.0284576416015625
        },
        "create_final_text_units": {
            "overall": 0.21284961700439453,
            "0_select": 0.027456998825073242,
            "1_rename": 0.028167724609375,
            "2_join": 0.034662723541259766,
            "3_join": 0.033808231353759766,
            "4_aggregate_override": 0.03213644027709961,
            "5_select": 0.029479265213012695
        },
        "create_base_documents": {
            "overall": 0.35349178314208984,
            "0_unroll": 0.03150677680969238,
            "1_select": 0.03037238121032715,
            "2_rename": 0.03048849105834961,
            "3_join": 0.03545784950256348,
            "4_aggregate_override": 0.03331780433654785,
            "5_join": 0.03623604774475098,
            "6_rename": 0.031235218048095703,
            "7_convert": 0.09568238258361816
        },
        "create_final_documents": {
            "overall": 0.06435608863830566,
            "0_rename": 0.03281879425048828
        }
    }
}