{
    "total_runtime": 1914.6297645568848,
    "num_documents": 20,
    "input_load_time": 0,
    "workflows": {
        "create_base_text_units": {
            "overall": 0.31427431106567383,
            "0_orderby": 0.003189563751220703,
            "1_zip": 0.0035293102264404297,
            "2_aggregate_override": 0.006129741668701172,
            "3_chunk": 0.24834704399108887,
            "4_select": 0.004658222198486328,
            "5_unroll": 0.0063991546630859375,
            "6_rename": 0.005118370056152344,
            "7_genid": 0.005783796310424805,
            "8_unzip": 0.005784273147583008,
            "9_copy": 0.005408048629760742,
            "10_filter": 0.01716017723083496
        },
        "create_base_extracted_entities": {
            "overall": 1289.0249769687653,
            "0_entity_extract": 1288.9333050251007,
            "1_snapshot": 0.020337343215942383,
            "2_merge_graphs": 0.055274009704589844,
            "3_snapshot_rows": 0.009788751602172852
        },
        "create_summarized_entities": {
            "overall": 71.35428977012634,
            "0_summarize_descriptions": 71.33842945098877,
            "1_snapshot_rows": 0.009006738662719727
        },
        "create_base_entity_graph": {
            "overall": 0.0787050724029541,
            "0_cluster_graph": 0.03278517723083496,
            "1_snapshot_rows": 0.009450197219848633,
            "2_snapshot_rows": 0.019515275955200195,
            "3_select": 0.008856773376464844
        },
        "create_final_entities": {
            "overall": 14.310862302780151,
            "0_unpack_graph": 0.01587510108947754,
            "1_rename": 0.00984811782836914,
            "2_select": 0.010663270950317383,
            "3_dedupe": 0.0110015869140625,
            "4_rename": 0.010931968688964844,
            "5_filter": 0.025681018829345703,
            "6_text_split": 0.013442754745483398,
            "7_drop": 0.011319398880004883,
            "8_merge": 0.03992199897766113,
            "9_text_embed": 14.067164659500122,
            "10_drop": 0.02710556983947754,
            "11_filter": 0.05829620361328125
        },
        "create_final_nodes": {
            "overall": 0.3229982852935791,
            "0_layout_graph": 0.04197549819946289,
            "1_unpack_graph": 0.027852773666381836,
            "2_unpack_graph": 0.030258655548095703,
            "3_filter": 0.03403973579406738,
            "4_drop": 0.016017913818359375,
            "5_select": 0.017075538635253906,
            "6_snapshot": 0.016332149505615234,
            "7_rename": 0.015630483627319336,
            "8_convert": 0.04960036277770996,
            "9_join": 0.04080820083618164,
            "10_rename": 0.017393112182617188
        },
        "create_final_communities": {
            "overall": 0.38344550132751465,
            "0_unpack_graph": 0.0240478515625,
            "1_unpack_graph": 0.022452354431152344,
            "2_aggregate_override": 0.019597530364990234,
            "3_join": 0.024895191192626953,
            "4_join": 0.024738311767578125,
            "5_concat": 0.019643783569335938,
            "6_filter": 0.044692277908325195,
            "7_aggregate_override": 0.0222933292388916,
            "8_join": 0.02627873420715332,
            "9_filter": 0.04532957077026367,
            "10_fill": 0.020237207412719727,
            "11_merge": 0.025900840759277344,
            "12_copy": 0.021738529205322266,
            "13_select": 0.023720264434814453
        },
        "join_text_units_to_entity_ids": {
            "overall": 0.09063720703125,
            "0_select": 0.02134847640991211,
            "1_unroll": 0.02344369888305664,
            "2_aggregate_override": 0.025557756423950195
        },
        "create_final_relationships": {
            "overall": 0.33386945724487305,
            "0_unpack_graph": 0.03609204292297363,
            "1_filter": 0.056967735290527344,
            "2_rename": 0.024102449417114258,
            "3_filter": 0.055074214935302734,
            "4_drop": 0.025354862213134766,
            "5_compute_edge_combined_degree": 0.033196210861206055,
            "6_convert": 0.05430173873901367,
            "7_convert": 0.025168180465698242
        },
        "join_text_units_to_relationship_ids": {
            "overall": 0.133469820022583,
            "0_select": 0.02590179443359375,
            "1_unroll": 0.027719974517822266,
            "2_aggregate_override": 0.028351783752441406,
            "3_select": 0.026639699935913086
        },
        "create_final_community_reports": {
            "overall": 533.0080780982971,
            "0_prepare_community_reports_nodes": 0.03137016296386719,
            "1_prepare_community_reports_edges": 0.030849695205688477,
            "2_restore_community_hierarchy": 0.03185009956359863,
            "3_prepare_community_reports": 0.051645517349243164,
            "4_create_community_reports": 532.8055768013,
            "5_window": 0.029419898986816406
        },
        "create_final_text_units": {
            "overall": 0.23868966102600098,
            "0_select": 0.03136920928955078,
            "1_rename": 0.04088020324707031,
            "2_join": 0.0366055965423584,
            "3_join": 0.03757953643798828,
            "4_aggregate_override": 0.03324413299560547,
            "5_select": 0.03032827377319336
        },
        "create_base_documents": {
            "overall": 0.4058260917663574,
            "0_unroll": 0.048828840255737305,
            "1_select": 0.05001044273376465,
            "2_rename": 0.03141617774963379,
            "3_join": 0.03816080093383789,
            "4_aggregate_override": 0.03661155700683594,
            "5_join": 0.03742647171020508,
            "6_rename": 0.03329968452453613,
            "7_convert": 0.09966683387756348
        },
        "create_final_documents": {
            "overall": 0.06649637222290039,
            "0_rename": 0.033754587173461914
        }
    }
}