{
    "total_runtime": 2675.745208263397,
    "num_documents": 20,
    "input_load_time": 0,
    "workflows": {
        "create_base_text_units": {
            "overall": 0.3115084171295166,
            "0_orderby": 0.0033507347106933594,
            "1_zip": 0.003772735595703125,
            "2_aggregate_override": 0.006494283676147461,
            "3_chunk": 0.24334168434143066,
            "4_select": 0.005164384841918945,
            "5_unroll": 0.007111787796020508,
            "6_rename": 0.005316495895385742,
            "7_genid": 0.005526065826416016,
            "8_unzip": 0.00588679313659668,
            "9_copy": 0.005239725112915039,
            "10_filter": 0.017310142517089844
        },
        "create_base_extracted_entities": {
            "overall": 1059.7986290454865,
            "0_entity_extract": 1059.7373666763306,
            "1_snapshot": 0.01071476936340332,
            "2_merge_graphs": 0.035748958587646484,
            "3_snapshot_rows": 0.008535623550415039
        },
        "create_summarized_entities": {
            "overall": 66.53335976600647,
            "0_summarize_descriptions": 66.51705408096313,
            "1_snapshot_rows": 0.008741140365600586
        },
        "create_base_entity_graph": {
            "overall": 0.07022261619567871,
            "0_cluster_graph": 0.031342506408691406,
            "1_snapshot_rows": 0.010523796081542969,
            "2_snapshot_rows": 0.01006937026977539,
            "3_select": 0.009807109832763672
        },
        "create_final_entities": {
            "overall": 1404.7611768245697,
            "0_unpack_graph": 0.016660690307617188,
            "1_rename": 0.010929584503173828,
            "2_select": 0.011168956756591797,
            "3_dedupe": 0.011073112487792969,
            "4_rename": 0.010866641998291016,
            "5_filter": 0.02637004852294922,
            "6_text_split": 0.02572178840637207,
            "7_drop": 0.014144420623779297,
            "8_merge": 0.04041314125061035,
            "9_text_embed": 1404.5374054908752,
            "10_drop": 0.013345003128051758,
            "11_filter": 0.032549142837524414
        },
        "create_final_nodes": {
            "overall": 0.26731014251708984,
            "0_layout_graph": 0.03385663032531738,
            "1_unpack_graph": 0.01906418800354004,
            "2_unpack_graph": 0.019032955169677734,
            "3_drop": 0.01513814926147461,
            "4_filter": 0.03271842002868652,
            "5_select": 0.014676809310913086,
            "6_snapshot": 0.015352725982666016,
            "7_rename": 0.015213966369628906,
            "8_convert": 0.0495450496673584,
            "9_join": 0.022528886795043945,
            "10_rename": 0.015961885452270508
        },
        "create_final_communities": {
            "overall": 0.39370203018188477,
            "0_unpack_graph": 0.023145437240600586,
            "1_unpack_graph": 0.03493857383728027,
            "2_aggregate_override": 0.02759408950805664,
            "3_join": 0.024473190307617188,
            "4_join": 0.02493572235107422,
            "5_concat": 0.018906831741333008,
            "6_filter": 0.04286599159240723,
            "7_aggregate_override": 0.022519826889038086,
            "8_join": 0.024695873260498047,
            "9_filter": 0.04484200477600098,
            "10_fill": 0.020205259323120117,
            "11_merge": 0.025340795516967773,
            "12_copy": 0.020833253860473633,
            "13_select": 0.021229267120361328
        },
        "join_text_units_to_entity_ids": {
            "overall": 0.09115815162658691,
            "0_select": 0.02172088623046875,
            "1_unroll": 0.023497343063354492,
            "2_aggregate_override": 0.024622440338134766
        },
        "create_final_relationships": {
            "overall": 0.29781341552734375,
            "0_unpack_graph": 0.02768564224243164,
            "1_filter": 0.04819035530090332,
            "2_rename": 0.022907257080078125,
            "3_filter": 0.04987382888793945,
            "4_drop": 0.02406787872314453,
            "5_compute_edge_combined_degree": 0.029875516891479492,
            "6_convert": 0.048784494400024414,
            "7_convert": 0.02440667152404785
        },
        "join_text_units_to_relationship_ids": {
            "overall": 0.13347077369689941,
            "0_select": 0.025124311447143555,
            "1_unroll": 0.02683734893798828,
            "2_aggregate_override": 0.030965805053710938,
            "3_select": 0.025910615921020508
        },
        "create_final_community_reports": {
            "overall": 138.09975028038025,
            "0_prepare_community_reports_nodes": 0.02922821044921875,
            "1_prepare_community_reports_edges": 0.028992414474487305,
            "2_restore_community_hierarchy": 0.030443191528320312,
            "3_prepare_community_reports": 0.0697932243347168,
            "4_create_community_reports": 137.88673639297485,
            "5_window": 0.028415441513061523
        },
        "create_final_text_units": {
            "overall": 0.21407794952392578,
            "0_select": 0.028095245361328125,
            "1_rename": 0.028791427612304688,
            "2_join": 0.03450489044189453,
            "3_join": 0.03391695022583008,
            "4_aggregate_override": 0.031278371810913086,
            "5_select": 0.02948284149169922
        },
        "create_base_documents": {
            "overall": 0.36094093322753906,
            "0_unroll": 0.03209090232849121,
            "1_select": 0.030818462371826172,
            "2_rename": 0.03134751319885254,
            "3_join": 0.0372471809387207,
            "4_aggregate_override": 0.033056020736694336,
            "5_join": 0.03801393508911133,
            "6_rename": 0.03164982795715332,
            "7_convert": 0.09596681594848633
        },
        "create_final_documents": {
            "overall": 0.06590509414672852,
            "0_rename": 0.03343057632446289
        }
    }
}