{
    "total_runtime": 1126.3980329036713,
    "num_documents": 20,
    "input_load_time": 0,
    "workflows": {
        "create_base_text_units": {
            "overall": 0.29645872116088867,
            "0_orderby": 0.003253936767578125,
            "1_zip": 0.0037207603454589844,
            "2_aggregate_override": 0.006455659866333008,
            "3_chunk": 0.2331984043121338,
            "4_select": 0.004418849945068359,
            "5_unroll": 0.005811929702758789,
            "6_rename": 0.004580020904541016,
            "7_genid": 0.005296468734741211,
            "8_unzip": 0.005808830261230469,
            "9_copy": 0.00511932373046875,
            "10_filter": 0.01593184471130371
        },
        "create_base_extracted_entities": {
            "overall": 813.9733695983887,
            "0_entity_extract": 813.9220781326294,
            "1_snapshot": 0.009823799133300781,
            "2_merge_graphs": 0.027796268463134766,
            "3_snapshot_rows": 0.007586240768432617
        },
        "create_summarized_entities": {
            "overall": 71.39272403717041,
            "0_summarize_descriptions": 71.3766143321991,
            "1_snapshot_rows": 0.008932828903198242
        },
        "create_base_entity_graph": {
            "overall": 0.0720052719116211,
            "0_cluster_graph": 0.030863046646118164,
            "1_snapshot_rows": 0.009811639785766602,
            "2_snapshot_rows": 0.010041475296020508,
            "3_select": 0.011326074600219727
        },
        "create_final_entities": {
            "overall": 153.55133748054504,
            "0_unpack_graph": 0.0170743465423584,
            "1_rename": 0.011028528213500977,
            "2_select": 0.011434078216552734,
            "3_dedupe": 0.011692047119140625,
            "4_rename": 0.011336565017700195,
            "5_filter": 0.028042078018188477,
            "6_text_split": 0.015036821365356445,
            "7_drop": 0.013179779052734375,
            "8_merge": 0.05399036407470703,
            "9_text_embed": 153.32571601867676,
            "10_drop": 0.01300954818725586,
            "11_filter": 0.0302579402923584
        },
        "create_final_nodes": {
            "overall": 0.26608920097351074,
            "0_layout_graph": 0.03328728675842285,
            "1_unpack_graph": 0.01899242401123047,
            "2_unpack_graph": 0.019144773483276367,
            "3_filter": 0.031656503677368164,
            "4_drop": 0.014652013778686523,
            "5_select": 0.01521921157836914,
            "6_snapshot": 0.015521526336669922,
            "7_rename": 0.01535487174987793,
            "8_join": 0.02272653579711914,
            "9_convert": 0.05000901222229004,
            "10_rename": 0.016556501388549805
        },
        "create_final_communities": {
            "overall": 0.3652043342590332,
            "0_unpack_graph": 0.022252321243286133,
            "1_unpack_graph": 0.02114701271057129,
            "2_aggregate_override": 0.019459247589111328,
            "3_join": 0.026458263397216797,
            "4_join": 0.02444148063659668,
            "5_concat": 0.01770472526550293,
            "6_filter": 0.04230189323425293,
            "7_aggregate_override": 0.021209716796875,
            "8_join": 0.024127721786499023,
            "9_filter": 0.04857516288757324,
            "10_fill": 0.019144058227539062,
            "11_merge": 0.02113652229309082,
            "12_copy": 0.01978445053100586,
            "13_select": 0.020063161849975586
        },
        "join_text_units_to_entity_ids": {
            "overall": 0.0881953239440918,
            "0_select": 0.02091217041015625,
            "1_unroll": 0.022609472274780273,
            "2_aggregate_override": 0.0242617130279541
        },
        "create_final_relationships": {
            "overall": 0.29511189460754395,
            "0_unpack_graph": 0.027257442474365234,
            "1_filter": 0.04785966873168945,
            "2_rename": 0.022350788116455078,
            "3_filter": 0.048470497131347656,
            "4_drop": 0.02296900749206543,
            "5_compute_edge_combined_degree": 0.031588077545166016,
            "6_convert": 0.0491182804107666,
            "7_convert": 0.02415156364440918
        },
        "join_text_units_to_relationship_ids": {
            "overall": 0.12821555137634277,
            "0_select": 0.02470231056213379,
            "1_unroll": 0.02616095542907715,
            "2_aggregate_override": 0.027652502059936523,
            "3_select": 0.0257871150970459
        },
        "create_final_community_reports": {
            "overall": 81.09438467025757,
            "0_prepare_community_reports_nodes": 0.02775120735168457,
            "1_prepare_community_reports_edges": 0.027692794799804688,
            "2_restore_community_hierarchy": 0.030166149139404297,
            "3_prepare_community_reports": 0.05449819564819336,
            "4_create_community_reports": 80.90060687065125,
            "5_window": 0.028159141540527344
        },
        "create_final_text_units": {
            "overall": 0.2172856330871582,
            "0_select": 0.02873086929321289,
            "1_rename": 0.028606891632080078,
            "2_join": 0.034812211990356445,
            "3_join": 0.03430819511413574,
            "4_aggregate_override": 0.03122258186340332,
            "5_select": 0.031935691833496094
        },
        "create_base_documents": {
            "overall": 0.40413856506347656,
            "0_unroll": 0.03304338455200195,
            "1_select": 0.030885696411132812,
            "2_rename": 0.03378725051879883,
            "3_join": 0.03731513023376465,
            "4_aggregate_override": 0.034012556076049805,
            "5_join": 0.03793478012084961,
            "6_rename": 0.031922340393066406,
            "7_convert": 0.13518404960632324
        },
        "create_final_documents": {
            "overall": 0.06722354888916016,
            "0_rename": 0.03478384017944336
        }
    }
}