{
    "total_runtime": 1001.8167757987976,
    "num_documents": 20,
    "input_load_time": 0,
    "workflows": {
        "create_base_text_units": {
            "overall": 0.28615236282348633,
            "0_orderby": 0.0031507015228271484,
            "1_zip": 0.003578662872314453,
            "2_aggregate_override": 0.006223201751708984,
            "3_chunk": 0.22488760948181152,
            "4_select": 0.004283428192138672,
            "5_unroll": 0.00563359260559082,
            "6_rename": 0.004419088363647461,
            "7_genid": 0.005147457122802734,
            "8_unzip": 0.005594015121459961,
            "9_copy": 0.005098104476928711,
            "10_filter": 0.015500068664550781
        },
        "create_base_extracted_entities": {
            "overall": 888.4475653171539,
            "0_entity_extract": 888.3954703807831,
            "1_snapshot": 0.009834766387939453,
            "2_merge_graphs": 0.028997421264648438,
            "3_snapshot_rows": 0.00735020637512207
        },
        "create_summarized_entities": {
            "overall": 16.856238842010498,
            "0_summarize_descriptions": 16.841185808181763,
            "1_snapshot_rows": 0.008269548416137695
        },
        "create_base_entity_graph": {
            "overall": 0.07016730308532715,
            "0_cluster_graph": 0.032610177993774414,
            "1_snapshot_rows": 0.008793115615844727,
            "2_snapshot_rows": 0.009217500686645508,
            "3_select": 0.01166224479675293
        },
        "create_final_entities": {
            "overall": 13.785394430160522,
            "0_unpack_graph": 0.01621532440185547,
            "1_rename": 0.009431838989257812,
            "2_select": 0.010026931762695312,
            "3_dedupe": 0.010348320007324219,
            "4_rename": 0.01035165786743164,
            "5_filter": 0.024899959564208984,
            "6_text_split": 0.013359308242797852,
            "7_drop": 0.011107683181762695,
            "8_merge": 0.03957366943359375,
            "9_text_embed": 13.58742904663086,
            "10_drop": 0.01240849494934082,
            "11_filter": 0.030810117721557617
        },
        "create_final_nodes": {
            "overall": 0.2704308032989502,
            "0_layout_graph": 0.037650346755981445,
            "1_unpack_graph": 0.020466089248657227,
            "2_unpack_graph": 0.020227909088134766,
            "3_filter": 0.03418326377868652,
            "4_drop": 0.013924837112426758,
            "5_select": 0.014447927474975586,
            "6_snapshot": 0.015037775039672852,
            "7_rename": 0.014945268630981445,
            "8_convert": 0.048958778381347656,
            "9_join": 0.021858692169189453,
            "10_rename": 0.015639066696166992
        },
        "create_final_communities": {
            "overall": 0.3507232666015625,
            "0_unpack_graph": 0.023292064666748047,
            "1_unpack_graph": 0.02128911018371582,
            "2_aggregate_override": 0.01926898956298828,
            "3_join": 0.023293733596801758,
            "4_join": 0.023270606994628906,
            "5_concat": 0.017621278762817383,
            "6_filter": 0.04281044006347656,
            "7_aggregate_override": 0.020654916763305664,
            "8_join": 0.02350473403930664,
            "9_filter": 0.041031599044799805,
            "10_fill": 0.01905369758605957,
            "11_merge": 0.020678997039794922,
            "12_copy": 0.019398212432861328,
            "13_select": 0.0197603702545166
        },
        "join_text_units_to_entity_ids": {
            "overall": 0.08877038955688477,
            "0_select": 0.021342992782592773,
            "1_unroll": 0.023762226104736328,
            "2_aggregate_override": 0.023444652557373047
        },
        "create_final_relationships": {
            "overall": 0.3069937229156494,
            "0_unpack_graph": 0.048992156982421875,
            "1_filter": 0.04749131202697754,
            "2_rename": 0.021870136260986328,
            "3_filter": 0.04841303825378418,
            "4_drop": 0.022507190704345703,
            "5_compute_edge_combined_degree": 0.026657819747924805,
            "6_convert": 0.04587817192077637,
            "7_convert": 0.02335047721862793
        },
        "join_text_units_to_relationship_ids": {
            "overall": 0.12521982192993164,
            "0_select": 0.024178028106689453,
            "1_unroll": 0.025254011154174805,
            "2_aggregate_override": 0.02759385108947754,
            "3_select": 0.024895429611206055
        },
        "create_final_community_reports": {
            "overall": 76.7108268737793,
            "0_prepare_community_reports_nodes": 0.038765907287597656,
            "1_prepare_community_reports_edges": 0.04120993614196777,
            "2_restore_community_hierarchy": 0.029044628143310547,
            "3_prepare_community_reports": 0.05232524871826172,
            "4_create_community_reports": 76.49667811393738,
            "5_window": 0.027738571166992188
        },
        "create_final_text_units": {
            "overall": 0.2397298812866211,
            "0_select": 0.027889490127563477,
            "1_rename": 0.02817249298095703,
            "2_join": 0.05072355270385742,
            "3_join": 0.045632123947143555,
            "4_aggregate_override": 0.03113245964050293,
            "5_select": 0.02916717529296875
        },
        "create_base_documents": {
            "overall": 0.3504805564880371,
            "0_unroll": 0.03093099594116211,
            "1_select": 0.029486656188964844,
            "2_rename": 0.02982020378112793,
            "3_join": 0.03561997413635254,
            "4_aggregate_override": 0.032373666763305664,
            "5_join": 0.03632855415344238,
            "6_rename": 0.0315701961517334,
            "7_convert": 0.09502911567687988
        },
        "create_final_documents": {
            "overall": 0.06398272514343262,
            "0_rename": 0.032472848892211914
        }
    }
}