{
    "total_runtime": 876.4307425022125,
    "num_documents": 20,
    "input_load_time": 0,
    "workflows": {
        "create_base_text_units": {
            "overall": 0.283038854598999,
            "0_orderby": 0.0031020641326904297,
            "1_zip": 0.003519773483276367,
            "2_aggregate_override": 0.006322383880615234,
            "3_chunk": 0.2216641902923584,
            "4_select": 0.004311561584472656,
            "5_unroll": 0.005620718002319336,
            "6_rename": 0.00442051887512207,
            "7_genid": 0.005217313766479492,
            "8_unzip": 0.005609989166259766,
            "9_copy": 0.005024433135986328,
            "10_filter": 0.015611648559570312
        },
        "create_base_extracted_entities": {
            "overall": 697.9447906017303,
            "0_entity_extract": 697.8934845924377,
            "1_snapshot": 0.00997614860534668,
            "2_merge_graphs": 0.02817988395690918,
            "3_snapshot_rows": 0.00716090202331543
        },
        "create_summarized_entities": {
            "overall": 45.749130725860596,
            "0_summarize_descriptions": 45.73332381248474,
            "1_snapshot_rows": 0.008775949478149414
        },
        "create_base_entity_graph": {
            "overall": 0.06648898124694824,
            "0_cluster_graph": 0.030409812927246094,
            "1_snapshot_rows": 0.009222745895385742,
            "2_snapshot_rows": 0.009577035903930664,
            "3_select": 0.00964665412902832
        },
        "create_final_entities": {
            "overall": 12.365745306015015,
            "0_unpack_graph": 0.015266180038452148,
            "1_rename": 0.009857654571533203,
            "2_select": 0.010453939437866211,
            "3_dedupe": 0.010731697082519531,
            "4_rename": 0.010624170303344727,
            "5_filter": 0.02562093734741211,
            "6_text_split": 0.012902975082397461,
            "7_drop": 0.01158452033996582,
            "8_merge": 0.03689265251159668,
            "9_text_embed": 12.171128988265991,
            "10_drop": 0.012276887893676758,
            "11_filter": 0.028889179229736328
        },
        "create_final_nodes": {
            "overall": 0.27549028396606445,
            "0_layout_graph": 0.03403830528259277,
            "1_unpack_graph": 0.018553495407104492,
            "2_unpack_graph": 0.019039392471313477,
            "3_filter": 0.030961990356445312,
            "4_drop": 0.019840240478515625,
            "5_select": 0.02410101890563965,
            "6_snapshot": 0.015212297439575195,
            "7_rename": 0.014886617660522461,
            "8_convert": 0.04790067672729492,
            "9_join": 0.021829605102539062,
            "10_rename": 0.01618361473083496
        },
        "create_final_communities": {
            "overall": 0.35669589042663574,
            "0_unpack_graph": 0.022441387176513672,
            "1_unpack_graph": 0.021358013153076172,
            "2_aggregate_override": 0.019378185272216797,
            "3_join": 0.023593664169311523,
            "4_join": 0.023130178451538086,
            "5_concat": 0.017959117889404297,
            "6_filter": 0.040787458419799805,
            "7_aggregate_override": 0.02110004425048828,
            "8_join": 0.023586511611938477,
            "9_filter": 0.04207420349121094,
            "10_fill": 0.019115924835205078,
            "11_merge": 0.025046825408935547,
            "12_copy": 0.02035808563232422,
            "13_select": 0.020255565643310547
        },
        "join_text_units_to_entity_ids": {
            "overall": 0.08808660507202148,
            "0_select": 0.020978927612304688,
            "1_unroll": 0.022936344146728516,
            "2_aggregate_override": 0.023932933807373047
        },
        "create_final_relationships": {
            "overall": 0.2858901023864746,
            "0_unpack_graph": 0.027263641357421875,
            "1_filter": 0.04700779914855957,
            "2_rename": 0.02209949493408203,
            "3_filter": 0.04812169075012207,
            "4_drop": 0.02248239517211914,
            "5_compute_edge_combined_degree": 0.027436256408691406,
            "6_convert": 0.04650568962097168,
            "7_convert": 0.023395776748657227
        },
        "join_text_units_to_relationship_ids": {
            "overall": 0.1277906894683838,
            "0_select": 0.02433323860168457,
            "1_unroll": 0.026793956756591797,
            "2_aggregate_override": 0.027791261672973633,
            "3_select": 0.025295019149780273
        },
        "create_final_community_reports": {
            "overall": 113.71354627609253,
            "0_prepare_community_reports_nodes": 0.027840375900268555,
            "1_prepare_community_reports_edges": 0.027879953384399414,
            "2_restore_community_hierarchy": 0.02937006950378418,
            "3_prepare_community_reports": 0.05606222152709961,
            "4_create_community_reports": 113.51834464073181,
            "5_window": 0.028436899185180664
        },
        "create_final_text_units": {
            "overall": 0.22031497955322266,
            "0_select": 0.028295040130615234,
            "1_rename": 0.028301715850830078,
            "2_join": 0.03412914276123047,
            "3_join": 0.03446245193481445,
            "4_aggregate_override": 0.031400203704833984,
            "5_select": 0.0361483097076416
        },
        "create_base_documents": {
            "overall": 0.36197447776794434,
            "0_unroll": 0.0320279598236084,
            "1_select": 0.03126668930053711,
            "2_rename": 0.031516313552856445,
            "3_join": 0.03734445571899414,
            "4_aggregate_override": 0.03322339057922363,
            "5_join": 0.03684043884277344,
            "6_rename": 0.03225588798522949,
            "7_convert": 0.09715723991394043
        },
        "create_final_documents": {
            "overall": 0.06475830078125,
            "0_rename": 0.032707929611206055
        }
    }
}