{
    "total_runtime": 51.677547216415405,
    "num_documents": 20,
    "input_load_time": 0,
    "workflows": {
        "create_base_text_units": {
            "overall": 0.2803337574005127,
            "0_orderby": 0.0032126903533935547,
            "1_zip": 0.003452777862548828,
            "2_aggregate_override": 0.006052970886230469,
            "3_chunk": 0.21857833862304688,
            "4_select": 0.004290103912353516,
            "5_unroll": 0.005577802658081055,
            "6_rename": 0.004996538162231445,
            "7_genid": 0.005198955535888672,
            "8_unzip": 0.005620002746582031,
            "9_copy": 0.005035400390625,
            "10_filter": 0.015737533569335938
        },
        "create_base_extracted_entities": {
            "overall": 0.14093875885009766,
            "0_entity_extract": 0.09228730201721191,
            "1_snapshot": 0.009838581085205078,
            "2_merge_graphs": 0.02529740333557129,
            "3_snapshot_rows": 0.007468700408935547
        },
        "create_summarized_entities": {
            "overall": 38.700478315353394,
            "0_summarize_descriptions": 38.68529438972473,
            "1_snapshot_rows": 0.008159160614013672
        },
        "create_base_entity_graph": {
            "overall": 0.06148362159729004,
            "0_cluster_graph": 0.026297330856323242,
            "1_snapshot_rows": 0.00925588607788086,
            "2_snapshot_rows": 0.00901484489440918,
            "3_select": 0.009136676788330078
        },
        "create_final_entities": {
            "overall": 8.692498445510864,
            "0_unpack_graph": 0.013875961303710938,
            "1_rename": 0.009834527969360352,
            "2_select": 0.010156869888305664,
            "3_dedupe": 0.010294914245605469,
            "4_rename": 0.010800838470458984,
            "5_filter": 0.03588223457336426,
            "6_text_split": 0.012691020965576172,
            "7_drop": 0.011800765991210938,
            "8_merge": 0.027787208557128906,
            "9_text_embed": 8.493448972702026,
            "10_drop": 0.013753890991210938,
            "11_filter": 0.03255796432495117
        },
        "create_final_nodes": {
            "overall": 0.2932906150817871,
            "0_layout_graph": 0.03312110900878906,
            "1_unpack_graph": 0.02013874053955078,
            "2_unpack_graph": 0.020665884017944336,
            "3_drop": 0.014822006225585938,
            "4_filter": 0.03466677665710449,
            "5_select": 0.015394210815429688,
            "6_snapshot": 0.016157150268554688,
            "7_rename": 0.01661062240600586,
            "8_convert": 0.06789708137512207,
            "9_join": 0.022462129592895508,
            "10_rename": 0.017400503158569336
        },
        "create_final_communities": {
            "overall": 0.36267614364624023,
            "0_unpack_graph": 0.02089524269104004,
            "1_unpack_graph": 0.02071237564086914,
            "2_aggregate_override": 0.02024364471435547,
            "3_join": 0.02430558204650879,
            "4_join": 0.025400400161743164,
            "5_concat": 0.018225431442260742,
            "6_filter": 0.04270505905151367,
            "7_aggregate_override": 0.021814823150634766,
            "8_join": 0.025379657745361328,
            "9_filter": 0.04405498504638672,
            "10_fill": 0.019971609115600586,
            "11_merge": 0.02122330665588379,
            "12_copy": 0.020247697830200195,
            "13_select": 0.02074289321899414
        },
        "join_text_units_to_entity_ids": {
            "overall": 0.10944390296936035,
            "0_select": 0.02147698402404785,
            "1_unroll": 0.033695220947265625,
            "2_aggregate_override": 0.033713340759277344
        },
        "create_final_relationships": {
            "overall": 0.2987029552459717,
            "0_unpack_graph": 0.025498151779174805,
            "1_filter": 0.04719352722167969,
            "2_rename": 0.02198195457458496,
            "3_filter": 0.048346757888793945,
            "4_drop": 0.022863388061523438,
            "5_compute_edge_combined_degree": 0.02742147445678711,
            "6_convert": 0.05368614196777344,
            "7_convert": 0.02990245819091797
        },
        "join_text_units_to_relationship_ids": {
            "overall": 0.1504354476928711,
            "0_select": 0.024034976959228516,
            "1_unroll": 0.025516748428344727,
            "2_aggregate_override": 0.052304983139038086,
            "3_select": 0.025031089782714844
        }
    }
}