{
    "total_runtime": 796.4379327297211,
    "num_documents": 20,
    "input_load_time": 0,
    "workflows": {
        "create_base_text_units": {
            "overall": 0.27816224098205566,
            "0_orderby": 0.0031211376190185547,
            "1_zip": 0.0036590099334716797,
            "2_aggregate_override": 0.00620722770690918,
            "3_chunk": 0.21790766716003418,
            "4_select": 0.004213094711303711,
            "5_unroll": 0.00545954704284668,
            "6_rename": 0.004367351531982422,
            "7_genid": 0.005202531814575195,
            "8_unzip": 0.005369663238525391,
            "9_copy": 0.004816293716430664,
            "10_filter": 0.015228986740112305
        },
        "create_base_extracted_entities": {
            "overall": 720.2841620445251,
            "0_entity_extract": 720.2344810962677,
            "1_snapshot": 0.009340047836303711,
            "2_merge_graphs": 0.02724003791809082,
            "3_snapshot_rows": 0.007223606109619141
        },
        "create_summarized_entities": {
            "overall": 9.00714921951294,
            "0_summarize_descriptions": 8.992112159729004,
            "1_snapshot_rows": 0.008218526840209961
        },
        "create_base_entity_graph": {
            "overall": 0.06376123428344727,
            "0_cluster_graph": 0.028996944427490234,
            "1_snapshot_rows": 0.009167909622192383,
            "2_snapshot_rows": 0.00894927978515625,
            "3_select": 0.008864164352416992
        },
        "create_final_entities": {
            "overall": 11.828847646713257,
            "0_unpack_graph": 0.014789581298828125,
            "1_rename": 0.009433507919311523,
            "2_select": 0.009805917739868164,
            "3_dedupe": 0.010243415832519531,
            "4_rename": 0.010241031646728516,
            "5_filter": 0.024989843368530273,
            "6_text_split": 0.012677431106567383,
            "7_drop": 0.010972976684570312,
            "8_merge": 0.03536558151245117,
            "9_text_embed": 11.637596368789673,
            "10_drop": 0.013019561767578125,
            "11_filter": 0.03075575828552246
        },
        "create_final_nodes": {
            "overall": 0.2822287082672119,
            "0_layout_graph": 0.03393697738647461,
            "1_unpack_graph": 0.02482151985168457,
            "2_unpack_graph": 0.03379225730895996,
            "3_drop": 0.014601469039916992,
            "4_filter": 0.031679630279541016,
            "5_select": 0.014542341232299805,
            "6_snapshot": 0.015203475952148438,
            "7_rename": 0.014965534210205078,
            "8_convert": 0.04796791076660156,
            "9_join": 0.0215299129486084,
            "10_rename": 0.016047239303588867
        },
        "create_final_communities": {
            "overall": 0.35544276237487793,
            "0_unpack_graph": 0.02192234992980957,
            "1_unpack_graph": 0.021537303924560547,
            "2_aggregate_override": 0.019167184829711914,
            "3_join": 0.024013042449951172,
            "4_join": 0.023227930068969727,
            "5_concat": 0.017952680587768555,
            "6_filter": 0.04285240173339844,
            "7_aggregate_override": 0.0206601619720459,
            "8_join": 0.02410602569580078,
            "9_filter": 0.04197502136230469,
            "10_fill": 0.018969058990478516,
            "11_merge": 0.023070335388183594,
            "12_copy": 0.01988697052001953,
            "13_select": 0.01987743377685547
        },
        "join_text_units_to_entity_ids": {
            "overall": 0.09740352630615234,
            "0_select": 0.022991418838500977,
            "1_unroll": 0.02504444122314453,
            "2_aggregate_override": 0.025128841400146484
        },
        "create_final_relationships": {
            "overall": 0.32462024688720703,
            "0_unpack_graph": 0.029471635818481445,
            "1_filter": 0.05316495895385742,
            "2_rename": 0.025906085968017578,
            "3_filter": 0.055799007415771484,
            "4_drop": 0.024225711822509766,
            "5_compute_edge_combined_degree": 0.030450105667114258,
            "6_convert": 0.05331230163574219,
            "7_convert": 0.027300119400024414
        },
        "join_text_units_to_relationship_ids": {
            "overall": 0.12900233268737793,
            "0_select": 0.02428579330444336,
            "1_unroll": 0.026134729385375977,
            "2_aggregate_override": 0.026868581771850586,
            "3_select": 0.026978015899658203
        },
        "create_final_community_reports": {
            "overall": 49.38320970535278,
            "0_prepare_community_reports_nodes": 0.028809070587158203,
            "1_prepare_community_reports_edges": 0.028715848922729492,
            "2_restore_community_hierarchy": 0.03229880332946777,
            "3_prepare_community_reports": 0.05566239356994629,
            "4_create_community_reports": 49.183314085006714,
            "5_window": 0.02800130844116211
        },
        "create_final_text_units": {
            "overall": 0.21220779418945312,
            "0_select": 0.027109384536743164,
            "1_rename": 0.02765369415283203,
            "2_join": 0.035598039627075195,
            "3_join": 0.03630948066711426,
            "4_aggregate_override": 0.030271291732788086,
            "5_select": 0.02854442596435547
        },
        "create_base_documents": {
            "overall": 0.34178924560546875,
            "0_unroll": 0.029708385467529297,
            "1_select": 0.028757810592651367,
            "2_rename": 0.03288125991821289,
            "3_join": 0.03451395034790039,
            "4_aggregate_override": 0.03188729286193848,
            "5_join": 0.034346580505371094,
            "6_rename": 0.030094146728515625,
            "7_convert": 0.09170198440551758
        },
        "create_final_documents": {
            "overall": 0.06272339820861816,
            "0_rename": 0.03163552284240723
        }
    }
}