{
    "total_runtime": 999.5418798923492,
    "num_documents": 20,
    "input_load_time": 0,
    "workflows": {
        "create_base_text_units": {
            "overall": 0.2867918014526367,
            "0_orderby": 0.0031664371490478516,
            "1_zip": 0.0035161972045898438,
            "2_aggregate_override": 0.006180524826049805,
            "3_chunk": 0.22533774375915527,
            "4_select": 0.004288434982299805,
            "5_unroll": 0.00551915168762207,
            "6_rename": 0.004378318786621094,
            "7_genid": 0.005292415618896484,
            "8_unzip": 0.005939960479736328,
            "9_copy": 0.005099058151245117,
            "10_filter": 0.015537500381469727
        },
        "create_base_extracted_entities": {
            "overall": 599.9677112102509,
            "0_entity_extract": 599.9146952629089,
            "1_snapshot": 0.010097503662109375,
            "2_merge_graphs": 0.029482126235961914,
            "3_snapshot_rows": 0.007517576217651367
        },
        "create_summarized_entities": {
            "overall": 40.332062005996704,
            "0_summarize_descriptions": 40.315815448760986,
            "1_snapshot_rows": 0.009291887283325195
        },
        "create_base_entity_graph": {
            "overall": 0.08758401870727539,
            "0_cluster_graph": 0.0449984073638916,
            "1_snapshot_rows": 0.010843038558959961,
            "2_snapshot_rows": 0.011918067932128906,
            "3_select": 0.010836362838745117
        },
        "create_final_entities": {
            "overall": 84.28672957420349,
            "0_unpack_graph": 0.021157503128051758,
            "1_rename": 0.009768962860107422,
            "2_select": 0.010772466659545898,
            "3_dedupe": 0.011497974395751953,
            "4_rename": 0.011036872863769531,
            "5_filter": 0.02727508544921875,
            "6_text_split": 0.014356851577758789,
            "7_drop": 0.012937068939208984,
            "8_merge": 0.03846406936645508,
            "9_text_embed": 84.07771897315979,
            "10_drop": 0.012534618377685547,
            "11_filter": 0.029348134994506836
        },
        "create_final_nodes": {
            "overall": 0.30802178382873535,
            "0_layout_graph": 0.05675458908081055,
            "1_unpack_graph": 0.024665355682373047,
            "2_unpack_graph": 0.024152755737304688,
            "3_drop": 0.01386880874633789,
            "4_filter": 0.032387733459472656,
            "5_select": 0.014717340469360352,
            "6_snapshot": 0.015074729919433594,
            "7_rename": 0.014816999435424805,
            "8_convert": 0.049138784408569336,
            "9_join": 0.022074222564697266,
            "10_rename": 0.02727961540222168
        },
        "create_final_communities": {
            "overall": 0.36960911750793457,
            "0_unpack_graph": 0.027350187301635742,
            "1_unpack_graph": 0.025740623474121094,
            "2_aggregate_override": 0.01905965805053711,
            "3_join": 0.023590087890625,
            "4_join": 0.023192405700683594,
            "5_concat": 0.017577648162841797,
            "6_filter": 0.049233198165893555,
            "7_aggregate_override": 0.02203536033630371,
            "8_join": 0.02366352081298828,
            "9_filter": 0.041779518127441406,
            "10_fill": 0.01880955696105957,
            "11_merge": 0.02198195457458496,
            "12_copy": 0.019445180892944336,
            "13_select": 0.019777536392211914
        },
        "join_text_units_to_entity_ids": {
            "overall": 0.1080007553100586,
            "0_select": 0.020663738250732422,
            "1_unroll": 0.02222752571105957,
            "2_aggregate_override": 0.04476642608642578
        },
        "create_final_relationships": {
            "overall": 0.2989766597747803,
            "0_unpack_graph": 0.03291034698486328,
            "1_filter": 0.05006575584411621,
            "2_rename": 0.02270340919494629,
            "3_filter": 0.04929494857788086,
            "4_drop": 0.023183107376098633,
            "5_compute_edge_combined_degree": 0.027540922164916992,
            "6_convert": 0.04726743698120117,
            "7_convert": 0.02412104606628418
        },
        "join_text_units_to_relationship_ids": {
            "overall": 0.15899896621704102,
            "0_select": 0.02530646324157715,
            "1_unroll": 0.026729106903076172,
            "2_aggregate_override": 0.053548336029052734,
            "3_select": 0.028394460678100586
        },
        "create_final_community_reports": {
            "overall": 268.6237201690674,
            "0_prepare_community_reports_nodes": 0.029041528701782227,
            "1_prepare_community_reports_edges": 0.027565717697143555,
            "2_restore_community_hierarchy": 0.029977083206176758,
            "3_prepare_community_reports": 0.0865471363067627,
            "4_create_community_reports": 268.3966860771179,
            "5_window": 0.02823948860168457
        },
        "create_final_text_units": {
            "overall": 0.21436285972595215,
            "0_select": 0.02836465835571289,
            "1_rename": 0.028646469116210938,
            "2_join": 0.03431534767150879,
            "3_join": 0.034216880798339844,
            "4_aggregate_override": 0.03188824653625488,
            "5_select": 0.02913975715637207
        },
        "create_base_documents": {
            "overall": 0.35800838470458984,
            "0_unroll": 0.03202223777770996,
            "1_select": 0.030492067337036133,
            "2_rename": 0.030393600463867188,
            "3_join": 0.03593015670776367,
            "4_aggregate_override": 0.032968997955322266,
            "5_join": 0.04003405570983887,
            "6_rename": 0.03119659423828125,
            "7_convert": 0.09525561332702637
        },
        "create_final_documents": {
            "overall": 0.06712222099304199,
            "0_rename": 0.03213143348693848
        }
    }
}