{
    "total_runtime": 2568.065907716751,
    "num_documents": 20,
    "input_load_time": 0,
    "workflows": {
        "create_base_text_units": {
            "overall": 0.29020071029663086,
            "0_orderby": 0.0032744407653808594,
            "1_zip": 0.0036721229553222656,
            "2_aggregate_override": 0.006378889083862305,
            "3_chunk": 0.22715282440185547,
            "4_select": 0.0044176578521728516,
            "5_unroll": 0.0057752132415771484,
            "6_rename": 0.0048449039459228516,
            "7_genid": 0.005314826965332031,
            "8_unzip": 0.005803585052490234,
            "9_copy": 0.005239725112915039,
            "10_filter": 0.01564478874206543
        },
        "create_base_extracted_entities": {
            "overall": 1186.3413248062134,
            "0_entity_extract": 1186.281310558319,
            "1_snapshot": 0.01617741584777832,
            "2_merge_graphs": 0.029787302017211914,
            "3_snapshot_rows": 0.008141279220581055
        },
        "create_summarized_entities": {
            "overall": 42.08922815322876,
            "0_summarize_descriptions": 42.072998046875,
            "1_snapshot_rows": 0.009215116500854492
        },
        "create_base_entity_graph": {
            "overall": 0.0839686393737793,
            "0_cluster_graph": 0.046660661697387695,
            "1_snapshot_rows": 0.010084390640258789,
            "2_snapshot_rows": 0.010023355484008789,
            "3_select": 0.009200334548950195
        },
        "create_final_entities": {
            "overall": 15.226976871490479,
            "0_unpack_graph": 0.02926945686340332,
            "1_rename": 0.010052680969238281,
            "2_select": 0.010315895080566406,
            "3_dedupe": 0.010683536529541016,
            "4_rename": 0.010524511337280273,
            "5_filter": 0.025515317916870117,
            "6_text_split": 0.01379537582397461,
            "7_drop": 0.011410713195800781,
            "8_merge": 0.042136430740356445,
            "9_text_embed": 15.009371042251587,
            "10_drop": 0.013127565383911133,
            "11_filter": 0.03101491928100586
        },
        "create_final_nodes": {
            "overall": 0.3256218433380127,
            "0_layout_graph": 0.059925079345703125,
            "1_unpack_graph": 0.02718067169189453,
            "2_unpack_graph": 0.028230905532836914,
            "3_drop": 0.014479398727416992,
            "4_filter": 0.04882335662841797,
            "5_select": 0.01501321792602539,
            "6_snapshot": 0.015838623046875,
            "7_rename": 0.015532970428466797,
            "8_convert": 0.0487980842590332,
            "9_join": 0.022635698318481445,
            "10_rename": 0.016037702560424805
        },
        "create_final_communities": {
            "overall": 0.41360020637512207,
            "0_unpack_graph": 0.02996087074279785,
            "1_unpack_graph": 0.02830338478088379,
            "2_aggregate_override": 0.01992511749267578,
            "3_join": 0.025076627731323242,
            "4_join": 0.024918317794799805,
            "5_concat": 0.019158601760864258,
            "6_filter": 0.050597190856933594,
            "7_aggregate_override": 0.022052764892578125,
            "8_join": 0.024616479873657227,
            "9_filter": 0.044465065002441406,
            "10_fill": 0.019541501998901367,
            "11_merge": 0.02746272087097168,
            "12_copy": 0.03376603126525879,
            "13_select": 0.01982903480529785
        },
        "join_text_units_to_entity_ids": {
            "overall": 0.08914709091186523,
            "0_select": 0.02118372917175293,
            "1_unroll": 0.022901296615600586,
            "2_aggregate_override": 0.02422308921813965
        },
        "create_final_relationships": {
            "overall": 0.3261885643005371,
            "0_unpack_graph": 0.03384280204772949,
            "1_filter": 0.051375389099121094,
            "2_rename": 0.022645950317382812,
            "3_filter": 0.048546791076660156,
            "4_drop": 0.02349543571472168,
            "5_compute_edge_combined_degree": 0.05205702781677246,
            "6_convert": 0.047731637954711914,
            "7_convert": 0.02427816390991211
        },
        "join_text_units_to_relationship_ids": {
            "overall": 0.13053488731384277,
            "0_select": 0.025250911712646484,
            "1_unroll": 0.026717424392700195,
            "2_aggregate_override": 0.028088808059692383,
            "3_select": 0.025716066360473633
        },
        "create_final_community_reports": {
            "overall": 1317.3544478416443,
            "0_prepare_community_reports_nodes": 0.030623197555541992,
            "1_prepare_community_reports_edges": 0.028665781021118164,
            "2_restore_community_hierarchy": 0.03680777549743652,
            "3_prepare_community_reports": 0.11066889762878418,
            "4_create_community_reports": 1317.0911300182343,
            "5_window": 0.029970645904541016
        },
        "create_final_text_units": {
            "overall": 0.22616958618164062,
            "0_select": 0.029488801956176758,
            "1_rename": 0.02904033660888672,
            "2_join": 0.03653740882873535,
            "3_join": 0.03517293930053711,
            "4_aggregate_override": 0.033975839614868164,
            "5_select": 0.033777713775634766
        },
        "create_base_documents": {
            "overall": 0.373776912689209,
            "0_unroll": 0.03294086456298828,
            "1_select": 0.03204536437988281,
            "2_rename": 0.031989097595214844,
            "3_join": 0.037590742111206055,
            "4_aggregate_override": 0.03362560272216797,
            "5_join": 0.041773080825805664,
            "6_rename": 0.032861948013305664,
            "7_convert": 0.10040521621704102
        },
        "create_final_documents": {
            "overall": 0.06597542762756348,
            "0_rename": 0.03345894813537598
        }
    }
}