{
    "total_runtime": 923.8864853382111,
    "num_documents": 20,
    "input_load_time": 0,
    "workflows": {
        "create_base_text_units": {
            "overall": 0.2816004753112793,
            "0_orderby": 0.003143787384033203,
            "1_zip": 0.0034232139587402344,
            "2_aggregate_override": 0.006006717681884766,
            "3_chunk": 0.22131776809692383,
            "4_select": 0.004230976104736328,
            "5_unroll": 0.005411624908447266,
            "6_rename": 0.004348039627075195,
            "7_genid": 0.0051572322845458984,
            "8_unzip": 0.005491971969604492,
            "9_copy": 0.005049705505371094,
            "10_filter": 0.015502691268920898
        },
        "create_base_extracted_entities": {
            "overall": 814.1130242347717,
            "0_entity_extract": 814.0631363391876,
            "1_snapshot": 0.009464025497436523,
            "2_merge_graphs": 0.02731943130493164,
            "3_snapshot_rows": 0.0073299407958984375
        },
        "create_summarized_entities": {
            "overall": 14.484672546386719,
            "0_summarize_descriptions": 14.469787120819092,
            "1_snapshot_rows": 0.008069992065429688
        },
        "create_base_entity_graph": {
            "overall": 0.0673067569732666,
            "0_cluster_graph": 0.02839517593383789,
            "1_snapshot_rows": 0.008642435073852539,
            "2_snapshot_rows": 0.009012937545776367,
            "3_select": 0.008857011795043945
        },
        "create_final_entities": {
            "overall": 10.874173641204834,
            "0_unpack_graph": 0.014518499374389648,
            "1_rename": 0.009421110153198242,
            "2_select": 0.009822368621826172,
            "3_dedupe": 0.010143280029296875,
            "4_rename": 0.010050535202026367,
            "5_filter": 0.0241544246673584,
            "6_text_split": 0.012349843978881836,
            "7_drop": 0.011122465133666992,
            "8_merge": 0.03354310989379883,
            "9_text_embed": 10.686847925186157,
            "10_drop": 0.012636661529541016,
            "11_filter": 0.030245065689086914
        },
        "create_final_nodes": {
            "overall": 0.26846742630004883,
            "0_layout_graph": 0.03456997871398926,
            "1_unpack_graph": 0.018500566482543945,
            "2_unpack_graph": 0.0209503173828125,
            "3_filter": 0.03412199020385742,
            "4_drop": 0.01452326774597168,
            "5_select": 0.014840841293334961,
            "6_snapshot": 0.015863895416259766,
            "7_rename": 0.015224456787109375,
            "8_join": 0.021625757217407227,
            "9_convert": 0.049433231353759766,
            "10_rename": 0.01568889617919922
        },
        "create_final_communities": {
            "overall": 0.35823988914489746,
            "0_unpack_graph": 0.02170085906982422,
            "1_unpack_graph": 0.03400063514709473,
            "2_aggregate_override": 0.01930069923400879,
            "3_join": 0.023000001907348633,
            "4_join": 0.02262735366821289,
            "5_concat": 0.017255783081054688,
            "6_filter": 0.04003286361694336,
            "7_aggregate_override": 0.020691871643066406,
            "8_join": 0.02371501922607422,
            "9_filter": 0.04127311706542969,
            "10_fill": 0.018917560577392578,
            "11_merge": 0.020432472229003906,
            "12_copy": 0.01956462860107422,
            "13_select": 0.019765615463256836
        },
        "join_text_units_to_entity_ids": {
            "overall": 0.08628678321838379,
            "0_select": 0.020590782165527344,
            "1_unroll": 0.022124290466308594,
            "2_aggregate_override": 0.023417234420776367
        },
        "create_final_relationships": {
            "overall": 0.31048035621643066,
            "0_unpack_graph": 0.03198695182800293,
            "1_filter": 0.06850123405456543,
            "2_rename": 0.021471023559570312,
            "3_filter": 0.04799795150756836,
            "4_drop": 0.02277207374572754,
            "5_compute_edge_combined_degree": 0.02667856216430664,
            "6_convert": 0.04646873474121094,
            "7_convert": 0.023143529891967773
        },
        "join_text_units_to_relationship_ids": {
            "overall": 0.12642598152160645,
            "0_select": 0.02482008934020996,
            "1_unroll": 0.026319265365600586,
            "2_aggregate_override": 0.026836156845092773,
            "3_select": 0.024664878845214844
        },
        "create_final_community_reports": {
            "overall": 78.62224411964417,
            "0_prepare_community_reports_nodes": 0.027268648147583008,
            "1_prepare_community_reports_edges": 0.027512073516845703,
            "2_restore_community_hierarchy": 0.04580807685852051,
            "3_prepare_community_reports": 0.061830759048461914,
            "4_create_community_reports": 78.40728831291199,
            "5_window": 0.027337074279785156
        },
        "create_final_text_units": {
            "overall": 0.20863032341003418,
            "0_select": 0.027315855026245117,
            "1_rename": 0.027643680572509766,
            "2_join": 0.03365015983581543,
            "3_join": 0.03348255157470703,
            "4_aggregate_override": 0.0306396484375,
            "5_select": 0.02885603904724121
        },
        "create_base_documents": {
            "overall": 0.3482370376586914,
            "0_unroll": 0.031012535095214844,
            "1_select": 0.0299074649810791,
            "2_rename": 0.030831575393676758,
            "3_join": 0.03490614891052246,
            "4_aggregate_override": 0.03196883201599121,
            "5_join": 0.03549766540527344,
            "6_rename": 0.030740022659301758,
            "7_convert": 0.09478902816772461
        },
        "create_final_documents": {
            "overall": 0.06407427787780762,
            "0_rename": 0.032097816467285156
        }
    }
}