{
    "total_runtime": 3681.1161391735077,
    "num_documents": 20,
    "input_load_time": 0,
    "workflows": {
        "create_base_text_units": {
            "overall": 0.2837638854980469,
            "0_orderby": 0.003076314926147461,
            "1_zip": 0.003405332565307617,
            "2_aggregate_override": 0.005898237228393555,
            "3_chunk": 0.22354388236999512,
            "4_select": 0.004196882247924805,
            "5_unroll": 0.005455493927001953,
            "6_rename": 0.004507541656494141,
            "7_genid": 0.0050907135009765625,
            "8_unzip": 0.005557060241699219,
            "9_copy": 0.004965782165527344,
            "10_filter": 0.015427112579345703
        },
        "create_base_extracted_entities": {
            "overall": 1417.4243564605713,
            "0_entity_extract": 1417.3736896514893,
            "1_snapshot": 0.009773492813110352,
            "2_merge_graphs": 0.02754044532775879,
            "3_snapshot_rows": 0.007393360137939453
        },
        "create_summarized_entities": {
            "overall": 55.79521608352661,
            "0_summarize_descriptions": 55.78017616271973,
            "1_snapshot_rows": 0.008097410202026367
        },
        "create_base_entity_graph": {
            "overall": 0.0754549503326416,
            "0_cluster_graph": 0.038857460021972656,
            "1_snapshot_rows": 0.00968790054321289,
            "2_snapshot_rows": 0.00977015495300293,
            "3_select": 0.009308338165283203
        },
        "create_final_entities": {
            "overall": 9.862553834915161,
            "0_unpack_graph": 0.0189511775970459,
            "1_rename": 0.009601593017578125,
            "2_select": 0.009935617446899414,
            "3_dedupe": 0.010568618774414062,
            "4_rename": 0.010417699813842773,
            "5_filter": 0.025429964065551758,
            "6_text_split": 0.01250004768371582,
            "7_drop": 0.016561031341552734,
            "8_merge": 0.03538250923156738,
            "9_text_embed": 9.662326574325562,
            "10_drop": 0.01237940788269043,
            "11_filter": 0.02907419204711914
        },
        "create_final_nodes": {
            "overall": 0.29686427116394043,
            "0_layout_graph": 0.04779052734375,
            "1_unpack_graph": 0.023311853408813477,
            "2_unpack_graph": 0.028217792510986328,
            "3_filter": 0.038330793380737305,
            "4_drop": 0.014319658279418945,
            "5_select": 0.014428377151489258,
            "6_snapshot": 0.015355110168457031,
            "7_rename": 0.014685630798339844,
            "8_join": 0.021917104721069336,
            "9_convert": 0.04967355728149414,
            "10_rename": 0.01574397087097168
        },
        "create_final_communities": {
            "overall": 0.3726072311401367,
            "0_unpack_graph": 0.025725364685058594,
            "1_unpack_graph": 0.025065183639526367,
            "2_aggregate_override": 0.019058704376220703,
            "3_join": 0.02357029914855957,
            "4_join": 0.023648977279663086,
            "5_concat": 0.017993927001953125,
            "6_filter": 0.051874637603759766,
            "7_aggregate_override": 0.02213263511657715,
            "8_join": 0.0238494873046875,
            "9_filter": 0.0423734188079834,
            "10_fill": 0.019011259078979492,
            "11_merge": 0.022312641143798828,
            "12_copy": 0.019388675689697266,
            "13_select": 0.020360708236694336
        },
        "join_text_units_to_entity_ids": {
            "overall": 0.09519505500793457,
            "0_select": 0.02916741371154785,
            "1_unroll": 0.022406339645385742,
            "2_aggregate_override": 0.023496627807617188
        },
        "create_final_relationships": {
            "overall": 0.29385995864868164,
            "0_unpack_graph": 0.030926227569580078,
            "1_filter": 0.0473177433013916,
            "2_rename": 0.02229595184326172,
            "3_filter": 0.05167531967163086,
            "4_drop": 0.022949934005737305,
            "5_compute_edge_combined_degree": 0.026860952377319336,
            "6_convert": 0.04655957221984863,
            "7_convert": 0.023481369018554688
        },
        "join_text_units_to_relationship_ids": {
            "overall": 0.15180754661560059,
            "0_select": 0.024718046188354492,
            "1_unroll": 0.036748647689819336,
            "2_aggregate_override": 0.04101848602294922,
            "3_select": 0.025112628936767578
        },
        "create_final_community_reports": {
            "overall": 2191.9853711128235,
            "0_prepare_community_reports_nodes": 0.0287628173828125,
            "1_prepare_community_reports_edges": 0.027598857879638672,
            "2_restore_community_hierarchy": 0.0299072265625,
            "3_prepare_community_reports": 0.08853363990783691,
            "4_create_community_reports": 2191.7561626434326,
            "5_window": 0.028566360473632812
        },
        "create_final_text_units": {
            "overall": 0.2144017219543457,
            "0_select": 0.027911901473999023,
            "1_rename": 0.027939796447753906,
            "2_join": 0.033835649490356445,
            "3_join": 0.034102439880371094,
            "4_aggregate_override": 0.03399014472961426,
            "5_select": 0.02914261817932129
        },
        "create_base_documents": {
            "overall": 0.35358452796936035,
            "0_unroll": 0.03146100044250488,
            "1_select": 0.030012130737304688,
            "2_rename": 0.030853986740112305,
            "3_join": 0.03540182113647461,
            "4_aggregate_override": 0.03256821632385254,
            "5_join": 0.036264896392822266,
            "6_rename": 0.031033039093017578,
            "7_convert": 0.09665179252624512
        },
        "create_final_documents": {
            "overall": 0.06815195083618164,
            "0_rename": 0.03640413284301758
        }
    }
}