{
    "total_runtime": 947.084466457367,
    "num_documents": 20,
    "input_load_time": 0,
    "workflows": {
        "create_base_text_units": {
            "overall": 0.2850677967071533,
            "0_orderby": 0.003119230270385742,
            "1_zip": 0.0035448074340820312,
            "2_aggregate_override": 0.005987644195556641,
            "3_chunk": 0.22409820556640625,
            "4_select": 0.004132270812988281,
            "5_unroll": 0.0056378841400146484,
            "6_rename": 0.004444599151611328,
            "7_genid": 0.005161762237548828,
            "8_unzip": 0.005631685256958008,
            "9_copy": 0.005074024200439453,
            "10_filter": 0.01535797119140625
        },
        "create_base_extracted_entities": {
            "overall": 803.3873429298401,
            "0_entity_extract": 803.3373854160309,
            "1_snapshot": 0.009503364562988281,
            "2_merge_graphs": 0.02720189094543457,
            "3_snapshot_rows": 0.007324934005737305
        },
        "create_summarized_entities": {
            "overall": 23.25274920463562,
            "0_summarize_descriptions": 23.237585306167603,
            "1_snapshot_rows": 0.008087873458862305
        },
        "create_base_entity_graph": {
            "overall": 0.06954717636108398,
            "0_cluster_graph": 0.031899213790893555,
            "1_snapshot_rows": 0.009649515151977539,
            "2_snapshot_rows": 0.009938716888427734,
            "3_select": 0.009143590927124023
        },
        "create_final_entities": {
            "overall": 10.837357997894287,
            "0_unpack_graph": 0.01472330093383789,
            "1_rename": 0.00970315933227539,
            "2_select": 0.009991884231567383,
            "3_dedupe": 0.010389089584350586,
            "4_rename": 0.010317325592041016,
            "5_filter": 0.025298357009887695,
            "6_text_split": 0.012728214263916016,
            "7_drop": 0.011309385299682617,
            "8_merge": 0.03401684761047363,
            "9_text_embed": 10.646734237670898,
            "10_drop": 0.013053178787231445,
            "11_filter": 0.029726743698120117
        },
        "create_final_nodes": {
            "overall": 0.27350807189941406,
            "0_layout_graph": 0.032271385192871094,
            "1_unpack_graph": 0.0187838077545166,
            "2_unpack_graph": 0.018906354904174805,
            "3_drop": 0.014406204223632812,
            "4_filter": 0.04391074180603027,
            "5_select": 0.014638662338256836,
            "6_snapshot": 0.015345573425292969,
            "7_rename": 0.014943838119506836,
            "8_join": 0.02143573760986328,
            "9_convert": 0.04877114295959473,
            "10_rename": 0.01621222496032715
        },
        "create_final_communities": {
            "overall": 0.3757641315460205,
            "0_unpack_graph": 0.022228002548217773,
            "1_unpack_graph": 0.03275489807128906,
            "2_aggregate_override": 0.021361351013183594,
            "3_join": 0.023337841033935547,
            "4_join": 0.023186445236206055,
            "5_concat": 0.017626047134399414,
            "6_filter": 0.04146623611450195,
            "7_aggregate_override": 0.021335601806640625,
            "8_join": 0.024171113967895508,
            "9_filter": 0.04479718208312988,
            "10_fill": 0.021628379821777344,
            "11_merge": 0.021191120147705078,
            "12_copy": 0.021297454833984375,
            "13_select": 0.0222623348236084
        },
        "join_text_units_to_entity_ids": {
            "overall": 0.09496283531188965,
            "0_select": 0.02269124984741211,
            "1_unroll": 0.024157047271728516,
            "2_aggregate_override": 0.02550029754638672
        },
        "create_final_relationships": {
            "overall": 0.3023557662963867,
            "0_unpack_graph": 0.02908611297607422,
            "1_filter": 0.05091381072998047,
            "2_rename": 0.024387598037719727,
            "3_filter": 0.053112030029296875,
            "4_drop": 0.022998809814453125,
            "5_compute_edge_combined_degree": 0.026741504669189453,
            "6_convert": 0.04674267768859863,
            "7_convert": 0.023712873458862305
        },
        "join_text_units_to_relationship_ids": {
            "overall": 0.13758206367492676,
            "0_select": 0.025866031646728516,
            "1_unroll": 0.02769947052001953,
            "2_aggregate_override": 0.029777050018310547,
            "3_select": 0.02764129638671875
        },
        "create_final_community_reports": {
            "overall": 103.54280090332031,
            "0_prepare_community_reports_nodes": 0.03027033805847168,
            "1_prepare_community_reports_edges": 0.03035426139831543,
            "2_restore_community_hierarchy": 0.03259420394897461,
            "3_prepare_community_reports": 0.05732464790344238,
            "4_create_community_reports": 103.33648586273193,
            "5_window": 0.027942657470703125
        },
        "create_final_text_units": {
            "overall": 0.20970559120178223,
            "0_select": 0.028216838836669922,
            "1_rename": 0.027613401412963867,
            "2_join": 0.03367805480957031,
            "3_join": 0.03358626365661621,
            "4_aggregate_override": 0.030886173248291016,
            "5_select": 0.028831005096435547
        },
        "create_base_documents": {
            "overall": 0.3527812957763672,
            "0_unroll": 0.03187060356140137,
            "1_select": 0.030694246292114258,
            "2_rename": 0.03002023696899414,
            "3_join": 0.03523612022399902,
            "4_aggregate_override": 0.03229331970214844,
            "5_join": 0.036351919174194336,
            "6_rename": 0.03173947334289551,
            "7_convert": 0.09475827217102051
        },
        "create_final_documents": {
            "overall": 0.06412100791931152,
            "0_rename": 0.03237175941467285
        }
    }
}