{
    "total_runtime": 2221.182347536087,
    "num_documents": 20,
    "input_load_time": 0,
    "workflows": {
        "create_base_text_units": {
            "overall": 0.30068254470825195,
            "0_orderby": 0.0032007694244384766,
            "1_zip": 0.003648042678833008,
            "2_aggregate_override": 0.006244659423828125,
            "3_chunk": 0.2335507869720459,
            "4_select": 0.004786491394042969,
            "5_unroll": 0.006804227828979492,
            "6_rename": 0.0051801204681396484,
            "7_genid": 0.005643367767333984,
            "8_unzip": 0.006165742874145508,
            "9_copy": 0.005602359771728516,
            "10_filter": 0.017102479934692383
        },
        "create_base_extracted_entities": {
            "overall": 1867.8655002117157,
            "0_entity_extract": 1867.8277258872986,
            "1_snapshot": 0.008398294448852539,
            "2_merge_graphs": 0.0157930850982666,
            "3_snapshot_rows": 0.007467985153198242
        },
        "create_summarized_entities": {
            "overall": 0.02935194969177246,
            "0_summarize_descriptions": 0.014497041702270508,
            "1_snapshot_rows": 0.007914304733276367
        },
        "create_base_entity_graph": {
            "overall": 0.05387115478515625,
            "0_cluster_graph": 0.01838207244873047,
            "1_snapshot_rows": 0.009137868881225586,
            "2_snapshot_rows": 0.009221315383911133,
            "3_select": 0.009148597717285156
        },
        "create_final_entities": {
            "overall": 4.191768169403076,
            "0_unpack_graph": 0.011834383010864258,
            "1_rename": 0.00973200798034668,
            "2_select": 0.010058879852294922,
            "3_dedupe": 0.010413408279418945,
            "4_rename": 0.010431051254272461,
            "5_filter": 0.025663137435913086,
            "6_text_split": 0.011919021606445312,
            "7_drop": 0.01162862777709961,
            "8_merge": 0.01756572723388672,
            "9_text_embed": 4.019904851913452,
            "10_drop": 0.012769937515258789,
            "11_filter": 0.030106782913208008
        },
        "create_final_nodes": {
            "overall": 0.24075770378112793,
            "0_layout_graph": 0.020348548889160156,
            "1_unpack_graph": 0.01529073715209961,
            "2_unpack_graph": 0.015294313430786133,
            "3_filter": 0.0315089225769043,
            "4_drop": 0.01415109634399414,
            "5_select": 0.014763116836547852,
            "6_snapshot": 0.015289783477783203,
            "7_rename": 0.01515340805053711,
            "8_join": 0.021504640579223633,
            "9_convert": 0.04871392250061035,
            "10_rename": 0.015941143035888672
        },
        "create_final_communities": {
            "overall": 0.356703519821167,
            "0_unpack_graph": 0.019416332244873047,
            "1_unpack_graph": 0.019186735153198242,
            "2_aggregate_override": 0.02020859718322754,
            "3_join": 0.02376556396484375,
            "4_join": 0.02305912971496582,
            "5_concat": 0.01780247688293457,
            "6_filter": 0.0414881706237793,
            "7_aggregate_override": 0.021548032760620117,
            "8_join": 0.02475142478942871,
            "9_filter": 0.04456353187561035,
            "10_fill": 0.019780635833740234,
            "11_merge": 0.020900487899780273,
            "12_copy": 0.019855260848999023,
            "13_select": 0.02297663688659668
        },
        "join_text_units_to_entity_ids": {
            "overall": 0.08753180503845215,
            "0_select": 0.021089792251586914,
            "1_unroll": 0.02234673500061035,
            "2_aggregate_override": 0.023662805557250977
        },
        "create_final_relationships": {
            "overall": 0.2915973663330078,
            "0_unpack_graph": 0.024018049240112305,
            "1_filter": 0.04819202423095703,
            "2_rename": 0.02305293083190918,
            "3_filter": 0.05091404914855957,
            "4_drop": 0.023741483688354492,
            "5_compute_edge_combined_degree": 0.027706384658813477,
            "6_convert": 0.04771137237548828,
            "7_convert": 0.02413773536682129
        },
        "join_text_units_to_relationship_ids": {
            "overall": 0.16112947463989258,
            "0_select": 0.05525970458984375,
            "1_unroll": 0.026729106903076172,
            "2_aggregate_override": 0.028138160705566406,
            "3_select": 0.026413440704345703
        },
        "create_final_community_reports": {
            "overall": 342.6892321109772,
            "0_prepare_community_reports_nodes": 0.02865767478942871,
            "1_prepare_community_reports_edges": 0.028505802154541016,
            "2_restore_community_hierarchy": 0.03083181381225586,
            "3_prepare_community_reports": 0.05248689651489258,
            "4_create_community_reports": 342.4940359592438,
            "5_window": 0.02864384651184082
        },
        "create_final_text_units": {
            "overall": 0.22577357292175293,
            "0_select": 0.028626203536987305,
            "1_rename": 0.02832317352294922,
            "2_join": 0.03444623947143555,
            "3_join": 0.03488945960998535,
            "4_aggregate_override": 0.032018184661865234,
            "5_select": 0.039435386657714844
        },
        "create_base_documents": {
            "overall": 0.35989809036254883,
            "0_unroll": 0.03202939033508301,
            "1_select": 0.03062295913696289,
            "2_rename": 0.03066539764404297,
            "3_join": 0.0357053279876709,
            "4_aggregate_override": 0.03377175331115723,
            "5_join": 0.03674888610839844,
            "6_rename": 0.031972408294677734,
            "7_convert": 0.09823966026306152
        },
        "create_final_documents": {
            "overall": 0.06621575355529785,
            "0_rename": 0.033823490142822266
        }
    }
}