{
    "total_runtime": 2244.946525335312,
    "num_documents": 20,
    "input_load_time": 0,
    "workflows": {
        "create_base_text_units": {
            "overall": 0.2894859313964844,
            "0_orderby": 0.0031232833862304688,
            "1_zip": 0.003492593765258789,
            "2_aggregate_override": 0.006182432174682617,
            "3_chunk": 0.22803544998168945,
            "4_select": 0.004243373870849609,
            "5_unroll": 0.005522012710571289,
            "6_rename": 0.004314899444580078,
            "7_genid": 0.00503993034362793,
            "8_unzip": 0.0056667327880859375,
            "9_copy": 0.005024909973144531,
            "10_filter": 0.016144752502441406
        },
        "create_base_extracted_entities": {
            "overall": 1279.8770809173584,
            "0_entity_extract": 1279.8254554271698,
            "1_snapshot": 0.009638547897338867,
            "2_merge_graphs": 0.02847146987915039,
            "3_snapshot_rows": 0.007564544677734375
        },
        "create_summarized_entities": {
            "overall": 414.22519063949585,
            "0_summarize_descriptions": 414.20972084999084,
            "1_snapshot_rows": 0.008512020111083984
        },
        "create_base_entity_graph": {
            "overall": 0.07145452499389648,
            "0_cluster_graph": 0.03446364402770996,
            "1_snapshot_rows": 0.009998559951782227,
            "2_snapshot_rows": 0.010053634643554688,
            "3_select": 0.009170293807983398
        },
        "create_final_entities": {
            "overall": 8.640785932540894,
            "0_unpack_graph": 0.017166852951049805,
            "1_rename": 0.009684324264526367,
            "2_select": 0.009941577911376953,
            "3_dedupe": 0.010663032531738281,
            "4_rename": 0.010480880737304688,
            "5_filter": 0.025719165802001953,
            "6_text_split": 0.012532711029052734,
            "7_drop": 0.011103153228759766,
            "8_merge": 0.027167081832885742,
            "9_text_embed": 8.453119039535522,
            "10_drop": 0.012823104858398438,
            "11_filter": 0.030266761779785156
        },
        "create_final_nodes": {
            "overall": 0.286435604095459,
            "0_layout_graph": 0.04273176193237305,
            "1_unpack_graph": 0.021863222122192383,
            "2_unpack_graph": 0.02267146110534668,
            "3_filter": 0.03243398666381836,
            "4_drop": 0.014514684677124023,
            "5_select": 0.014637947082519531,
            "6_snapshot": 0.01739215850830078,
            "7_rename": 0.015141963958740234,
            "8_convert": 0.048813581466674805,
            "9_join": 0.022252798080444336,
            "10_rename": 0.015841007232666016
        },
        "create_final_communities": {
            "overall": 0.37816405296325684,
            "0_unpack_graph": 0.026276350021362305,
            "1_unpack_graph": 0.02363753318786621,
            "2_aggregate_override": 0.02001047134399414,
            "3_join": 0.024247407913208008,
            "4_join": 0.024931669235229492,
            "5_concat": 0.019150257110595703,
            "6_filter": 0.05089092254638672,
            "7_aggregate_override": 0.02243351936340332,
            "8_join": 0.026442766189575195,
            "9_filter": 0.04256558418273926,
            "10_fill": 0.019019365310668945,
            "11_merge": 0.022070884704589844,
            "12_copy": 0.019332408905029297,
            "13_select": 0.02021646499633789
        },
        "join_text_units_to_entity_ids": {
            "overall": 0.08720898628234863,
            "0_select": 0.02089667320251465,
            "1_unroll": 0.022586345672607422,
            "2_aggregate_override": 0.023262739181518555
        },
        "create_final_relationships": {
            "overall": 0.2887747287750244,
            "0_unpack_graph": 0.02950763702392578,
            "1_filter": 0.04694199562072754,
            "2_rename": 0.021887540817260742,
            "3_filter": 0.0485987663269043,
            "4_drop": 0.022742033004760742,
            "5_compute_edge_combined_degree": 0.027034759521484375,
            "6_convert": 0.04675149917602539,
            "7_convert": 0.023579120635986328
        },
        "join_text_units_to_relationship_ids": {
            "overall": 0.12723612785339355,
            "0_select": 0.02469778060913086,
            "1_unroll": 0.02590799331665039,
            "2_aggregate_override": 0.02728414535522461,
            "3_select": 0.025416851043701172
        },
        "create_final_community_reports": {
            "overall": 536.143443107605,
            "0_prepare_community_reports_nodes": 0.052800655364990234,
            "1_prepare_community_reports_edges": 0.027010679244995117,
            "2_restore_community_hierarchy": 0.02928447723388672,
            "3_prepare_community_reports": 0.07864999771118164,
            "4_create_community_reports": 535.8994061946869,
            "5_window": 0.029845476150512695
        },
        "create_final_text_units": {
            "overall": 0.2400975227355957,
            "0_select": 0.027901649475097656,
            "1_rename": 0.027886390686035156,
            "2_join": 0.03973793983459473,
            "3_join": 0.0560147762298584,
            "4_aggregate_override": 0.031743764877319336,
            "5_select": 0.02922511100769043
        },
        "create_base_documents": {
            "overall": 0.35403966903686523,
            "0_unroll": 0.031197071075439453,
            "1_select": 0.030670642852783203,
            "2_rename": 0.03010272979736328,
            "3_join": 0.035422563552856445,
            "4_aggregate_override": 0.03236651420593262,
            "5_join": 0.03615093231201172,
            "6_rename": 0.03185462951660156,
            "7_convert": 0.096466064453125
        },
        "create_final_documents": {
            "overall": 0.06409907341003418,
            "0_rename": 0.03212141990661621
        }
    }
}