{
    "total_runtime": 2764.903570652008,
    "num_documents": 20,
    "input_load_time": 0,
    "workflows": {
        "create_base_text_units": {
            "overall": 0.28266406059265137,
            "0_orderby": 0.003103017807006836,
            "1_zip": 0.0033235549926757812,
            "2_aggregate_override": 0.005922555923461914,
            "3_chunk": 0.22302460670471191,
            "4_select": 0.004339933395385742,
            "5_unroll": 0.005434274673461914,
            "6_rename": 0.0043849945068359375,
            "7_genid": 0.005064964294433594,
            "8_unzip": 0.005362987518310547,
            "9_copy": 0.004927396774291992,
            "10_filter": 0.015196800231933594
        },
        "create_base_extracted_entities": {
            "overall": 1291.6826131343842,
            "0_entity_extract": 1291.6318061351776,
            "1_snapshot": 0.009762763977050781,
            "2_merge_graphs": 0.028028488159179688,
            "3_snapshot_rows": 0.0071370601654052734
        },
        "create_summarized_entities": {
            "overall": 13.227164268493652,
            "0_summarize_descriptions": 13.212400436401367,
            "1_snapshot_rows": 0.008084297180175781
        },
        "create_base_entity_graph": {
            "overall": 0.06709814071655273,
            "0_cluster_graph": 0.030922412872314453,
            "1_snapshot_rows": 0.009078741073608398,
            "2_snapshot_rows": 0.010179281234741211,
            "3_select": 0.009074926376342773
        },
        "create_final_entities": {
            "overall": 30.521875619888306,
            "0_unpack_graph": 0.01533365249633789,
            "1_rename": 0.009681224822998047,
            "2_select": 0.00997781753540039,
            "3_dedupe": 0.01019740104675293,
            "4_rename": 0.010339975357055664,
            "5_filter": 0.02518177032470703,
            "6_text_split": 0.01777362823486328,
            "7_drop": 0.011382818222045898,
            "8_merge": 0.03654766082763672,
            "9_text_embed": 30.32442283630371,
            "10_drop": 0.012547731399536133,
            "11_filter": 0.029172420501708984
        },
        "create_final_nodes": {
            "overall": 0.27259182929992676,
            "0_layout_graph": 0.03879952430725098,
            "1_unpack_graph": 0.019098758697509766,
            "2_unpack_graph": 0.019718408584594727,
            "3_filter": 0.03170609474182129,
            "4_drop": 0.014447212219238281,
            "5_select": 0.014784812927246094,
            "6_snapshot": 0.01613783836364746,
            "7_rename": 0.01625990867614746,
            "8_join": 0.02180314064025879,
            "9_convert": 0.05003476142883301,
            "10_rename": 0.01591348648071289
        },
        "create_final_communities": {
            "overall": 0.3744227886199951,
            "0_unpack_graph": 0.024476051330566406,
            "1_unpack_graph": 0.022678375244140625,
            "2_aggregate_override": 0.019590377807617188,
            "3_join": 0.023779630661010742,
            "4_join": 0.023791074752807617,
            "5_concat": 0.01882624626159668,
            "6_filter": 0.04225635528564453,
            "7_aggregate_override": 0.02571702003479004,
            "8_join": 0.024789810180664062,
            "9_filter": 0.04478764533996582,
            "10_fill": 0.022034883499145508,
            "11_merge": 0.022098302841186523,
            "12_copy": 0.020060300827026367,
            "13_select": 0.02191638946533203
        },
        "join_text_units_to_entity_ids": {
            "overall": 0.08723139762878418,
            "0_select": 0.0211942195892334,
            "1_unroll": 0.022181272506713867,
            "2_aggregate_override": 0.023476123809814453
        },
        "create_final_relationships": {
            "overall": 0.28583550453186035,
            "0_unpack_graph": 0.02763652801513672,
            "1_filter": 0.04681658744812012,
            "2_rename": 0.022220373153686523,
            "3_filter": 0.047212839126586914,
            "4_drop": 0.02261209487915039,
            "5_compute_edge_combined_degree": 0.02685070037841797,
            "6_convert": 0.04710578918457031,
            "7_convert": 0.023699045181274414
        },
        "join_text_units_to_relationship_ids": {
            "overall": 0.15163707733154297,
            "0_select": 0.02494072914123535,
            "1_unroll": 0.03114032745361328,
            "2_aggregate_override": 0.04653644561767578,
            "3_select": 0.0251007080078125
        },
        "create_final_community_reports": {
            "overall": 1423.3695948123932,
            "0_prepare_community_reports_nodes": 0.029961109161376953,
            "1_prepare_community_reports_edges": 0.02936577796936035,
            "2_restore_community_hierarchy": 0.03005814552307129,
            "3_prepare_community_reports": 0.04918169975280762,
            "4_create_community_reports": 1423.1763105392456,
            "5_window": 0.02814483642578125
        },
        "create_final_text_units": {
            "overall": 0.25997257232666016,
            "0_select": 0.027656078338623047,
            "1_rename": 0.02762889862060547,
            "2_join": 0.034044742584228516,
            "3_join": 0.033091068267822266,
            "4_aggregate_override": 0.045041561126708984,
            "5_select": 0.06270909309387207
        },
        "create_base_documents": {
            "overall": 0.35294055938720703,
            "0_unroll": 0.03168225288391113,
            "1_select": 0.029715299606323242,
            "2_rename": 0.030675888061523438,
            "3_join": 0.035512685775756836,
            "4_aggregate_override": 0.03261208534240723,
            "5_join": 0.036116838455200195,
            "6_rename": 0.03113842010498047,
            "7_convert": 0.09579205513000488
        },
        "create_final_documents": {
            "overall": 0.06422877311706543,
            "0_rename": 0.03231644630432129
        }
    }
}