{
    "total_runtime": 2108.4777426719666,
    "num_documents": 20,
    "input_load_time": 0,
    "workflows": {
        "create_base_text_units": {
            "overall": 0.28458356857299805,
            "0_orderby": 0.0031783580780029297,
            "1_zip": 0.0035512447357177734,
            "2_aggregate_override": 0.0062389373779296875,
            "3_chunk": 0.22355961799621582,
            "4_select": 0.0043048858642578125,
            "5_unroll": 0.005529165267944336,
            "6_rename": 0.004381895065307617,
            "7_genid": 0.00520777702331543,
            "8_unzip": 0.005487918853759766,
            "9_copy": 0.0049974918365478516,
            "10_filter": 0.015479803085327148
        },
        "create_base_extracted_entities": {
            "overall": 1867.2993113994598,
            "0_entity_extract": 1867.2470409870148,
            "1_snapshot": 0.010167360305786133,
            "2_merge_graphs": 0.028671979904174805,
            "3_snapshot_rows": 0.007417201995849609
        },
        "create_summarized_entities": {
            "overall": 63.89432978630066,
            "0_summarize_descriptions": 63.87912344932556,
            "1_snapshot_rows": 0.008237361907958984
        },
        "create_base_entity_graph": {
            "overall": 0.06438708305358887,
            "0_cluster_graph": 0.02852916717529297,
            "1_snapshot_rows": 0.009306907653808594,
            "2_snapshot_rows": 0.009565591812133789,
            "3_select": 0.009301900863647461
        },
        "create_final_entities": {
            "overall": 10.911023616790771,
            "0_unpack_graph": 0.015215396881103516,
            "1_rename": 0.01015615463256836,
            "2_select": 0.01056051254272461,
            "3_dedupe": 0.016606569290161133,
            "4_rename": 0.022994518280029297,
            "5_filter": 0.05565905570983887,
            "6_text_split": 0.03325176239013672,
            "7_drop": 0.02865123748779297,
            "8_merge": 0.03608870506286621,
            "9_text_embed": 10.630462884902954,
            "10_drop": 0.012469053268432617,
            "11_filter": 0.029376506805419922
        },
        "create_final_nodes": {
            "overall": 0.27341294288635254,
            "0_layout_graph": 0.03400683403015137,
            "1_unpack_graph": 0.022945404052734375,
            "2_unpack_graph": 0.022732019424438477,
            "3_filter": 0.0334165096282959,
            "4_drop": 0.014277935028076172,
            "5_select": 0.014804840087890625,
            "6_snapshot": 0.015386104583740234,
            "7_rename": 0.014957189559936523,
            "8_convert": 0.04893231391906738,
            "9_join": 0.02260136604309082,
            "10_rename": 0.0159761905670166
        },
        "create_final_communities": {
            "overall": 0.3777129650115967,
            "0_unpack_graph": 0.021843433380126953,
            "1_unpack_graph": 0.02661728858947754,
            "2_aggregate_override": 0.02999567985534668,
            "3_join": 0.023660898208618164,
            "4_join": 0.02421402931213379,
            "5_concat": 0.018540620803833008,
            "6_filter": 0.043431758880615234,
            "7_aggregate_override": 0.023159503936767578,
            "8_join": 0.024803638458251953,
            "9_filter": 0.04249167442321777,
            "10_fill": 0.01920032501220703,
            "11_merge": 0.020798683166503906,
            "12_copy": 0.019724369049072266,
            "13_select": 0.020084142684936523
        },
        "join_text_units_to_entity_ids": {
            "overall": 0.0879514217376709,
            "0_select": 0.021166563034057617,
            "1_unroll": 0.02248978614807129,
            "2_aggregate_override": 0.023816823959350586
        },
        "create_final_relationships": {
            "overall": 0.3089275360107422,
            "0_unpack_graph": 0.032460927963256836,
            "1_filter": 0.06293153762817383,
            "2_rename": 0.0220644474029541,
            "3_filter": 0.048676252365112305,
            "4_drop": 0.022862672805786133,
            "5_compute_edge_combined_degree": 0.027150869369506836,
            "6_convert": 0.046973228454589844,
            "7_convert": 0.023958683013916016
        },
        "join_text_units_to_relationship_ids": {
            "overall": 0.13061809539794922,
            "0_select": 0.025487899780273438,
            "1_unroll": 0.026736736297607422,
            "2_aggregate_override": 0.028021812438964844,
            "3_select": 0.025799274444580078
        },
        "create_final_community_reports": {
            "overall": 159.9826102256775,
            "0_prepare_community_reports_nodes": 0.05196547508239746,
            "1_prepare_community_reports_edges": 0.027709484100341797,
            "2_restore_community_hierarchy": 0.029239654541015625,
            "3_prepare_community_reports": 0.05186319351196289,
            "4_create_community_reports": 159.76717901229858,
            "5_window": 0.02851581573486328
        },
        "create_final_text_units": {
            "overall": 0.21815156936645508,
            "0_select": 0.028286218643188477,
            "1_rename": 0.02892136573791504,
            "2_join": 0.03553938865661621,
            "3_join": 0.03491544723510742,
            "4_aggregate_override": 0.03283190727233887,
            "5_select": 0.029551029205322266
        },
        "create_base_documents": {
            "overall": 0.3991985321044922,
            "0_unroll": 0.03233790397644043,
            "1_select": 0.030251026153564453,
            "2_rename": 0.031223058700561523,
            "3_join": 0.036994218826293945,
            "4_aggregate_override": 0.0344388484954834,
            "5_join": 0.03841137886047363,
            "6_rename": 0.03169560432434082,
            "7_convert": 0.13409781455993652
        },
        "create_final_documents": {
            "overall": 0.07811975479125977,
            "0_rename": 0.04493284225463867
        }
    }
}