{
    "total_runtime": 2278.3587186336517,
    "num_documents": 20,
    "input_load_time": 0,
    "workflows": {
        "create_base_text_units": {
            "overall": 0.2835509777069092,
            "0_orderby": 0.0031468868255615234,
            "1_zip": 0.0035185813903808594,
            "2_aggregate_override": 0.005949497222900391,
            "3_chunk": 0.2229015827178955,
            "4_select": 0.004205465316772461,
            "5_unroll": 0.0056688785552978516,
            "6_rename": 0.00440216064453125,
            "7_genid": 0.005142927169799805,
            "8_unzip": 0.00560760498046875,
            "9_copy": 0.00500035285949707,
            "10_filter": 0.015409708023071289
        },
        "create_base_extracted_entities": {
            "overall": 1802.8436431884766,
            "0_entity_extract": 1802.805988073349,
            "1_snapshot": 0.008063554763793945,
            "2_merge_graphs": 0.016328096389770508,
            "3_snapshot_rows": 0.007250308990478516
        },
        "create_summarized_entities": {
            "overall": 212.20878100395203,
            "0_summarize_descriptions": 212.19343042373657,
            "1_snapshot_rows": 0.008394479751586914
        },
        "create_base_entity_graph": {
            "overall": 0.05542874336242676,
            "0_cluster_graph": 0.0202634334564209,
            "1_snapshot_rows": 0.009031057357788086,
            "2_snapshot_rows": 0.009180784225463867,
            "3_select": 0.009137153625488281
        },
        "create_final_entities": {
            "overall": 5.5867369174957275,
            "0_unpack_graph": 0.012135505676269531,
            "1_rename": 0.010137557983398438,
            "2_select": 0.010310173034667969,
            "3_dedupe": 0.010432958602905273,
            "4_rename": 0.010737419128417969,
            "5_filter": 0.02538466453552246,
            "6_text_split": 0.012003421783447266,
            "7_drop": 0.011518716812133789,
            "8_merge": 0.02054142951965332,
            "9_text_embed": 5.410247325897217,
            "10_drop": 0.014733552932739258,
            "11_filter": 0.029012680053710938
        },
        "create_final_nodes": {
            "overall": 0.2476797103881836,
            "0_layout_graph": 0.0230100154876709,
            "1_unpack_graph": 0.01598834991455078,
            "2_unpack_graph": 0.016640186309814453,
            "3_drop": 0.014096260070800781,
            "4_filter": 0.03197431564331055,
            "5_select": 0.014925479888916016,
            "6_snapshot": 0.015266895294189453,
            "7_rename": 0.01556086540222168,
            "8_join": 0.02209186553955078,
            "9_convert": 0.04886317253112793,
            "10_rename": 0.016126394271850586
        },
        "create_final_communities": {
            "overall": 0.35205817222595215,
            "0_unpack_graph": 0.019683837890625,
            "1_unpack_graph": 0.019132375717163086,
            "2_aggregate_override": 0.019580602645874023,
            "3_join": 0.02366495132446289,
            "4_join": 0.024551868438720703,
            "5_concat": 0.01825404167175293,
            "6_filter": 0.041498661041259766,
            "7_aggregate_override": 0.021456003189086914,
            "8_join": 0.0244138240814209,
            "9_filter": 0.04251837730407715,
            "10_fill": 0.019157886505126953,
            "11_merge": 0.02097797393798828,
            "12_copy": 0.020666122436523438,
            "13_select": 0.020267248153686523
        },
        "join_text_units_to_entity_ids": {
            "overall": 0.08898711204528809,
            "0_select": 0.021216630935668945,
            "1_unroll": 0.022751569747924805,
            "2_aggregate_override": 0.02350163459777832
        },
        "create_final_relationships": {
            "overall": 0.31099557876586914,
            "0_unpack_graph": 0.04524850845336914,
            "1_filter": 0.047356605529785156,
            "2_rename": 0.02226734161376953,
            "3_filter": 0.05324554443359375,
            "4_drop": 0.022823333740234375,
            "5_compute_edge_combined_degree": 0.02676868438720703,
            "6_convert": 0.04723644256591797,
            "7_convert": 0.023767709732055664
        },
        "join_text_units_to_relationship_ids": {
            "overall": 0.13152599334716797,
            "0_select": 0.028582096099853516,
            "1_unroll": 0.026225805282592773,
            "2_aggregate_override": 0.027246952056884766,
            "3_select": 0.025472402572631836
        },
        "create_final_community_reports": {
            "overall": 251.76764392852783,
            "0_prepare_community_reports_nodes": 0.038855552673339844,
            "1_prepare_community_reports_edges": 0.043418169021606445,
            "2_restore_community_hierarchy": 0.032874345779418945,
            "3_prepare_community_reports": 0.05464053153991699,
            "4_create_community_reports": 251.54304838180542,
            "5_window": 0.028316974639892578
        },
        "create_final_text_units": {
            "overall": 0.21123099327087402,
            "0_select": 0.02781200408935547,
            "1_rename": 0.028011560440063477,
            "2_join": 0.03421354293823242,
            "3_join": 0.034093379974365234,
            "4_aggregate_override": 0.030977964401245117,
            "5_select": 0.02885580062866211
        },
        "create_base_documents": {
            "overall": 0.35776448249816895,
            "0_unroll": 0.03133058547973633,
            "1_select": 0.029987573623657227,
            "2_rename": 0.030416488647460938,
            "3_join": 0.03526616096496582,
            "4_aggregate_override": 0.03301382064819336,
            "5_join": 0.036572933197021484,
            "6_rename": 0.03127336502075195,
            "7_convert": 0.10016036033630371
        },
        "create_final_documents": {
            "overall": 0.06416606903076172,
            "0_rename": 0.03228354454040527
        }
    }
}