{
    "total_runtime": 657.4658725261688,
    "num_documents": 20,
    "input_load_time": 0,
    "workflows": {
        "create_base_text_units": {
            "overall": 0.27944493293762207,
            "0_orderby": 0.003103017807006836,
            "1_zip": 0.003432035446166992,
            "2_aggregate_override": 0.0059778690338134766,
            "3_chunk": 0.2198348045349121,
            "4_select": 0.004085540771484375,
            "5_unroll": 0.005570173263549805,
            "6_rename": 0.004266023635864258,
            "7_genid": 0.005051136016845703,
            "8_unzip": 0.005556344985961914,
            "9_copy": 0.004956722259521484,
            "10_filter": 0.015082359313964844
        },
        "create_base_extracted_entities": {
            "overall": 511.2024116516113,
            "0_entity_extract": 511.15313959121704,
            "1_snapshot": 0.009598493576049805,
            "2_merge_graphs": 0.02626967430114746,
            "3_snapshot_rows": 0.007478237152099609
        },
        "create_summarized_entities": {
            "overall": 41.9072470664978,
            "0_summarize_descriptions": 41.892290115356445,
            "1_snapshot_rows": 0.008144140243530273
        },
        "create_base_entity_graph": {
            "overall": 0.06313729286193848,
            "0_cluster_graph": 0.026897430419921875,
            "1_snapshot_rows": 0.009573221206665039,
            "2_snapshot_rows": 0.00919961929321289,
            "3_select": 0.009133577346801758
        },
        "create_final_entities": {
            "overall": 9.880340337753296,
            "0_unpack_graph": 0.01484537124633789,
            "1_rename": 0.009991645812988281,
            "2_select": 0.010416746139526367,
            "3_dedupe": 0.01086115837097168,
            "4_rename": 0.011153221130371094,
            "5_filter": 0.026030302047729492,
            "6_text_split": 0.01306009292602539,
            "7_drop": 0.01182246208190918,
            "8_merge": 0.047360897064208984,
            "9_text_embed": 9.67449402809143,
            "10_drop": 0.012326717376708984,
            "11_filter": 0.028241872787475586
        },
        "create_final_nodes": {
            "overall": 0.2833709716796875,
            "0_layout_graph": 0.031725168228149414,
            "1_unpack_graph": 0.019550323486328125,
            "2_unpack_graph": 0.01818084716796875,
            "3_filter": 0.0331418514251709,
            "4_drop": 0.02012777328491211,
            "5_select": 0.02349233627319336,
            "6_snapshot": 0.01675724983215332,
            "7_rename": 0.016426801681518555,
            "8_join": 0.022253751754760742,
            "9_convert": 0.05086231231689453,
            "10_rename": 0.017104148864746094
        },
        "create_final_communities": {
            "overall": 0.3699629306793213,
            "0_unpack_graph": 0.02301478385925293,
            "1_unpack_graph": 0.021359682083129883,
            "2_aggregate_override": 0.019975662231445312,
            "3_join": 0.02454352378845215,
            "4_join": 0.02483534812927246,
            "5_concat": 0.019359588623046875,
            "6_filter": 0.0434725284576416,
            "7_aggregate_override": 0.022015094757080078,
            "8_join": 0.0254061222076416,
            "9_filter": 0.044168710708618164,
            "10_fill": 0.020721435546875,
            "11_merge": 0.021044015884399414,
            "12_copy": 0.021231889724731445,
            "13_select": 0.020929574966430664
        },
        "join_text_units_to_entity_ids": {
            "overall": 0.08576536178588867,
            "0_select": 0.020764827728271484,
            "1_unroll": 0.021747589111328125,
            "2_aggregate_override": 0.023498058319091797
        },
        "create_final_relationships": {
            "overall": 0.28009629249572754,
            "0_unpack_graph": 0.026476621627807617,
            "1_filter": 0.04627418518066406,
            "2_rename": 0.022314786911010742,
            "3_filter": 0.0470736026763916,
            "4_drop": 0.02233743667602539,
            "5_compute_edge_combined_degree": 0.026357412338256836,
            "6_convert": 0.04552602767944336,
            "7_convert": 0.022468090057373047
        },
        "join_text_units_to_relationship_ids": {
            "overall": 0.15111160278320312,
            "0_select": 0.02441239356994629,
            "1_unroll": 0.025821208953857422,
            "2_aggregate_override": 0.05253338813781738,
            "3_select": 0.024649381637573242
        },
        "create_final_community_reports": {
            "overall": 88.57341647148132,
            "0_prepare_community_reports_nodes": 0.027169227600097656,
            "1_prepare_community_reports_edges": 0.027138710021972656,
            "2_restore_community_hierarchy": 0.02897167205810547,
            "3_prepare_community_reports": 0.05317234992980957,
            "4_create_community_reports": 88.38376235961914,
            "5_window": 0.02790069580078125
        },
        "create_final_text_units": {
            "overall": 0.21619486808776855,
            "0_select": 0.02922654151916504,
            "1_rename": 0.028609752655029297,
            "2_join": 0.03484773635864258,
            "3_join": 0.033649444580078125,
            "4_aggregate_override": 0.032097816467285156,
            "5_select": 0.029601573944091797
        },
        "create_base_documents": {
            "overall": 0.35071492195129395,
            "0_unroll": 0.031189680099487305,
            "1_select": 0.0297849178314209,
            "2_rename": 0.030270099639892578,
            "3_join": 0.03484797477722168,
            "4_aggregate_override": 0.03238058090209961,
            "5_join": 0.03596997261047363,
            "6_rename": 0.03112483024597168,
            "7_convert": 0.09445714950561523
        },
        "create_final_documents": {
            "overall": 0.06343507766723633,
            "0_rename": 0.03179478645324707
        }
    }
}