{
    "total_runtime": 3036.399883031845,
    "num_documents": 20,
    "input_load_time": 0,
    "workflows": {
        "create_base_text_units": {
            "overall": 0.2844219207763672,
            "0_orderby": 0.0038568973541259766,
            "1_zip": 0.003493070602416992,
            "2_aggregate_override": 0.006421566009521484,
            "3_chunk": 0.2231769561767578,
            "4_select": 0.004129648208618164,
            "5_unroll": 0.005555629730224609,
            "6_rename": 0.004359722137451172,
            "7_genid": 0.005171298980712891,
            "8_unzip": 0.005496025085449219,
            "9_copy": 0.004944801330566406,
            "10_filter": 0.015211105346679688
        },
        "create_base_extracted_entities": {
            "overall": 1867.961327791214,
            "0_entity_extract": 1867.8620374202728,
            "1_snapshot": 0.019113540649414062,
            "2_merge_graphs": 0.0595858097076416,
            "3_snapshot_rows": 0.014529228210449219
        },
        "create_summarized_entities": {
            "overall": 281.46542501449585,
            "0_summarize_descriptions": 281.4496285915375,
            "1_snapshot_rows": 0.008590936660766602
        },
        "create_base_entity_graph": {
            "overall": 0.08121490478515625,
            "0_cluster_graph": 0.04530930519104004,
            "1_snapshot_rows": 0.009103059768676758,
            "2_snapshot_rows": 0.00886392593383789,
            "3_select": 0.008782386779785156
        },
        "create_final_entities": {
            "overall": 13.268290996551514,
            "0_unpack_graph": 0.015314817428588867,
            "1_rename": 0.009665250778198242,
            "2_select": 0.010184049606323242,
            "3_dedupe": 0.010710477828979492,
            "4_rename": 0.010730504989624023,
            "5_filter": 0.025089263916015625,
            "6_text_split": 0.01292276382446289,
            "7_drop": 0.01123356819152832,
            "8_merge": 0.03684830665588379,
            "9_text_embed": 13.069991111755371,
            "10_drop": 0.014521598815917969,
            "11_filter": 0.03164052963256836
        },
        "create_final_nodes": {
            "overall": 0.2675206661224365,
            "0_layout_graph": 0.03576946258544922,
            "1_unpack_graph": 0.019881486892700195,
            "2_unpack_graph": 0.019072294235229492,
            "3_filter": 0.031118154525756836,
            "4_drop": 0.014079093933105469,
            "5_select": 0.0150604248046875,
            "6_snapshot": 0.015933990478515625,
            "7_rename": 0.014974594116210938,
            "8_join": 0.02162957191467285,
            "9_convert": 0.050322532653808594,
            "10_rename": 0.016631364822387695
        },
        "create_final_communities": {
            "overall": 0.3577611446380615,
            "0_unpack_graph": 0.022491455078125,
            "1_unpack_graph": 0.021708965301513672,
            "2_aggregate_override": 0.01978278160095215,
            "3_join": 0.024206876754760742,
            "4_join": 0.023849964141845703,
            "5_concat": 0.018191099166870117,
            "6_filter": 0.04191160202026367,
            "7_aggregate_override": 0.02147388458251953,
            "8_join": 0.024240732192993164,
            "9_filter": 0.0428164005279541,
            "10_fill": 0.019246578216552734,
            "11_merge": 0.02093029022216797,
            "12_copy": 0.01987457275390625,
            "13_select": 0.02000594139099121
        },
        "join_text_units_to_entity_ids": {
            "overall": 0.08965754508972168,
            "0_select": 0.02170109748840332,
            "1_unroll": 0.023006677627563477,
            "2_aggregate_override": 0.024376869201660156
        },
        "create_final_relationships": {
            "overall": 0.2888050079345703,
            "0_unpack_graph": 0.02754068374633789,
            "1_filter": 0.04760146141052246,
            "2_rename": 0.02208852767944336,
            "3_filter": 0.04790902137756348,
            "4_drop": 0.022696733474731445,
            "5_compute_edge_combined_degree": 0.02717447280883789,
            "6_convert": 0.047783613204956055,
            "7_convert": 0.024119138717651367
        },
        "join_text_units_to_relationship_ids": {
            "overall": 0.15189433097839355,
            "0_select": 0.04799962043762207,
            "1_unroll": 0.02651190757751465,
            "2_aggregate_override": 0.02767467498779297,
            "3_select": 0.0255434513092041
        },
        "create_final_community_reports": {
            "overall": 867.4021329879761,
            "0_prepare_community_reports_nodes": 0.029428958892822266,
            "1_prepare_community_reports_edges": 0.029043197631835938,
            "2_restore_community_hierarchy": 0.03092479705810547,
            "3_prepare_community_reports": 0.05572247505187988,
            "4_create_community_reports": 867.202516078949,
            "5_window": 0.028284072875976562
        },
        "create_final_text_units": {
            "overall": 0.21621918678283691,
            "0_select": 0.028542518615722656,
            "1_rename": 0.028159141540527344,
            "2_join": 0.03513169288635254,
            "3_join": 0.03473997116088867,
            "4_aggregate_override": 0.03215336799621582,
            "5_select": 0.02935004234313965
        },
        "create_base_documents": {
            "overall": 0.3623495101928711,
            "0_unroll": 0.03184390068054199,
            "1_select": 0.03160977363586426,
            "2_rename": 0.03130626678466797,
            "3_join": 0.03636813163757324,
            "4_aggregate_override": 0.03275561332702637,
            "5_join": 0.03717041015625,
            "6_rename": 0.03183579444885254,
            "7_convert": 0.09988021850585938
        },
        "create_final_documents": {
            "overall": 0.06454920768737793,
            "0_rename": 0.03240013122558594
        }
    }
}