{
    "total_runtime": 1199.3307492733002,
    "num_documents": 20,
    "input_load_time": 0,
    "workflows": {
        "create_base_text_units": {
            "overall": 0.27941131591796875,
            "0_orderby": 0.0031425952911376953,
            "1_zip": 0.003418445587158203,
            "2_aggregate_override": 0.006013631820678711,
            "3_chunk": 0.21869492530822754,
            "4_select": 0.0041239261627197266,
            "5_unroll": 0.0055086612701416016,
            "6_rename": 0.004379749298095703,
            "7_genid": 0.005041599273681641,
            "8_unzip": 0.005670309066772461,
            "9_copy": 0.005109548568725586,
            "10_filter": 0.015900611877441406
        },
        "create_base_extracted_entities": {
            "overall": 881.4383561611176,
            "0_entity_extract": 881.3869369029999,
            "1_snapshot": 0.009781122207641602,
            "2_merge_graphs": 0.028655529022216797,
            "3_snapshot_rows": 0.007137775421142578
        },
        "create_summarized_entities": {
            "overall": 22.131041526794434,
            "0_summarize_descriptions": 22.11594009399414,
            "1_snapshot_rows": 0.008135080337524414
        },
        "create_base_entity_graph": {
            "overall": 0.07980537414550781,
            "0_cluster_graph": 0.044220924377441406,
            "1_snapshot_rows": 0.009505987167358398,
            "2_snapshot_rows": 0.00950312614440918,
            "3_select": 0.00885009765625
        },
        "create_final_entities": {
            "overall": 13.082597732543945,
            "0_unpack_graph": 0.020618438720703125,
            "1_rename": 0.009596109390258789,
            "2_select": 0.009962320327758789,
            "3_dedupe": 0.010480880737304688,
            "4_rename": 0.01031947135925293,
            "5_filter": 0.024701356887817383,
            "6_text_split": 0.01314401626586914,
            "7_drop": 0.01094675064086914,
            "8_merge": 0.03812289237976074,
            "9_text_embed": 12.873255491256714,
            "10_drop": 0.01961684226989746,
            "11_filter": 0.03273820877075195
        },
        "create_final_nodes": {
            "overall": 0.30944180488586426,
            "0_layout_graph": 0.0576634407043457,
            "1_unpack_graph": 0.03332972526550293,
            "2_unpack_graph": 0.025556564331054688,
            "3_drop": 0.013912677764892578,
            "4_filter": 0.034829139709472656,
            "5_select": 0.014790058135986328,
            "6_snapshot": 0.015564203262329102,
            "7_rename": 0.015005826950073242,
            "8_join": 0.02178335189819336,
            "9_convert": 0.04843401908874512,
            "10_rename": 0.015854597091674805
        },
        "create_final_communities": {
            "overall": 0.37886619567871094,
            "0_unpack_graph": 0.027512550354003906,
            "1_unpack_graph": 0.026935577392578125,
            "2_aggregate_override": 0.019200563430786133,
            "3_join": 0.023700952529907227,
            "4_join": 0.023468017578125,
            "5_concat": 0.017841815948486328,
            "6_filter": 0.053253889083862305,
            "7_aggregate_override": 0.021669626235961914,
            "8_join": 0.023694276809692383,
            "9_filter": 0.04219770431518555,
            "10_fill": 0.019239425659179688,
            "11_merge": 0.022718429565429688,
            "12_copy": 0.02101302146911621,
            "13_select": 0.019967079162597656
        },
        "join_text_units_to_entity_ids": {
            "overall": 0.0868232250213623,
            "0_select": 0.020776033401489258,
            "1_unroll": 0.021918058395385742,
            "2_aggregate_override": 0.023794174194335938
        },
        "create_final_relationships": {
            "overall": 0.2953979969024658,
            "0_unpack_graph": 0.03277111053466797,
            "1_filter": 0.05044746398925781,
            "2_rename": 0.022069931030273438,
            "3_filter": 0.0484769344329834,
            "4_drop": 0.02278733253479004,
            "5_compute_edge_combined_degree": 0.026871681213378906,
            "6_convert": 0.046930789947509766,
            "7_convert": 0.023547649383544922
        },
        "join_text_units_to_relationship_ids": {
            "overall": 0.1530778408050537,
            "0_select": 0.024688720703125,
            "1_unroll": 0.026009798049926758,
            "2_aggregate_override": 0.05296039581298828,
            "3_select": 0.025506973266601562
        },
        "create_final_community_reports": {
            "overall": 276.69449973106384,
            "0_prepare_community_reports_nodes": 0.029322385787963867,
            "1_prepare_community_reports_edges": 0.02781534194946289,
            "2_restore_community_hierarchy": 0.02900075912475586,
            "3_prepare_community_reports": 0.0863490104675293,
            "4_create_community_reports": 276.46786761283875,
            "5_window": 0.02812051773071289
        },
        "create_final_text_units": {
            "overall": 0.23702311515808105,
            "0_select": 0.02783679962158203,
            "1_rename": 0.028029680252075195,
            "2_join": 0.03360629081726074,
            "3_join": 0.03327536582946777,
            "4_aggregate_override": 0.036310434341430664,
            "5_select": 0.05055379867553711
        },
        "create_base_documents": {
            "overall": 0.3530716896057129,
            "0_unroll": 0.0312192440032959,
            "1_select": 0.02979731559753418,
            "2_rename": 0.030047178268432617,
            "3_join": 0.03564739227294922,
            "4_aggregate_override": 0.03223848342895508,
            "5_join": 0.03596305847167969,
            "6_rename": 0.03230929374694824,
            "7_convert": 0.09661436080932617
        },
        "create_final_documents": {
            "overall": 0.0707247257232666,
            "0_rename": 0.03844141960144043
        }
    }
}