{
    "total_runtime": 1128.0702576637268,
    "num_documents": 20,
    "input_load_time": 0,
    "workflows": {
        "create_base_text_units": {
            "overall": 0.27851200103759766,
            "0_orderby": 0.0030426979064941406,
            "1_zip": 0.003465890884399414,
            "2_aggregate_override": 0.0059185028076171875,
            "3_chunk": 0.21854519844055176,
            "4_select": 0.00415349006652832,
            "5_unroll": 0.005511283874511719,
            "6_rename": 0.004477739334106445,
            "7_genid": 0.005240917205810547,
            "8_unzip": 0.0054094791412353516,
            "9_copy": 0.0050776004791259766,
            "10_filter": 0.01515507698059082
        },
        "create_base_extracted_entities": {
            "overall": 877.8186106681824,
            "0_entity_extract": 877.7651727199554,
            "1_snapshot": 0.010262250900268555,
            "2_merge_graphs": 0.03006577491760254,
            "3_snapshot_rows": 0.007212638854980469
        },
        "create_summarized_entities": {
            "overall": 57.99595355987549,
            "0_summarize_descriptions": 57.98061180114746,
            "1_snapshot_rows": 0.00826883316040039
        },
        "create_base_entity_graph": {
            "overall": 0.08163022994995117,
            "0_cluster_graph": 0.045783281326293945,
            "1_snapshot_rows": 0.009597301483154297,
            "2_snapshot_rows": 0.009586811065673828,
            "3_select": 0.008833169937133789
        },
        "create_final_entities": {
            "overall": 14.920515060424805,
            "0_unpack_graph": 0.029813051223754883,
            "1_rename": 0.009933948516845703,
            "2_select": 0.010111570358276367,
            "3_dedupe": 0.010247230529785156,
            "4_rename": 0.010199546813964844,
            "5_filter": 0.024753332138061523,
            "6_text_split": 0.013335943222045898,
            "7_drop": 0.011030197143554688,
            "8_merge": 0.04238462448120117,
            "9_text_embed": 14.708424806594849,
            "10_drop": 0.012217044830322266,
            "11_filter": 0.028612375259399414
        },
        "create_final_nodes": {
            "overall": 0.31293463706970215,
            "0_layout_graph": 0.07012200355529785,
            "1_unpack_graph": 0.025866031646728516,
            "2_unpack_graph": 0.026386260986328125,
            "3_filter": 0.03375720977783203,
            "4_drop": 0.013982772827148438,
            "5_select": 0.014415264129638672,
            "6_snapshot": 0.01490163803100586,
            "7_rename": 0.015002727508544922,
            "8_join": 0.021245956420898438,
            "9_convert": 0.04819130897521973,
            "10_rename": 0.015864133834838867
        },
        "create_final_communities": {
            "overall": 0.37020039558410645,
            "0_unpack_graph": 0.028350830078125,
            "1_unpack_graph": 0.02741384506225586,
            "2_aggregate_override": 0.018866777420043945,
            "3_join": 0.023616552352905273,
            "4_join": 0.02324366569519043,
            "5_concat": 0.0175933837890625,
            "6_filter": 0.04846596717834473,
            "7_aggregate_override": 0.02155137062072754,
            "8_join": 0.02361321449279785,
            "9_filter": 0.04236721992492676,
            "10_fill": 0.018471956253051758,
            "11_merge": 0.020803213119506836,
            "12_copy": 0.0194399356842041,
            "13_select": 0.019847631454467773
        },
        "join_text_units_to_entity_ids": {
            "overall": 0.08853530883789062,
            "0_select": 0.02123403549194336,
            "1_unroll": 0.0226593017578125,
            "2_aggregate_override": 0.02437877655029297
        },
        "create_final_relationships": {
            "overall": 0.3030421733856201,
            "0_unpack_graph": 0.03414726257324219,
            "1_filter": 0.051664113998413086,
            "2_rename": 0.0225832462310791,
            "3_filter": 0.04959607124328613,
            "4_drop": 0.023144245147705078,
            "5_compute_edge_combined_degree": 0.028339385986328125,
            "6_convert": 0.04753708839416504,
            "7_convert": 0.023868322372436523
        },
        "join_text_units_to_relationship_ids": {
            "overall": 0.1517651081085205,
            "0_select": 0.030123472213745117,
            "1_unroll": 0.04361605644226074,
            "2_aggregate_override": 0.02782440185546875,
            "3_select": 0.025847196578979492
        },
        "create_final_community_reports": {
            "overall": 171.3603699207306,
            "0_prepare_community_reports_nodes": 0.030677318572998047,
            "1_prepare_community_reports_edges": 0.028082847595214844,
            "2_restore_community_hierarchy": 0.029294490814208984,
            "3_prepare_community_reports": 0.07473945617675781,
            "4_create_community_reports": 171.14345240592957,
            "5_window": 0.027805328369140625
        },
        "create_final_text_units": {
            "overall": 0.2121891975402832,
            "0_select": 0.02813267707824707,
            "1_rename": 0.02789783477783203,
            "2_join": 0.03492569923400879,
            "3_join": 0.033681392669677734,
            "4_aggregate_override": 0.03081536293029785,
            "5_select": 0.02898550033569336
        },
        "create_base_documents": {
            "overall": 0.383258581161499,
            "0_unroll": 0.03129148483276367,
            "1_select": 0.03537297248840332,
            "2_rename": 0.05451083183288574,
            "3_join": 0.03529977798461914,
            "4_aggregate_override": 0.032860517501831055,
            "5_join": 0.03695273399353027,
            "6_rename": 0.031850576400756836,
            "7_convert": 0.09556913375854492
        },
        "create_final_documents": {
            "overall": 0.06513452529907227,
            "0_rename": 0.032433509826660156
        }
    }
}