{
    "total_runtime": 2928.170614004135,
    "num_documents": 20,
    "input_load_time": 0,
    "workflows": {
        "create_base_text_units": {
            "overall": 0.32217955589294434,
            "0_orderby": 0.003257274627685547,
            "1_zip": 0.003673076629638672,
            "2_aggregate_override": 0.00655364990234375,
            "3_chunk": 0.2571244239807129,
            "4_select": 0.0044176578521728516,
            "5_unroll": 0.005915164947509766,
            "6_rename": 0.004705905914306641,
            "7_genid": 0.005358219146728516,
            "8_unzip": 0.005637168884277344,
            "9_copy": 0.005187273025512695,
            "10_filter": 0.017453908920288086
        },
        "create_base_extracted_entities": {
            "overall": 1868.0458838939667,
            "0_entity_extract": 1867.9434683322906,
            "1_snapshot": 0.018685102462768555,
            "2_merge_graphs": 0.0587010383605957,
            "3_snapshot_rows": 0.01868152618408203
        },
        "create_summarized_entities": {
            "overall": 170.82775330543518,
            "0_summarize_descriptions": 170.81104564666748,
            "1_snapshot_rows": 0.009185791015625
        },
        "create_base_entity_graph": {
            "overall": 0.06665444374084473,
            "0_cluster_graph": 0.029067516326904297,
            "1_snapshot_rows": 0.009621858596801758,
            "2_snapshot_rows": 0.00953364372253418,
            "3_select": 0.009589195251464844
        },
        "create_final_entities": {
            "overall": 9.427896976470947,
            "0_unpack_graph": 0.013892412185668945,
            "1_rename": 0.009885549545288086,
            "2_select": 0.010081291198730469,
            "3_dedupe": 0.010764598846435547,
            "4_rename": 0.010379552841186523,
            "5_filter": 0.02541637420654297,
            "6_text_split": 0.012517452239990234,
            "7_drop": 0.011318683624267578,
            "8_merge": 0.03183388710021973,
            "9_text_embed": 9.240094900131226,
            "10_drop": 0.012584447860717773,
            "11_filter": 0.029673337936401367
        },
        "create_final_nodes": {
            "overall": 0.28292059898376465,
            "0_layout_graph": 0.0326385498046875,
            "1_unpack_graph": 0.02379775047302246,
            "2_unpack_graph": 0.02711009979248047,
            "3_filter": 0.032709598541259766,
            "4_drop": 0.014684677124023438,
            "5_select": 0.015098094940185547,
            "6_snapshot": 0.01596689224243164,
            "7_rename": 0.015890836715698242,
            "8_join": 0.023360252380371094,
            "9_convert": 0.05218148231506348,
            "10_rename": 0.01617264747619629
        },
        "create_final_communities": {
            "overall": 0.41728854179382324,
            "0_unpack_graph": 0.02171015739440918,
            "1_unpack_graph": 0.0206143856048584,
            "2_aggregate_override": 0.022282123565673828,
            "3_join": 0.024068832397460938,
            "4_join": 0.02426910400390625,
            "5_concat": 0.018384933471679688,
            "6_filter": 0.04201197624206543,
            "7_aggregate_override": 0.021581649780273438,
            "8_join": 0.025445222854614258,
            "9_filter": 0.043734073638916016,
            "10_fill": 0.02433609962463379,
            "11_merge": 0.03418135643005371,
            "12_copy": 0.043132781982421875,
            "13_select": 0.03488016128540039
        },
        "join_text_units_to_entity_ids": {
            "overall": 0.08763313293457031,
            "0_select": 0.021047115325927734,
            "1_unroll": 0.022527694702148438,
            "2_aggregate_override": 0.023461580276489258
        },
        "create_final_relationships": {
            "overall": 0.29224300384521484,
            "0_unpack_graph": 0.026581287384033203,
            "1_filter": 0.048294782638549805,
            "2_rename": 0.0230712890625,
            "3_filter": 0.04962801933288574,
            "4_drop": 0.022974252700805664,
            "5_compute_edge_combined_degree": 0.028217792510986328,
            "6_convert": 0.04806160926818848,
            "7_convert": 0.023524045944213867
        },
        "join_text_units_to_relationship_ids": {
            "overall": 0.12642168998718262,
            "0_select": 0.024440765380859375,
            "1_unroll": 0.026002883911132812,
            "2_aggregate_override": 0.027643918991088867,
            "3_select": 0.024839162826538086
        },
        "create_final_community_reports": {
            "overall": 873.1999928951263,
            "0_prepare_community_reports_nodes": 0.02883124351501465,
            "1_prepare_community_reports_edges": 0.02776026725769043,
            "2_restore_community_hierarchy": 0.030342578887939453,
            "3_prepare_community_reports": 0.054331302642822266,
            "4_create_community_reports": 873.0033204555511,
            "5_window": 0.029475688934326172
        },
        "create_final_text_units": {
            "overall": 0.21577882766723633,
            "0_select": 0.02814626693725586,
            "1_rename": 0.02788519859313965,
            "2_join": 0.0346829891204834,
            "3_join": 0.03547930717468262,
            "4_aggregate_override": 0.03223466873168945,
            "5_select": 0.029760360717773438
        },
        "create_base_documents": {
            "overall": 0.3612239360809326,
            "0_unroll": 0.03190898895263672,
            "1_select": 0.03121018409729004,
            "2_rename": 0.03107166290283203,
            "3_join": 0.037451982498168945,
            "4_aggregate_override": 0.03350234031677246,
            "5_join": 0.03698325157165527,
            "6_rename": 0.031161785125732422,
            "7_convert": 0.09828662872314453
        },
        "create_final_documents": {
            "overall": 0.09942293167114258,
            "0_rename": 0.06711387634277344
        }
    }
}