{
    "total_runtime": 1367.6112399101257,
    "num_documents": 20,
    "input_load_time": 0,
    "workflows": {
        "create_base_text_units": {
            "overall": 0.2812013626098633,
            "0_orderby": 0.0033807754516601562,
            "1_zip": 0.003874063491821289,
            "2_aggregate_override": 0.006524324417114258,
            "3_chunk": 0.2173912525177002,
            "4_select": 0.00410771369934082,
            "5_unroll": 0.005560874938964844,
            "6_rename": 0.004502534866333008,
            "7_genid": 0.005255222320556641,
            "8_unzip": 0.0056498050689697266,
            "9_copy": 0.004984855651855469,
            "10_filter": 0.015920400619506836
        },
        "create_base_extracted_entities": {
            "overall": 785.7758421897888,
            "0_entity_extract": 785.7248644828796,
            "1_snapshot": 0.010040998458862305,
            "2_merge_graphs": 0.02756524085998535,
            "3_snapshot_rows": 0.007466554641723633
        },
        "create_summarized_entities": {
            "overall": 74.18992304801941,
            "0_summarize_descriptions": 74.174565076828,
            "1_snapshot_rows": 0.008440256118774414
        },
        "create_base_entity_graph": {
            "overall": 0.07383275032043457,
            "0_cluster_graph": 0.038011789321899414,
            "1_snapshot_rows": 0.009298086166381836,
            "2_snapshot_rows": 0.009705543518066406,
            "3_select": 0.008988380432128906
        },
        "create_final_entities": {
            "overall": 9.370083093643188,
            "0_unpack_graph": 0.018426179885864258,
            "1_rename": 0.009586095809936523,
            "2_select": 0.010019063949584961,
            "3_dedupe": 0.010478734970092773,
            "4_rename": 0.010567426681518555,
            "5_filter": 0.025289297103881836,
            "6_text_split": 0.012474775314331055,
            "7_drop": 0.011225223541259766,
            "8_merge": 0.03019261360168457,
            "9_text_embed": 9.181400537490845,
            "10_drop": 0.012339115142822266,
            "11_filter": 0.028721094131469727
        },
        "create_final_nodes": {
            "overall": 0.2909977436065674,
            "0_layout_graph": 0.04770326614379883,
            "1_unpack_graph": 0.023009300231933594,
            "2_unpack_graph": 0.02300262451171875,
            "3_filter": 0.03179168701171875,
            "4_drop": 0.014149904251098633,
            "5_select": 0.014524459838867188,
            "6_snapshot": 0.015324831008911133,
            "7_rename": 0.014893770217895508,
            "8_convert": 0.055016279220581055,
            "9_join": 0.022814273834228516,
            "10_rename": 0.015904903411865234
        },
        "create_final_communities": {
            "overall": 0.3730626106262207,
            "0_unpack_graph": 0.025393009185791016,
            "1_unpack_graph": 0.024837732315063477,
            "2_aggregate_override": 0.019776344299316406,
            "3_join": 0.023915767669677734,
            "4_join": 0.023411273956298828,
            "5_concat": 0.017798423767089844,
            "6_filter": 0.04991030693054199,
            "7_aggregate_override": 0.02236628532409668,
            "8_join": 0.024133682250976562,
            "9_filter": 0.04258370399475098,
            "10_fill": 0.01917719841003418,
            "11_merge": 0.02286672592163086,
            "12_copy": 0.019811630249023438,
            "13_select": 0.020481586456298828
        },
        "join_text_units_to_entity_ids": {
            "overall": 0.09046053886413574,
            "0_select": 0.021569013595581055,
            "1_unroll": 0.02310347557067871,
            "2_aggregate_override": 0.024558544158935547
        },
        "create_final_relationships": {
            "overall": 0.306046724319458,
            "0_unpack_graph": 0.031035900115966797,
            "1_filter": 0.04829812049865723,
            "2_rename": 0.03436732292175293,
            "3_filter": 0.048867225646972656,
            "4_drop": 0.02294754981994629,
            "5_compute_edge_combined_degree": 0.02731776237487793,
            "6_convert": 0.047278642654418945,
            "7_convert": 0.023775339126586914
        },
        "join_text_units_to_relationship_ids": {
            "overall": 0.15782761573791504,
            "0_select": 0.0505976676940918,
            "1_unroll": 0.026226520538330078,
            "2_aggregate_override": 0.0280609130859375,
            "3_select": 0.025278806686401367
        },
        "create_final_community_reports": {
            "overall": 492.0687310695648,
            "0_prepare_community_reports_nodes": 0.02881646156311035,
            "1_prepare_community_reports_edges": 0.030065059661865234,
            "2_restore_community_hierarchy": 0.030115604400634766,
            "3_prepare_community_reports": 0.0938730239868164,
            "4_create_community_reports": 491.8307852745056,
            "5_window": 0.029096126556396484
        },
        "create_final_text_units": {
            "overall": 0.2187488079071045,
            "0_select": 0.02976846694946289,
            "1_rename": 0.02874016761779785,
            "2_join": 0.034990549087524414,
            "3_join": 0.03539252281188965,
            "4_aggregate_override": 0.03174877166748047,
            "5_select": 0.03037405014038086
        },
        "create_base_documents": {
            "overall": 0.35965681076049805,
            "0_unroll": 0.0322566032409668,
            "1_select": 0.030245304107666016,
            "2_rename": 0.030476093292236328,
            "3_join": 0.03618764877319336,
            "4_aggregate_override": 0.032958984375,
            "5_join": 0.03709864616394043,
            "6_rename": 0.03132319450378418,
            "7_convert": 0.09914803504943848
        },
        "create_final_documents": {
            "overall": 0.0654914379119873,
            "0_rename": 0.03327536582946777
        }
    }
}