{
    "total_runtime": 1899.9308688640594,
    "num_documents": 20,
    "input_load_time": 0,
    "workflows": {
        "create_base_text_units": {
            "overall": 0.28414034843444824,
            "0_orderby": 0.0031158924102783203,
            "1_zip": 0.0034875869750976562,
            "2_aggregate_override": 0.0060846805572509766,
            "3_chunk": 0.22315382957458496,
            "4_select": 0.004296302795410156,
            "5_unroll": 0.005581855773925781,
            "6_rename": 0.00440526008605957,
            "7_genid": 0.005359172821044922,
            "8_unzip": 0.005522966384887695,
            "9_copy": 0.004952907562255859,
            "10_filter": 0.015566825866699219
        },
        "create_base_extracted_entities": {
            "overall": 1704.5042841434479,
            "0_entity_extract": 1704.4525036811829,
            "1_snapshot": 0.01076650619506836,
            "2_merge_graphs": 0.027449846267700195,
            "3_snapshot_rows": 0.007650136947631836
        },
        "create_summarized_entities": {
            "overall": 40.262845277786255,
            "0_summarize_descriptions": 40.2476863861084,
            "1_snapshot_rows": 0.008498430252075195
        },
        "create_base_entity_graph": {
            "overall": 0.06748843193054199,
            "0_cluster_graph": 0.02945232391357422,
            "1_snapshot_rows": 0.009155511856079102,
            "2_snapshot_rows": 0.01030278205871582,
            "3_select": 0.010528326034545898
        },
        "create_final_entities": {
            "overall": 10.719444513320923,
            "0_unpack_graph": 0.016151905059814453,
            "1_rename": 0.010191917419433594,
            "2_select": 0.010711431503295898,
            "3_dedupe": 0.010771751403808594,
            "4_rename": 0.01090860366821289,
            "5_filter": 0.02603602409362793,
            "6_text_split": 0.01382899284362793,
            "7_drop": 0.01195979118347168,
            "8_merge": 0.03310585021972656,
            "9_text_embed": 10.523234367370605,
            "10_drop": 0.012310504913330078,
            "11_filter": 0.028539419174194336
        },
        "create_final_nodes": {
            "overall": 0.2544240951538086,
            "0_layout_graph": 0.031218290328979492,
            "1_unpack_graph": 0.018129348754882812,
            "2_unpack_graph": 0.018810272216796875,
            "3_drop": 0.013863325119018555,
            "4_filter": 0.03150534629821777,
            "5_select": 0.014272928237915039,
            "6_snapshot": 0.014749526977539062,
            "7_rename": 0.01476287841796875,
            "8_join": 0.02118372917175293,
            "9_convert": 0.04788947105407715,
            "10_rename": 0.01543736457824707
        },
        "create_final_communities": {
            "overall": 0.3493978977203369,
            "0_unpack_graph": 0.02155590057373047,
            "1_unpack_graph": 0.020583391189575195,
            "2_aggregate_override": 0.01920771598815918,
            "3_join": 0.02312612533569336,
            "4_join": 0.022827625274658203,
            "5_concat": 0.017718076705932617,
            "6_filter": 0.04152703285217285,
            "7_aggregate_override": 0.020867347717285156,
            "8_join": 0.023935317993164062,
            "9_filter": 0.04228854179382324,
            "10_fill": 0.01876354217529297,
            "11_merge": 0.02075052261352539,
            "12_copy": 0.01955723762512207,
            "13_select": 0.02010798454284668
        },
        "join_text_units_to_entity_ids": {
            "overall": 0.08637595176696777,
            "0_select": 0.02065253257751465,
            "1_unroll": 0.02193903923034668,
            "2_aggregate_override": 0.023694515228271484
        },
        "create_final_relationships": {
            "overall": 0.28078436851501465,
            "0_unpack_graph": 0.026219844818115234,
            "1_filter": 0.04565858840942383,
            "2_rename": 0.021766185760498047,
            "3_filter": 0.047226905822753906,
            "4_drop": 0.02225017547607422,
            "5_compute_edge_combined_degree": 0.02654552459716797,
            "6_convert": 0.04622912406921387,
            "7_convert": 0.02366924285888672
        },
        "join_text_units_to_relationship_ids": {
            "overall": 0.1508040428161621,
            "0_select": 0.024463653564453125,
            "1_unroll": 0.026093006134033203,
            "2_aggregate_override": 0.051886558532714844,
            "3_select": 0.024984121322631836
        },
        "create_final_community_reports": {
            "overall": 138.35692930221558,
            "0_prepare_community_reports_nodes": 0.027100086212158203,
            "1_prepare_community_reports_edges": 0.027081727981567383,
            "2_restore_community_hierarchy": 0.029010772705078125,
            "3_prepare_community_reports": 0.05450320243835449,
            "4_create_community_reports": 138.16632556915283,
            "5_window": 0.027842998504638672
        },
        "create_final_text_units": {
            "overall": 0.24207401275634766,
            "0_select": 0.02833700180053711,
            "1_rename": 0.02868366241455078,
            "2_join": 0.05056166648864746,
            "3_join": 0.0459287166595459,
            "4_aggregate_override": 0.031159639358520508,
            "5_select": 0.029428482055664062
        },
        "create_base_documents": {
            "overall": 0.39641666412353516,
            "0_unroll": 0.0313870906829834,
            "1_select": 0.02981281280517578,
            "2_rename": 0.030248165130615234,
            "3_join": 0.03568267822265625,
            "4_aggregate_override": 0.03265833854675293,
            "5_join": 0.036289215087890625,
            "6_rename": 0.03167462348937988,
            "7_convert": 0.13899540901184082
        },
        "create_final_documents": {
            "overall": 0.06963109970092773,
            "0_rename": 0.03818392753601074
        }
    }
}