{
    "total_runtime": 1519.7738440036774,
    "num_documents": 20,
    "input_load_time": 0,
    "workflows": {
        "create_base_text_units": {
            "overall": 0.29651546478271484,
            "0_orderby": 0.0031499862670898438,
            "1_zip": 0.0036275386810302734,
            "2_aggregate_override": 0.0062580108642578125,
            "3_chunk": 0.23404884338378906,
            "4_select": 0.0041692256927490234,
            "5_unroll": 0.00565338134765625,
            "6_rename": 0.004357814788818359,
            "7_genid": 0.005159616470336914,
            "8_unzip": 0.005713701248168945,
            "9_copy": 0.005246877670288086,
            "10_filter": 0.01643085479736328
        },
        "create_base_extracted_entities": {
            "overall": 1182.9410202503204,
            "0_entity_extract": 1182.8811073303223,
            "1_snapshot": 0.011774063110351562,
            "2_merge_graphs": 0.03420543670654297,
            "3_snapshot_rows": 0.007867574691772461
        },
        "create_summarized_entities": {
            "overall": 145.22350549697876,
            "0_summarize_descriptions": 145.2075538635254,
            "1_snapshot_rows": 0.008760452270507812
        },
        "create_base_entity_graph": {
            "overall": 0.06570792198181152,
            "0_cluster_graph": 0.030215024948120117,
            "1_snapshot_rows": 0.009058952331542969,
            "2_snapshot_rows": 0.009217977523803711,
            "3_select": 0.009270191192626953
        },
        "create_final_entities": {
            "overall": 11.74791669845581,
            "0_unpack_graph": 0.016405344009399414,
            "1_rename": 0.010525226593017578,
            "2_select": 0.010485649108886719,
            "3_dedupe": 0.010883808135986328,
            "4_rename": 0.01100301742553711,
            "5_filter": 0.027161359786987305,
            "6_text_split": 0.015181541442871094,
            "7_drop": 0.011743545532226562,
            "8_merge": 0.03526735305786133,
            "9_text_embed": 11.54509687423706,
            "10_drop": 0.012773513793945312,
            "11_filter": 0.0316469669342041
        },
        "create_final_nodes": {
            "overall": 0.27061891555786133,
            "0_layout_graph": 0.033791542053222656,
            "1_unpack_graph": 0.01877307891845703,
            "2_unpack_graph": 0.018985509872436523,
            "3_filter": 0.03137063980102539,
            "4_drop": 0.014057159423828125,
            "5_select": 0.014683723449707031,
            "6_snapshot": 0.015570878982543945,
            "7_rename": 0.015738725662231445,
            "8_join": 0.023624897003173828,
            "9_convert": 0.0528872013092041,
            "10_rename": 0.016458988189697266
        },
        "create_final_communities": {
            "overall": 0.3776814937591553,
            "0_unpack_graph": 0.023465394973754883,
            "1_unpack_graph": 0.021859407424926758,
            "2_aggregate_override": 0.020050048828125,
            "3_join": 0.025492191314697266,
            "4_join": 0.027205944061279297,
            "5_concat": 0.018173933029174805,
            "6_filter": 0.04104113578796387,
            "7_aggregate_override": 0.02114558219909668,
            "8_join": 0.0244443416595459,
            "9_filter": 0.04277515411376953,
            "10_fill": 0.019349336624145508,
            "11_merge": 0.020956039428710938,
            "12_copy": 0.019698143005371094,
            "13_select": 0.020040035247802734
        },
        "join_text_units_to_entity_ids": {
            "overall": 0.08815169334411621,
            "0_select": 0.020925045013427734,
            "1_unroll": 0.02306342124938965,
            "2_aggregate_override": 0.023894071578979492
        },
        "create_final_relationships": {
            "overall": 0.2920644283294678,
            "0_unpack_graph": 0.030243873596191406,
            "1_filter": 0.047919511795043945,
            "2_rename": 0.021989107131958008,
            "3_filter": 0.04841494560241699,
            "4_drop": 0.022837162017822266,
            "5_compute_edge_combined_degree": 0.028542041778564453,
            "6_convert": 0.04677867889404297,
            "7_convert": 0.023500919342041016
        },
        "join_text_units_to_relationship_ids": {
            "overall": 0.1313486099243164,
            "0_select": 0.024518251419067383,
            "1_unroll": 0.025906085968017578,
            "2_aggregate_override": 0.030874013900756836,
            "3_select": 0.026129961013793945
        },
        "create_final_community_reports": {
            "overall": 173.24260473251343,
            "0_prepare_community_reports_nodes": 0.0282285213470459,
            "1_prepare_community_reports_edges": 0.029561281204223633,
            "2_restore_community_hierarchy": 0.03310060501098633,
            "3_prepare_community_reports": 0.05846405029296875,
            "4_create_community_reports": 173.03715229034424,
            "5_window": 0.02970266342163086
        },
        "create_final_text_units": {
            "overall": 0.22161412239074707,
            "0_select": 0.029204845428466797,
            "1_rename": 0.029763221740722656,
            "2_join": 0.03639960289001465,
            "3_join": 0.036087751388549805,
            "4_aggregate_override": 0.03257155418395996,
            "5_select": 0.029413700103759766
        },
        "create_base_documents": {
            "overall": 0.41374897956848145,
            "0_unroll": 0.03342938423156738,
            "1_select": 0.032219886779785156,
            "2_rename": 0.03151559829711914,
            "3_join": 0.04072260856628418,
            "4_aggregate_override": 0.034384965896606445,
            "5_join": 0.03944063186645508,
            "6_rename": 0.03267264366149902,
            "7_convert": 0.1377549171447754
        },
        "create_final_documents": {
            "overall": 0.06844377517700195,
            "0_rename": 0.03390145301818848
        }
    }
}