{
    "total_runtime": 3586.2212069034576,
    "num_documents": 20,
    "input_load_time": 0,
    "workflows": {
        "create_base_text_units": {
            "overall": 0.3097078800201416,
            "0_orderby": 0.0033082962036132812,
            "1_zip": 0.003717184066772461,
            "2_aggregate_override": 0.006370067596435547,
            "3_chunk": 0.24591827392578125,
            "4_select": 0.004628658294677734,
            "5_unroll": 0.005716562271118164,
            "6_rename": 0.004597187042236328,
            "7_genid": 0.005631685256958008,
            "8_unzip": 0.005717039108276367,
            "9_copy": 0.0052433013916015625,
            "10_filter": 0.015953779220581055
        },
        "create_base_extracted_entities": {
            "overall": 1290.7837071418762,
            "0_entity_extract": 1290.7192740440369,
            "1_snapshot": 0.011863231658935547,
            "2_merge_graphs": 0.03777313232421875,
            "3_snapshot_rows": 0.008466243743896484
        },
        "create_summarized_entities": {
            "overall": 127.01097130775452,
            "0_summarize_descriptions": 126.99348330497742,
            "1_snapshot_rows": 0.00962376594543457
        },
        "create_base_entity_graph": {
            "overall": 0.08400440216064453,
            "0_cluster_graph": 0.04543185234069824,
            "1_snapshot_rows": 0.010730981826782227,
            "2_snapshot_rows": 0.010152101516723633,
            "3_select": 0.009297370910644531
        },
        "create_final_entities": {
            "overall": 1657.444694519043,
            "0_unpack_graph": 0.020549774169921875,
            "1_rename": 0.009822845458984375,
            "2_select": 0.010434627532958984,
            "3_dedupe": 0.010779857635498047,
            "4_rename": 0.010623931884765625,
            "5_filter": 0.026271581649780273,
            "6_text_split": 0.014876365661621094,
            "7_drop": 0.0119781494140625,
            "8_merge": 0.03998398780822754,
            "9_text_embed": 1657.2338497638702,
            "10_drop": 0.013518571853637695,
            "11_filter": 0.03157472610473633
        },
        "create_final_nodes": {
            "overall": 0.3475806713104248,
            "0_layout_graph": 0.07044291496276855,
            "1_unpack_graph": 0.04261136054992676,
            "2_unpack_graph": 0.026107072830200195,
            "3_drop": 0.014603376388549805,
            "4_filter": 0.036661386489868164,
            "5_select": 0.014966011047363281,
            "6_snapshot": 0.01577162742614746,
            "7_rename": 0.015610694885253906,
            "8_convert": 0.051865339279174805,
            "9_join": 0.02415156364440918,
            "10_rename": 0.02106785774230957
        },
        "create_final_communities": {
            "overall": 0.4399294853210449,
            "0_unpack_graph": 0.03011155128479004,
            "1_unpack_graph": 0.03452157974243164,
            "2_aggregate_override": 0.0231781005859375,
            "3_join": 0.03504037857055664,
            "4_join": 0.02425694465637207,
            "5_concat": 0.01842331886291504,
            "6_filter": 0.05173492431640625,
            "7_aggregate_override": 0.022485733032226562,
            "8_join": 0.026164770126342773,
            "9_filter": 0.048783063888549805,
            "10_fill": 0.022841930389404297,
            "11_merge": 0.023535490036010742,
            "12_copy": 0.02625560760498047,
            "13_select": 0.03520393371582031
        },
        "join_text_units_to_entity_ids": {
            "overall": 0.08990192413330078,
            "0_select": 0.022017955780029297,
            "1_unroll": 0.022966623306274414,
            "2_aggregate_override": 0.02411627769470215
        },
        "create_final_relationships": {
            "overall": 0.3395090103149414,
            "0_unpack_graph": 0.03379249572753906,
            "1_filter": 0.05269598960876465,
            "2_rename": 0.024129867553710938,
            "3_filter": 0.05152177810668945,
            "4_drop": 0.028743267059326172,
            "5_compute_edge_combined_degree": 0.029143810272216797,
            "6_convert": 0.073272705078125,
            "7_convert": 0.02388930320739746
        },
        "join_text_units_to_relationship_ids": {
            "overall": 0.13446450233459473,
            "0_select": 0.025543689727783203,
            "1_unroll": 0.028729915618896484,
            "2_aggregate_override": 0.028760910034179688,
            "3_select": 0.02666926383972168
        },
        "create_final_community_reports": {
            "overall": 504.2583873271942,
            "0_prepare_community_reports_nodes": 0.0312962532043457,
            "1_prepare_community_reports_edges": 0.02919173240661621,
            "2_restore_community_hierarchy": 0.03426551818847656,
            "3_prepare_community_reports": 0.09159016609191895,
            "4_create_community_reports": 504.01655983924866,
            "5_window": 0.02863144874572754
        },
        "create_final_text_units": {
            "overall": 0.2263486385345459,
            "0_select": 0.029345989227294922,
            "1_rename": 0.029445409774780273,
            "2_join": 0.03549671173095703,
            "3_join": 0.03745698928833008,
            "4_aggregate_override": 0.03459024429321289,
            "5_select": 0.03119516372680664
        },
        "create_base_documents": {
            "overall": 0.40535807609558105,
            "0_unroll": 0.032973527908325195,
            "1_select": 0.03174233436584473,
            "2_rename": 0.032907724380493164,
            "3_join": 0.04466056823730469,
            "4_aggregate_override": 0.03680706024169922,
            "5_join": 0.0385127067565918,
            "6_rename": 0.03353261947631836,
            "7_convert": 0.10007452964782715
        },
        "create_final_documents": {
            "overall": 0.06850481033325195,
            "0_rename": 0.03456568717956543
        }
    }
}