{
    "total_runtime": 1627.01957821846,
    "num_documents": 20,
    "input_load_time": 0,
    "workflows": {
        "create_base_text_units": {
            "overall": 0.3082284927368164,
            "0_orderby": 0.0032193660736083984,
            "1_zip": 0.0036885738372802734,
            "2_aggregate_override": 0.006569385528564453,
            "3_chunk": 0.2433760166168213,
            "4_select": 0.0044651031494140625,
            "5_unroll": 0.00594782829284668,
            "6_rename": 0.004709482192993164,
            "7_genid": 0.005598783493041992,
            "8_unzip": 0.005844593048095703,
            "9_copy": 0.005396842956542969,
            "10_filter": 0.01668572425842285
        },
        "create_base_extracted_entities": {
            "overall": 681.3726577758789,
            "0_entity_extract": 681.3036122322083,
            "1_snapshot": 0.01124882698059082,
            "2_merge_graphs": 0.029686689376831055,
            "3_snapshot_rows": 0.021806716918945312
        },
        "create_summarized_entities": {
            "overall": 239.10156559944153,
            "0_summarize_descriptions": 239.07722520828247,
            "1_snapshot_rows": 0.017208337783813477
        },
        "create_base_entity_graph": {
            "overall": 0.07775497436523438,
            "0_cluster_graph": 0.03938102722167969,
            "1_snapshot_rows": 0.010766029357910156,
            "2_snapshot_rows": 0.010482311248779297,
            "3_select": 0.009256839752197266
        },
        "create_final_entities": {
            "overall": 11.346254825592041,
            "0_unpack_graph": 0.019434213638305664,
            "1_rename": 0.010196208953857422,
            "2_select": 0.010485410690307617,
            "3_dedupe": 0.010873794555664062,
            "4_rename": 0.010587692260742188,
            "5_filter": 0.026643991470336914,
            "6_text_split": 0.012680530548095703,
            "7_drop": 0.011036396026611328,
            "8_merge": 0.035639286041259766,
            "9_text_embed": 11.144310474395752,
            "10_drop": 0.013312578201293945,
            "11_filter": 0.0317537784576416
        },
        "create_final_nodes": {
            "overall": 0.36171460151672363,
            "0_layout_graph": 0.09039902687072754,
            "1_unpack_graph": 0.037491798400878906,
            "2_unpack_graph": 0.024163484573364258,
            "3_drop": 0.014326810836791992,
            "4_filter": 0.03756070137023926,
            "5_select": 0.014813423156738281,
            "6_snapshot": 0.015294313430786133,
            "7_rename": 0.015244722366333008,
            "8_join": 0.022799015045166016,
            "9_convert": 0.05018424987792969,
            "10_rename": 0.016078472137451172
        },
        "create_final_communities": {
            "overall": 0.3994483947753906,
            "0_unpack_graph": 0.04176068305969238,
            "1_unpack_graph": 0.025800704956054688,
            "2_aggregate_override": 0.020633220672607422,
            "3_join": 0.025243759155273438,
            "4_join": 0.0240020751953125,
            "5_concat": 0.018215179443359375,
            "6_filter": 0.050855159759521484,
            "7_aggregate_override": 0.02243638038635254,
            "8_join": 0.025476455688476562,
            "9_filter": 0.045584917068481445,
            "10_fill": 0.019986391067504883,
            "11_merge": 0.02244281768798828,
            "12_copy": 0.019747495651245117,
            "13_select": 0.020462512969970703
        },
        "join_text_units_to_entity_ids": {
            "overall": 0.08999466896057129,
            "0_select": 0.021252870559692383,
            "1_unroll": 0.023155689239501953,
            "2_aggregate_override": 0.025070905685424805
        },
        "create_final_relationships": {
            "overall": 0.3206191062927246,
            "0_unpack_graph": 0.03242301940917969,
            "1_filter": 0.06814050674438477,
            "2_rename": 0.02286696434020996,
            "3_filter": 0.04958033561706543,
            "4_drop": 0.02390122413635254,
            "5_compute_edge_combined_degree": 0.028445005416870117,
            "6_convert": 0.04894614219665527,
            "7_convert": 0.02428126335144043
        },
        "join_text_units_to_relationship_ids": {
            "overall": 0.13279390335083008,
            "0_select": 0.02608346939086914,
            "1_unroll": 0.027103185653686523,
            "2_aggregate_override": 0.028915882110595703,
            "3_select": 0.026099443435668945
        },
        "create_final_community_reports": {
            "overall": 688.2374203205109,
            "0_prepare_community_reports_nodes": 0.029656410217285156,
            "1_prepare_community_reports_edges": 0.027878761291503906,
            "2_restore_community_hierarchy": 0.02986741065979004,
            "3_prepare_community_reports": 0.0799109935760498,
            "4_create_community_reports": 688.0149590969086,
            "5_window": 0.029346942901611328
        },
        "create_final_text_units": {
            "overall": 0.2186136245727539,
            "0_select": 0.028683185577392578,
            "1_rename": 0.028990983963012695,
            "2_join": 0.0350189208984375,
            "3_join": 0.03560662269592285,
            "4_aggregate_override": 0.032343387603759766,
            "5_select": 0.030182838439941406
        },
        "create_base_documents": {
            "overall": 0.38212132453918457,
            "0_unroll": 0.03404736518859863,
            "1_select": 0.03536510467529297,
            "2_rename": 0.03816056251525879,
            "3_join": 0.038695573806762695,
            "4_aggregate_override": 0.034015655517578125,
            "5_join": 0.037679433822631836,
            "6_rename": 0.03461313247680664,
            "7_convert": 0.0982065200805664
        },
        "create_final_documents": {
            "overall": 0.06762337684631348,
            "0_rename": 0.0349431037902832
        }
    }
}