{
    "total_runtime": 907.7915964126587,
    "num_documents": 20,
    "input_load_time": 0,
    "workflows": {
        "create_base_text_units": {
            "overall": 0.280259370803833,
            "0_orderby": 0.0030434131622314453,
            "1_zip": 0.003429889678955078,
            "2_aggregate_override": 0.005976438522338867,
            "3_chunk": 0.220048189163208,
            "4_select": 0.004162311553955078,
            "5_unroll": 0.0056667327880859375,
            "6_rename": 0.004363298416137695,
            "7_genid": 0.005148410797119141,
            "8_unzip": 0.005552768707275391,
            "9_copy": 0.0049512386322021484,
            "10_filter": 0.01535654067993164
        },
        "create_base_extracted_entities": {
            "overall": 644.4927914142609,
            "0_entity_extract": 644.4398720264435,
            "1_snapshot": 0.01006627082824707,
            "2_merge_graphs": 0.029360055923461914,
            "3_snapshot_rows": 0.007592439651489258
        },
        "create_summarized_entities": {
            "overall": 19.005887746810913,
            "0_summarize_descriptions": 18.986316204071045,
            "1_snapshot_rows": 0.012764453887939453
        },
        "create_base_entity_graph": {
            "overall": 0.06710958480834961,
            "0_cluster_graph": 0.03195929527282715,
            "1_snapshot_rows": 0.009051084518432617,
            "2_snapshot_rows": 0.009209156036376953,
            "3_select": 0.009325027465820312
        },
        "create_final_entities": {
            "overall": 15.040493488311768,
            "0_unpack_graph": 0.017153024673461914,
            "1_rename": 0.009748220443725586,
            "2_select": 0.010015726089477539,
            "3_dedupe": 0.010412454605102539,
            "4_rename": 0.01047515869140625,
            "5_filter": 0.025381803512573242,
            "6_text_split": 0.013398408889770508,
            "7_drop": 0.01135706901550293,
            "8_merge": 0.0429995059967041,
            "9_text_embed": 14.838138580322266,
            "10_drop": 0.012666702270507812,
            "11_filter": 0.02919173240661621
        },
        "create_final_nodes": {
            "overall": 0.2756340503692627,
            "0_layout_graph": 0.03886818885803223,
            "1_unpack_graph": 0.020255088806152344,
            "2_unpack_graph": 0.020400047302246094,
            "3_filter": 0.03140974044799805,
            "4_drop": 0.014188528060913086,
            "5_select": 0.014885902404785156,
            "6_snapshot": 0.018314361572265625,
            "7_rename": 0.015290975570678711,
            "8_join": 0.02192997932434082,
            "9_convert": 0.05094099044799805,
            "10_rename": 0.015914440155029297
        },
        "create_final_communities": {
            "overall": 0.3822026252746582,
            "0_unpack_graph": 0.023301124572753906,
            "1_unpack_graph": 0.02278900146484375,
            "2_aggregate_override": 0.020409822463989258,
            "3_join": 0.03966331481933594,
            "4_join": 0.03092670440673828,
            "5_concat": 0.017855405807495117,
            "6_filter": 0.04135465621948242,
            "7_aggregate_override": 0.022518157958984375,
            "8_join": 0.024198293685913086,
            "9_filter": 0.042189598083496094,
            "10_fill": 0.019404172897338867,
            "11_merge": 0.020929813385009766,
            "12_copy": 0.019710063934326172,
            "13_select": 0.020094633102416992
        },
        "join_text_units_to_entity_ids": {
            "overall": 0.08978605270385742,
            "0_select": 0.021378755569458008,
            "1_unroll": 0.022766828536987305,
            "2_aggregate_override": 0.02479696273803711
        },
        "create_final_relationships": {
            "overall": 0.3183417320251465,
            "0_unpack_graph": 0.028242826461791992,
            "1_filter": 0.07300782203674316,
            "2_rename": 0.02234816551208496,
            "3_filter": 0.04890847206115723,
            "4_drop": 0.023800373077392578,
            "5_compute_edge_combined_degree": 0.027208805084228516,
            "6_convert": 0.049028873443603516,
            "7_convert": 0.023920297622680664
        },
        "join_text_units_to_relationship_ids": {
            "overall": 0.13258838653564453,
            "0_select": 0.02581334114074707,
            "1_unroll": 0.026035785675048828,
            "2_aggregate_override": 0.02761554718017578,
            "3_select": 0.025585174560546875
        },
        "create_final_community_reports": {
            "overall": 223.25249075889587,
            "0_prepare_community_reports_nodes": 0.028193950653076172,
            "1_prepare_community_reports_edges": 0.02795124053955078,
            "2_restore_community_hierarchy": 0.029649019241333008,
            "3_prepare_community_reports": 0.08187603950500488,
            "4_create_community_reports": 223.0313093662262,
            "5_window": 0.028083086013793945
        },
        "create_final_text_units": {
            "overall": 0.2205028533935547,
            "0_select": 0.027983665466308594,
            "1_rename": 0.0282135009765625,
            "2_join": 0.03440237045288086,
            "3_join": 0.03779745101928711,
            "4_aggregate_override": 0.03218674659729004,
            "5_select": 0.03216361999511719
        },
        "create_base_documents": {
            "overall": 0.44080209732055664,
            "0_unroll": 0.03214216232299805,
            "1_select": 0.030405282974243164,
            "2_rename": 0.03802037239074707,
            "3_join": 0.041235923767089844,
            "4_aggregate_override": 0.033181190490722656,
            "5_join": 0.03681755065917969,
            "6_rename": 0.03139328956604004,
            "7_convert": 0.16363883018493652
        },
        "create_final_documents": {
            "overall": 0.06459259986877441,
            "0_rename": 0.03228640556335449
        }
    }
}