{
    "total_runtime": 832.3938410282135,
    "num_documents": 20,
    "input_load_time": 0,
    "workflows": {
        "create_base_text_units": {
            "overall": 0.2864036560058594,
            "0_orderby": 0.0031588077545166016,
            "1_zip": 0.003700733184814453,
            "2_aggregate_override": 0.006154775619506836,
            "3_chunk": 0.22510504722595215,
            "4_select": 0.0041811466217041016,
            "5_unroll": 0.0056149959564208984,
            "6_rename": 0.004413604736328125,
            "7_genid": 0.005126476287841797,
            "8_unzip": 0.005620002746582031,
            "9_copy": 0.005030155181884766,
            "10_filter": 0.015567302703857422
        },
        "create_base_extracted_entities": {
            "overall": 531.9331159591675,
            "0_entity_extract": 531.8824961185455,
            "1_snapshot": 0.009475231170654297,
            "2_merge_graphs": 0.027892112731933594,
            "3_snapshot_rows": 0.007142782211303711
        },
        "create_summarized_entities": {
            "overall": 30.146770238876343,
            "0_summarize_descriptions": 30.13184881210327,
            "1_snapshot_rows": 0.008028030395507812
        },
        "create_base_entity_graph": {
            "overall": 0.0652768611907959,
            "0_cluster_graph": 0.03021073341369629,
            "1_snapshot_rows": 0.009182214736938477,
            "2_snapshot_rows": 0.009115219116210938,
            "3_select": 0.008947134017944336
        },
        "create_final_entities": {
            "overall": 12.422618627548218,
            "0_unpack_graph": 0.014832019805908203,
            "1_rename": 0.009586572647094727,
            "2_select": 0.009992599487304688,
            "3_dedupe": 0.01042628288269043,
            "4_rename": 0.010464191436767578,
            "5_filter": 0.025815486907958984,
            "6_text_split": 0.012908697128295898,
            "7_drop": 0.011090993881225586,
            "8_merge": 0.045630455017089844,
            "9_text_embed": 12.218025207519531,
            "10_drop": 0.012258052825927734,
            "11_filter": 0.03224515914916992
        },
        "create_final_nodes": {
            "overall": 0.29131150245666504,
            "0_layout_graph": 0.05105233192443848,
            "1_unpack_graph": 0.01907968521118164,
            "2_unpack_graph": 0.01923370361328125,
            "3_filter": 0.03199958801269531,
            "4_drop": 0.014112234115600586,
            "5_select": 0.014457225799560547,
            "6_snapshot": 0.015299558639526367,
            "7_rename": 0.015007734298706055,
            "8_convert": 0.060346364974975586,
            "9_join": 0.021825313568115234,
            "10_rename": 0.01600933074951172
        },
        "create_final_communities": {
            "overall": 0.4008829593658447,
            "0_unpack_graph": 0.022700071334838867,
            "1_unpack_graph": 0.02144336700439453,
            "2_aggregate_override": 0.019283771514892578,
            "3_join": 0.03927493095397949,
            "4_join": 0.023194313049316406,
            "5_concat": 0.02558422088623047,
            "6_filter": 0.043524742126464844,
            "7_aggregate_override": 0.021013975143432617,
            "8_join": 0.03518414497375488,
            "9_filter": 0.04150676727294922,
            "10_fill": 0.019040822982788086,
            "11_merge": 0.020987510681152344,
            "12_copy": 0.025638103485107422,
            "13_select": 0.0261383056640625
        },
        "join_text_units_to_entity_ids": {
            "overall": 0.08642315864562988,
            "0_select": 0.020862817764282227,
            "1_unroll": 0.022119760513305664,
            "2_aggregate_override": 0.023291587829589844
        },
        "create_final_relationships": {
            "overall": 0.33515334129333496,
            "0_unpack_graph": 0.027339458465576172,
            "1_filter": 0.07167506217956543,
            "2_rename": 0.022296905517578125,
            "3_filter": 0.04954171180725098,
            "4_drop": 0.0327610969543457,
            "5_compute_edge_combined_degree": 0.02745842933654785,
            "6_convert": 0.04784131050109863,
            "7_convert": 0.02372121810913086
        },
        "join_text_units_to_relationship_ids": {
            "overall": 0.13272953033447266,
            "0_select": 0.02486872673034668,
            "1_unroll": 0.026173114776611328,
            "2_aggregate_override": 0.027374744415283203,
            "3_select": 0.02512526512145996
        },
        "create_final_community_reports": {
            "overall": 251.80673718452454,
            "0_prepare_community_reports_nodes": 0.027876853942871094,
            "1_prepare_community_reports_edges": 0.04596829414367676,
            "2_restore_community_hierarchy": 0.039260149002075195,
            "3_prepare_community_reports": 0.060260772705078125,
            "4_create_community_reports": 251.58017086982727,
            "5_window": 0.027814388275146484
        },
        "create_final_text_units": {
            "overall": 0.20935511589050293,
            "0_select": 0.027429819107055664,
            "1_rename": 0.027670860290527344,
            "2_join": 0.03372502326965332,
            "3_join": 0.033562660217285156,
            "4_aggregate_override": 0.03116607666015625,
            "5_select": 0.028751373291015625
        },
        "create_base_documents": {
            "overall": 0.3569529056549072,
            "0_unroll": 0.031696319580078125,
            "1_select": 0.030185222625732422,
            "2_rename": 0.03053426742553711,
            "3_join": 0.03560900688171387,
            "4_aggregate_override": 0.032682180404663086,
            "5_join": 0.03670835494995117,
            "6_rename": 0.03150653839111328,
            "7_convert": 0.09824657440185547
        },
        "create_final_documents": {
            "overall": 0.06427788734436035,
            "0_rename": 0.03265261650085449
        }
    }
}