{
    "total_runtime": 4695.640994548798,
    "num_documents": 20,
    "input_load_time": 0,
    "workflows": {
        "create_base_text_units": {
            "overall": 0.3016388416290283,
            "0_orderby": 0.0032796859741210938,
            "1_zip": 0.003741741180419922,
            "2_aggregate_override": 0.006353139877319336,
            "3_chunk": 0.23637628555297852,
            "4_select": 0.00438237190246582,
            "5_unroll": 0.0057849884033203125,
            "6_rename": 0.004596233367919922,
            "7_genid": 0.005631208419799805,
            "8_unzip": 0.006337165832519531,
            "9_copy": 0.0055925846099853516,
            "10_filter": 0.016697168350219727
        },
        "create_base_extracted_entities": {
            "overall": 1868.1343123912811,
            "0_entity_extract": 1868.0848457813263,
            "1_snapshot": 0.0110626220703125,
            "2_merge_graphs": 0.02379441261291504,
            "3_snapshot_rows": 0.008445262908935547
        },
        "create_summarized_entities": {
            "overall": 74.12636065483093,
            "0_summarize_descriptions": 74.10883855819702,
            "1_snapshot_rows": 0.010302066802978516
        },
        "create_base_entity_graph": {
            "overall": 0.06063270568847656,
            "0_cluster_graph": 0.023344039916992188,
            "1_snapshot_rows": 0.009692907333374023,
            "2_snapshot_rows": 0.009765625,
            "3_select": 0.00945138931274414
        },
        "create_final_entities": {
            "overall": 1307.4685578346252,
            "0_unpack_graph": 0.013167142868041992,
            "1_rename": 0.009861946105957031,
            "2_select": 0.010479211807250977,
            "3_dedupe": 0.01063680648803711,
            "4_rename": 0.010550737380981445,
            "5_filter": 0.025750160217285156,
            "6_text_split": 0.012559652328491211,
            "7_drop": 0.016937732696533203,
            "8_merge": 0.029627323150634766,
            "9_text_embed": 1307.268982887268,
            "10_drop": 0.014770746231079102,
            "11_filter": 0.035123586654663086
        },
        "create_final_nodes": {
            "overall": 0.27242064476013184,
            "0_layout_graph": 0.026540756225585938,
            "1_unpack_graph": 0.017081499099731445,
            "2_unpack_graph": 0.017243146896362305,
            "3_filter": 0.03244972229003906,
            "4_drop": 0.014552116394042969,
            "5_select": 0.014894723892211914,
            "6_snapshot": 0.015549659729003906,
            "7_rename": 0.015343189239501953,
            "8_convert": 0.049704551696777344,
            "9_join": 0.022940635681152344,
            "10_rename": 0.02989363670349121
        },
        "create_final_communities": {
            "overall": 0.3718435764312744,
            "0_unpack_graph": 0.02040410041809082,
            "1_unpack_graph": 0.02064061164855957,
            "2_aggregate_override": 0.020350933074951172,
            "3_join": 0.024983644485473633,
            "4_join": 0.024254560470581055,
            "5_concat": 0.018210649490356445,
            "6_filter": 0.04799628257751465,
            "7_aggregate_override": 0.022448062896728516,
            "8_join": 0.026672840118408203,
            "9_filter": 0.045520782470703125,
            "10_fill": 0.01977992057800293,
            "11_merge": 0.021760940551757812,
            "12_copy": 0.020752429962158203,
            "13_select": 0.02103877067565918
        },
        "join_text_units_to_entity_ids": {
            "overall": 0.09127473831176758,
            "0_select": 0.022124052047729492,
            "1_unroll": 0.023542404174804688,
            "2_aggregate_override": 0.024910688400268555
        },
        "create_final_relationships": {
            "overall": 0.2951064109802246,
            "0_unpack_graph": 0.02548956871032715,
            "1_filter": 0.04961562156677246,
            "2_rename": 0.023296117782592773,
            "3_filter": 0.04969310760498047,
            "4_drop": 0.02327442169189453,
            "5_compute_edge_combined_degree": 0.028078317642211914,
            "6_convert": 0.04823637008666992,
            "7_convert": 0.025226116180419922
        },
        "join_text_units_to_relationship_ids": {
            "overall": 0.155045747756958,
            "0_select": 0.0488126277923584,
            "1_unroll": 0.02698206901550293,
            "2_aggregate_override": 0.02847433090209961,
            "3_select": 0.02631211280822754
        },
        "create_final_community_reports": {
            "overall": 1439.2305500507355,
            "0_prepare_community_reports_nodes": 0.028102397918701172,
            "1_prepare_community_reports_edges": 0.028113126754760742,
            "2_restore_community_hierarchy": 0.03103923797607422,
            "3_prepare_community_reports": 0.05287981033325195,
            "4_create_community_reports": 1439.0346310138702,
            "5_window": 0.02933502197265625
        },
        "create_final_text_units": {
            "overall": 0.254955530166626,
            "0_select": 0.030017614364624023,
            "1_rename": 0.029738187789916992,
            "2_join": 0.036391496658325195,
            "3_join": 0.03681540489196777,
            "4_aggregate_override": 0.04408550262451172,
            "5_select": 0.048902034759521484
        },
        "create_base_documents": {
            "overall": 0.4029200077056885,
            "0_unroll": 0.03276419639587402,
            "1_select": 0.031868696212768555,
            "2_rename": 0.032036542892456055,
            "3_join": 0.03730297088623047,
            "4_aggregate_override": 0.033892154693603516,
            "5_join": 0.03879523277282715,
            "6_rename": 0.03274703025817871,
            "7_convert": 0.13319087028503418
        },
        "create_final_documents": {
            "overall": 0.06770706176757812,
            "0_rename": 0.034393310546875
        }
    }
}