{
    "total_runtime": 882.0711677074432,
    "num_documents": 20,
    "input_load_time": 0,
    "workflows": {
        "create_base_text_units": {
            "overall": 0.28655457496643066,
            "0_orderby": 0.003173351287841797,
            "1_zip": 0.0035517215728759766,
            "2_aggregate_override": 0.006103038787841797,
            "3_chunk": 0.22505879402160645,
            "4_select": 0.004279375076293945,
            "5_unroll": 0.005434751510620117,
            "6_rename": 0.004460334777832031,
            "7_genid": 0.005362749099731445,
            "8_unzip": 0.00552678108215332,
            "9_copy": 0.0049631595611572266,
            "10_filter": 0.01609516143798828
        },
        "create_base_extracted_entities": {
            "overall": 723.8933796882629,
            "0_entity_extract": 723.8433978557587,
            "1_snapshot": 0.00953984260559082,
            "2_merge_graphs": 0.027304649353027344,
            "3_snapshot_rows": 0.007237672805786133
        },
        "create_summarized_entities": {
            "overall": 17.060839653015137,
            "0_summarize_descriptions": 17.04534339904785,
            "1_snapshot_rows": 0.008708000183105469
        },
        "create_base_entity_graph": {
            "overall": 0.06435155868530273,
            "0_cluster_graph": 0.028861522674560547,
            "1_snapshot_rows": 0.009258747100830078,
            "2_snapshot_rows": 0.00925445556640625,
            "3_select": 0.009236812591552734
        },
        "create_final_entities": {
            "overall": 12.369043111801147,
            "0_unpack_graph": 0.015027999877929688,
            "1_rename": 0.009510278701782227,
            "2_select": 0.01052713394165039,
            "3_dedupe": 0.010563373565673828,
            "4_rename": 0.01064610481262207,
            "5_filter": 0.024890661239624023,
            "6_text_split": 0.012944221496582031,
            "7_drop": 0.011480569839477539,
            "8_merge": 0.036951303482055664,
            "9_text_embed": 12.175318002700806,
            "10_drop": 0.012615203857421875,
            "11_filter": 0.02900242805480957
        },
        "create_final_nodes": {
            "overall": 0.27651309967041016,
            "0_layout_graph": 0.03401303291320801,
            "1_unpack_graph": 0.01840686798095703,
            "2_unpack_graph": 0.019055604934692383,
            "3_drop": 0.01415872573852539,
            "4_filter": 0.03212904930114746,
            "5_select": 0.014597415924072266,
            "6_snapshot": 0.015083789825439453,
            "7_rename": 0.014928817749023438,
            "8_join": 0.021299362182617188,
            "9_convert": 0.06424069404602051,
            "10_rename": 0.015361547470092773
        },
        "create_final_communities": {
            "overall": 0.3562657833099365,
            "0_unpack_graph": 0.022141456604003906,
            "1_unpack_graph": 0.021222352981567383,
            "2_aggregate_override": 0.019625186920166016,
            "3_join": 0.023360013961791992,
            "4_join": 0.023312091827392578,
            "5_concat": 0.017219066619873047,
            "6_filter": 0.04113960266113281,
            "7_aggregate_override": 0.021024465560913086,
            "8_join": 0.023929595947265625,
            "9_filter": 0.04164552688598633,
            "10_fill": 0.019120216369628906,
            "11_merge": 0.02396702766418457,
            "12_copy": 0.021471023559570312,
            "13_select": 0.020540475845336914
        },
        "join_text_units_to_entity_ids": {
            "overall": 0.11168432235717773,
            "0_select": 0.022053003311157227,
            "1_unroll": 0.022441625595092773,
            "2_aggregate_override": 0.04623818397521973
        },
        "create_final_relationships": {
            "overall": 0.28546905517578125,
            "0_unpack_graph": 0.026925086975097656,
            "1_filter": 0.047211408615112305,
            "2_rename": 0.02180790901184082,
            "3_filter": 0.0477907657623291,
            "4_drop": 0.022855758666992188,
            "5_compute_edge_combined_degree": 0.02688431739807129,
            "6_convert": 0.04686284065246582,
            "7_convert": 0.023724794387817383
        },
        "join_text_units_to_relationship_ids": {
            "overall": 0.1271960735321045,
            "0_select": 0.02431631088256836,
            "1_unroll": 0.02602863311767578,
            "2_aggregate_override": 0.027354955673217773,
            "3_select": 0.025110244750976562
        },
        "create_final_community_reports": {
            "overall": 122.79320645332336,
            "0_prepare_community_reports_nodes": 0.02753138542175293,
            "1_prepare_community_reports_edges": 0.027058124542236328,
            "2_restore_community_hierarchy": 0.028779029846191406,
            "3_prepare_community_reports": 0.05641818046569824,
            "4_create_community_reports": 122.59859466552734,
            "5_window": 0.029287338256835938
        },
        "create_final_text_units": {
            "overall": 0.21529245376586914,
            "0_select": 0.02834796905517578,
            "1_rename": 0.02791309356689453,
            "2_join": 0.03476142883300781,
            "3_join": 0.034293413162231445,
            "4_aggregate_override": 0.031226634979248047,
            "5_select": 0.031235933303833008
        },
        "create_base_documents": {
            "overall": 0.3501725196838379,
            "0_unroll": 0.030972957611083984,
            "1_select": 0.02897334098815918,
            "2_rename": 0.030548572540283203,
            "3_join": 0.03582572937011719,
            "4_aggregate_override": 0.032347679138183594,
            "5_join": 0.03590703010559082,
            "6_rename": 0.03226017951965332,
            "7_convert": 0.09418368339538574
        },
        "create_final_documents": {
            "overall": 0.06492924690246582,
            "0_rename": 0.03240656852722168
        }
    }
}