{
    "total_runtime": 1238.558734178543,
    "num_documents": 20,
    "input_load_time": 0,
    "workflows": {
        "create_base_text_units": {
            "overall": 0.2851853370666504,
            "0_orderby": 0.0030553340911865234,
            "1_zip": 0.003445863723754883,
            "2_aggregate_override": 0.0059375762939453125,
            "3_chunk": 0.22164082527160645,
            "4_select": 0.004258155822753906,
            "5_unroll": 0.005628108978271484,
            "6_rename": 0.0043718814849853516,
            "7_genid": 0.005075693130493164,
            "8_unzip": 0.007544279098510742,
            "9_copy": 0.005178689956665039,
            "10_filter": 0.01642632484436035
        },
        "create_base_extracted_entities": {
            "overall": 710.2380921840668,
            "0_entity_extract": 710.1866083145142,
            "1_snapshot": 0.00971531867980957,
            "2_merge_graphs": 0.02845454216003418,
            "3_snapshot_rows": 0.007422924041748047
        },
        "create_summarized_entities": {
            "overall": 69.22673773765564,
            "0_summarize_descriptions": 69.21009683609009,
            "1_snapshot_rows": 0.009577274322509766
        },
        "create_base_entity_graph": {
            "overall": 0.08136987686157227,
            "0_cluster_graph": 0.04390406608581543,
            "1_snapshot_rows": 0.00981593132019043,
            "2_snapshot_rows": 0.010392427444458008,
            "3_select": 0.009417295455932617
        },
        "create_final_entities": {
            "overall": 9.713768005371094,
            "0_unpack_graph": 0.02245807647705078,
            "1_rename": 0.01622176170349121,
            "2_select": 0.011641263961791992,
            "3_dedupe": 0.011014938354492188,
            "4_rename": 0.010778188705444336,
            "5_filter": 0.026234865188598633,
            "6_text_split": 0.013630151748657227,
            "7_drop": 0.011574268341064453,
            "8_merge": 0.03422880172729492,
            "9_text_embed": 9.49995231628418,
            "10_drop": 0.01467442512512207,
            "11_filter": 0.03193378448486328
        },
        "create_final_nodes": {
            "overall": 0.29949212074279785,
            "0_layout_graph": 0.05652928352355957,
            "1_unpack_graph": 0.02575063705444336,
            "2_unpack_graph": 0.024501800537109375,
            "3_drop": 0.013918638229370117,
            "4_filter": 0.032260894775390625,
            "5_select": 0.014950037002563477,
            "6_snapshot": 0.015558242797851562,
            "7_rename": 0.015226602554321289,
            "8_convert": 0.04853081703186035,
            "9_join": 0.02235245704650879,
            "10_rename": 0.015882015228271484
        },
        "create_final_communities": {
            "overall": 0.37552571296691895,
            "0_unpack_graph": 0.026615619659423828,
            "1_unpack_graph": 0.025989770889282227,
            "2_aggregate_override": 0.01948833465576172,
            "3_join": 0.02477264404296875,
            "4_join": 0.02349996566772461,
            "5_concat": 0.01792287826538086,
            "6_filter": 0.04941201210021973,
            "7_aggregate_override": 0.022435665130615234,
            "8_join": 0.024260520935058594,
            "9_filter": 0.04221510887145996,
            "10_fill": 0.019191503524780273,
            "11_merge": 0.023241758346557617,
            "12_copy": 0.01994013786315918,
            "13_select": 0.020307064056396484
        },
        "join_text_units_to_entity_ids": {
            "overall": 0.08800768852233887,
            "0_select": 0.021319150924682617,
            "1_unroll": 0.02282404899597168,
            "2_aggregate_override": 0.02356410026550293
        },
        "create_final_relationships": {
            "overall": 0.29516100883483887,
            "0_unpack_graph": 0.03218579292297363,
            "1_filter": 0.04787468910217285,
            "2_rename": 0.02278900146484375,
            "3_filter": 0.04934573173522949,
            "4_drop": 0.022962570190429688,
            "5_compute_edge_combined_degree": 0.02723383903503418,
            "6_convert": 0.047452688217163086,
            "7_convert": 0.02388620376586914
        },
        "join_text_units_to_relationship_ids": {
            "overall": 0.12895488739013672,
            "0_select": 0.025072097778320312,
            "1_unroll": 0.026196718215942383,
            "2_aggregate_override": 0.027801036834716797,
            "3_select": 0.025540590286254883
        },
        "create_final_community_reports": {
            "overall": 443.1870057582855,
            "0_prepare_community_reports_nodes": 0.028880596160888672,
            "1_prepare_community_reports_edges": 0.02796030044555664,
            "2_restore_community_hierarchy": 0.030857324600219727,
            "3_prepare_community_reports": 0.12699580192565918,
            "4_create_community_reports": 442.9030382633209,
            "5_window": 0.04381704330444336
        },
        "create_final_text_units": {
            "overall": 0.21425366401672363,
            "0_select": 0.027754545211791992,
            "1_rename": 0.02763223648071289,
            "2_join": 0.034453630447387695,
            "3_join": 0.03408098220825195,
            "4_aggregate_override": 0.03281855583190918,
            "5_select": 0.02845597267150879
        },
        "create_base_documents": {
            "overall": 0.3764317035675049,
            "0_unroll": 0.030701160430908203,
            "1_select": 0.029403209686279297,
            "2_rename": 0.02964186668395996,
            "3_join": 0.035147666931152344,
            "4_aggregate_override": 0.03149700164794922,
            "5_join": 0.052219390869140625,
            "6_rename": 0.044730424880981445,
            "7_convert": 0.09357643127441406
        },
        "create_final_documents": {
            "overall": 0.06352043151855469,
            "0_rename": 0.032149553298950195
        }
    }
}