{
    "total_runtime": 2087.2076983451843,
    "num_documents": 20,
    "input_load_time": 0,
    "workflows": {
        "create_base_text_units": {
            "overall": 0.3257298469543457,
            "0_orderby": 0.0033195018768310547,
            "1_zip": 0.003700733184814453,
            "2_aggregate_override": 0.006445169448852539,
            "3_chunk": 0.25962233543395996,
            "4_select": 0.0043659210205078125,
            "5_unroll": 0.0058782100677490234,
            "6_rename": 0.0045812129974365234,
            "7_genid": 0.00529932975769043,
            "8_unzip": 0.006265163421630859,
            "9_copy": 0.005959510803222656,
            "10_filter": 0.017434120178222656
        },
        "create_base_extracted_entities": {
            "overall": 1868.3622643947601,
            "0_entity_extract": 1868.3116064071655,
            "1_snapshot": 0.01046895980834961,
            "2_merge_graphs": 0.025748491287231445,
            "3_snapshot_rows": 0.008207321166992188
        },
        "create_summarized_entities": {
            "overall": 57.768397092819214,
            "0_summarize_descriptions": 57.75196194648743,
            "1_snapshot_rows": 0.008958578109741211
        },
        "create_base_entity_graph": {
            "overall": 0.06973099708557129,
            "0_cluster_graph": 0.026555776596069336,
            "1_snapshot_rows": 0.01043701171875,
            "2_snapshot_rows": 0.01186990737915039,
            "3_select": 0.011690855026245117
        },
        "create_final_entities": {
            "overall": 8.35631251335144,
            "0_unpack_graph": 0.014223814010620117,
            "1_rename": 0.01050257682800293,
            "2_select": 0.010931968688964844,
            "3_dedupe": 0.011429071426391602,
            "4_rename": 0.011314153671264648,
            "5_filter": 0.026349782943725586,
            "6_text_split": 0.01275944709777832,
            "7_drop": 0.011438846588134766,
            "8_merge": 0.027009248733520508,
            "9_text_embed": 8.1519615650177,
            "10_drop": 0.02803516387939453,
            "11_filter": 0.03043222427368164
        },
        "create_final_nodes": {
            "overall": 0.2666208744049072,
            "0_layout_graph": 0.02982163429260254,
            "1_unpack_graph": 0.01763296127319336,
            "2_unpack_graph": 0.017981529235839844,
            "3_drop": 0.014659404754638672,
            "4_filter": 0.03265380859375,
            "5_select": 0.014947175979614258,
            "6_snapshot": 0.01580810546875,
            "7_rename": 0.015845537185668945,
            "8_join": 0.023160934448242188,
            "9_convert": 0.052052974700927734,
            "10_rename": 0.017856359481811523
        },
        "create_final_communities": {
            "overall": 0.40187954902648926,
            "0_unpack_graph": 0.027161359786987305,
            "1_unpack_graph": 0.03766465187072754,
            "2_aggregate_override": 0.02392101287841797,
            "3_join": 0.02644801139831543,
            "4_join": 0.025480031967163086,
            "5_concat": 0.01909804344177246,
            "6_filter": 0.04522991180419922,
            "7_aggregate_override": 0.02370619773864746,
            "8_join": 0.026341915130615234,
            "9_filter": 0.04477572441101074,
            "10_fill": 0.02005743980407715,
            "11_merge": 0.021932601928710938,
            "12_copy": 0.020691394805908203,
            "13_select": 0.021360158920288086
        },
        "join_text_units_to_entity_ids": {
            "overall": 0.09644317626953125,
            "0_select": 0.023169994354248047,
            "1_unroll": 0.02483820915222168,
            "2_aggregate_override": 0.026285171508789062
        },
        "create_final_relationships": {
            "overall": 0.2961547374725342,
            "0_unpack_graph": 0.02742934226989746,
            "1_filter": 0.04931640625,
            "2_rename": 0.022957563400268555,
            "3_filter": 0.05002307891845703,
            "4_drop": 0.023363590240478516,
            "5_compute_edge_combined_degree": 0.027988910675048828,
            "6_convert": 0.048288822174072266,
            "7_convert": 0.02406024932861328
        },
        "join_text_units_to_relationship_ids": {
            "overall": 0.13367009162902832,
            "0_select": 0.02616262435913086,
            "1_unroll": 0.02842545509338379,
            "2_aggregate_override": 0.027962923049926758,
            "3_select": 0.025907278060913086
        },
        "create_final_community_reports": {
            "overall": 145.82394552230835,
            "0_prepare_community_reports_nodes": 0.02927231788635254,
            "1_prepare_community_reports_edges": 0.028488874435424805,
            "2_restore_community_hierarchy": 0.030647993087768555,
            "3_prepare_community_reports": 0.05637645721435547,
            "4_create_community_reports": 145.62209010124207,
            "5_window": 0.029555559158325195
        },
        "create_final_text_units": {
            "overall": 0.27173519134521484,
            "0_select": 0.030776500701904297,
            "1_rename": 0.05949091911315918,
            "2_join": 0.037073373794555664,
            "3_join": 0.03911304473876953,
            "4_aggregate_override": 0.03879046440124512,
            "5_select": 0.037261962890625
        },
        "create_base_documents": {
            "overall": 0.4044625759124756,
            "0_unroll": 0.033180952072143555,
            "1_select": 0.03510117530822754,
            "2_rename": 0.031599998474121094,
            "3_join": 0.03729510307312012,
            "4_aggregate_override": 0.03381156921386719,
            "5_join": 0.03758406639099121,
            "6_rename": 0.03240776062011719,
            "7_convert": 0.1324000358581543
        },
        "create_final_documents": {
            "overall": 0.06659245491027832,
            "0_rename": 0.03393888473510742
        }
    }
}