{
    "total_runtime": 7109.136999845505,
    "num_documents": 20,
    "input_load_time": 0,
    "workflows": {
        "create_base_text_units": {
            "overall": 0.3126537799835205,
            "0_orderby": 0.003296375274658203,
            "1_zip": 0.003685474395751953,
            "2_aggregate_override": 0.006258249282836914,
            "3_chunk": 0.24963688850402832,
            "4_select": 0.004349470138549805,
            "5_unroll": 0.005785703659057617,
            "6_rename": 0.004549980163574219,
            "7_genid": 0.005401611328125,
            "8_unzip": 0.00582432746887207,
            "9_copy": 0.005174160003662109,
            "10_filter": 0.015885353088378906
        },
        "create_base_extracted_entities": {
            "overall": 1868.5329883098602,
            "0_entity_extract": 1868.4905819892883,
            "1_snapshot": 0.009151935577392578,
            "2_merge_graphs": 0.01966691017150879,
            "3_snapshot_rows": 0.007441997528076172
        },
        "create_summarized_entities": {
            "overall": 104.62716245651245,
            "0_summarize_descriptions": 104.61109709739685,
            "1_snapshot_rows": 0.008803367614746094
        },
        "create_base_entity_graph": {
            "overall": 0.0596926212310791,
            "0_cluster_graph": 0.0234222412109375,
            "1_snapshot_rows": 0.009387016296386719,
            "2_snapshot_rows": 0.009340763092041016,
            "3_select": 0.009537458419799805
        },
        "create_final_entities": {
            "overall": 2389.982558965683,
            "0_unpack_graph": 0.013367652893066406,
            "1_rename": 0.009892940521240234,
            "2_select": 0.010338068008422852,
            "3_dedupe": 0.010685443878173828,
            "4_rename": 0.010629892349243164,
            "5_filter": 0.025475502014160156,
            "6_text_split": 0.012314796447753906,
            "7_drop": 0.011548757553100586,
            "8_merge": 0.024054288864135742,
            "9_text_embed": 2389.780471086502,
            "10_drop": 0.015805482864379883,
            "11_filter": 0.04852724075317383
        },
        "create_final_nodes": {
            "overall": 0.3202979564666748,
            "0_layout_graph": 0.033443450927734375,
            "1_unpack_graph": 0.02126145362854004,
            "2_unpack_graph": 0.020858287811279297,
            "3_filter": 0.03807854652404785,
            "4_drop": 0.017964839935302734,
            "5_select": 0.018227815628051758,
            "6_snapshot": 0.017780303955078125,
            "7_rename": 0.018600940704345703,
            "8_convert": 0.06821417808532715,
            "9_join": 0.029810667037963867,
            "10_rename": 0.019908428192138672
        },
        "create_final_communities": {
            "overall": 0.4368934631347656,
            "0_unpack_graph": 0.025645971298217773,
            "1_unpack_graph": 0.024961233139038086,
            "2_aggregate_override": 0.024720430374145508,
            "3_join": 0.028708934783935547,
            "4_join": 0.02853250503540039,
            "5_concat": 0.02191638946533203,
            "6_filter": 0.05002880096435547,
            "7_aggregate_override": 0.02826547622680664,
            "8_join": 0.028280258178710938,
            "9_filter": 0.05057072639465332,
            "10_fill": 0.023795604705810547,
            "11_merge": 0.02584528923034668,
            "12_copy": 0.025249481201171875,
            "13_select": 0.031911373138427734
        },
        "join_text_units_to_entity_ids": {
            "overall": 0.08973503112792969,
            "0_select": 0.021543264389038086,
            "1_unroll": 0.023038625717163086,
            "2_aggregate_override": 0.024054288864135742
        },
        "create_final_relationships": {
            "overall": 0.29651403427124023,
            "0_unpack_graph": 0.026602506637573242,
            "1_filter": 0.04910993576049805,
            "2_rename": 0.023294687271118164,
            "3_filter": 0.04925203323364258,
            "4_drop": 0.02302861213684082,
            "5_compute_edge_combined_degree": 0.027790546417236328,
            "6_convert": 0.0498204231262207,
            "7_convert": 0.025153160095214844
        },
        "join_text_units_to_relationship_ids": {
            "overall": 0.12851619720458984,
            "0_select": 0.024663209915161133,
            "1_unroll": 0.026211977005004883,
            "2_aggregate_override": 0.027378320693969727,
            "3_select": 0.025706052780151367
        },
        "create_final_community_reports": {
            "overall": 2739.278129339218,
            "0_prepare_community_reports_nodes": 0.028390884399414062,
            "1_prepare_community_reports_edges": 0.028476953506469727,
            "2_restore_community_hierarchy": 0.030241012573242188,
            "3_prepare_community_reports": 0.07543349266052246,
            "4_create_community_reports": 2739.0600197315216,
            "5_window": 0.029164791107177734
        },
        "create_final_text_units": {
            "overall": 0.22932171821594238,
            "0_select": 0.029433727264404297,
            "1_rename": 0.03062129020690918,
            "2_join": 0.038176774978637695,
            "3_join": 0.03784632682800293,
            "4_aggregate_override": 0.03414750099182129,
            "5_select": 0.03076767921447754
        },
        "create_base_documents": {
            "overall": 0.3998732566833496,
            "0_unroll": 0.03254532814025879,
            "1_select": 0.03029608726501465,
            "2_rename": 0.03056502342224121,
            "3_join": 0.036054372787475586,
            "4_aggregate_override": 0.03481698036193848,
            "5_join": 0.03684091567993164,
            "6_rename": 0.03195977210998535,
            "7_convert": 0.13706326484680176
        },
        "create_final_documents": {
            "overall": 0.06634330749511719,
            "0_rename": 0.033446550369262695
        }
    }
}