{
    "total_runtime": 3395.635035276413,
    "num_documents": 20,
    "input_load_time": 0,
    "workflows": {
        "create_base_text_units": {
            "overall": 0.31016063690185547,
            "0_orderby": 0.003316164016723633,
            "1_zip": 0.004042148590087891,
            "2_aggregate_override": 0.00765681266784668,
            "3_chunk": 0.2432570457458496,
            "4_select": 0.005187034606933594,
            "5_unroll": 0.006371021270751953,
            "6_rename": 0.0047299861907958984,
            "7_genid": 0.0055658817291259766,
            "8_unzip": 0.005812883377075195,
            "9_copy": 0.0051915645599365234,
            "10_filter": 0.016117334365844727
        },
        "create_base_extracted_entities": {
            "overall": 1204.6129832267761,
            "0_entity_extract": 1204.5591559410095,
            "1_snapshot": 0.010278940200805664,
            "2_merge_graphs": 0.028401851654052734,
            "3_snapshot_rows": 0.00888967514038086
        },
        "create_summarized_entities": {
            "overall": 72.4653525352478,
            "0_summarize_descriptions": 72.44629192352295,
            "1_snapshot_rows": 0.009028911590576172
        },
        "create_base_entity_graph": {
            "overall": 0.07245731353759766,
            "0_cluster_graph": 0.03329300880432129,
            "1_snapshot_rows": 0.009853363037109375,
            "2_snapshot_rows": 0.009971141815185547,
            "3_select": 0.010050773620605469
        },
        "create_final_entities": {
            "overall": 1971.614271402359,
            "0_unpack_graph": 0.014902353286743164,
            "1_rename": 0.010077953338623047,
            "2_select": 0.01023554801940918,
            "3_dedupe": 0.010622262954711914,
            "4_rename": 0.010580778121948242,
            "5_filter": 0.026434898376464844,
            "6_text_split": 0.013482809066772461,
            "7_drop": 0.011861801147460938,
            "8_merge": 0.0357823371887207,
            "9_text_embed": 1971.4069471359253,
            "10_drop": 0.01512289047241211,
            "11_filter": 0.03539896011352539
        },
        "create_final_nodes": {
            "overall": 0.3055589199066162,
            "0_layout_graph": 0.04135870933532715,
            "1_unpack_graph": 0.022179841995239258,
            "2_unpack_graph": 0.023166179656982422,
            "3_drop": 0.014763593673706055,
            "4_filter": 0.03802371025085449,
            "5_select": 0.015978574752807617,
            "6_snapshot": 0.016419649124145508,
            "7_rename": 0.018692493438720703,
            "8_join": 0.027083158493041992,
            "9_convert": 0.054375648498535156,
            "10_rename": 0.016324996948242188
        },
        "create_final_communities": {
            "overall": 0.4057886600494385,
            "0_unpack_graph": 0.04789566993713379,
            "1_unpack_graph": 0.03313255310058594,
            "2_aggregate_override": 0.020358562469482422,
            "3_join": 0.030759334564208984,
            "4_join": 0.02495718002319336,
            "5_concat": 0.01804208755493164,
            "6_filter": 0.04136180877685547,
            "7_aggregate_override": 0.021323204040527344,
            "8_join": 0.024192094802856445,
            "9_filter": 0.04278373718261719,
            "10_fill": 0.019407272338867188,
            "11_merge": 0.02090311050415039,
            "12_copy": 0.020159244537353516,
            "13_select": 0.02008962631225586
        },
        "join_text_units_to_entity_ids": {
            "overall": 0.0895395278930664,
            "0_select": 0.02177739143371582,
            "1_unroll": 0.02287769317626953,
            "2_aggregate_override": 0.023983240127563477
        },
        "create_final_relationships": {
            "overall": 0.28836917877197266,
            "0_unpack_graph": 0.027361631393432617,
            "1_filter": 0.04787087440490723,
            "2_rename": 0.02207207679748535,
            "3_filter": 0.04806256294250488,
            "4_drop": 0.022890806198120117,
            "5_compute_edge_combined_degree": 0.027441024780273438,
            "6_convert": 0.047163963317871094,
            "7_convert": 0.0238800048828125
        },
        "join_text_units_to_relationship_ids": {
            "overall": 0.1289231777191162,
            "0_select": 0.025357484817504883,
            "1_unroll": 0.02618694305419922,
            "2_aggregate_override": 0.027701616287231445,
            "3_select": 0.02537703514099121
        },
        "create_final_community_reports": {
            "overall": 140.41110634803772,
            "0_prepare_community_reports_nodes": 0.027994871139526367,
            "1_prepare_community_reports_edges": 0.0277860164642334,
            "2_restore_community_hierarchy": 0.02951812744140625,
            "3_prepare_community_reports": 0.054306745529174805,
            "4_create_community_reports": 140.21512126922607,
            "5_window": 0.031229734420776367
        },
        "create_final_text_units": {
            "overall": 0.2544362545013428,
            "0_select": 0.03639960289001465,
            "1_rename": 0.04992485046386719,
            "2_join": 0.03383445739746094,
            "3_join": 0.040253400802612305,
            "4_aggregate_override": 0.03159785270690918,
            "5_select": 0.0345151424407959
        },
        "create_base_documents": {
            "overall": 0.4025712013244629,
            "0_unroll": 0.03180527687072754,
            "1_select": 0.033898353576660156,
            "2_rename": 0.033141136169433594,
            "3_join": 0.03554964065551758,
            "4_aggregate_override": 0.032802581787109375,
            "5_join": 0.03609919548034668,
            "6_rename": 0.031163454055786133,
            "7_convert": 0.13840293884277344
        },
        "create_final_documents": {
            "overall": 0.06468772888183594,
            "0_rename": 0.03241276741027832
        }
    }
}