{
    "total_runtime": 1935.9563999176025,
    "num_documents": 20,
    "input_load_time": 0,
    "workflows": {
        "create_base_text_units": {
            "overall": 0.28461432456970215,
            "0_orderby": 0.0030400753021240234,
            "1_zip": 0.0034530162811279297,
            "2_aggregate_override": 0.00603175163269043,
            "3_chunk": 0.22423458099365234,
            "4_select": 0.004173755645751953,
            "5_unroll": 0.005604982376098633,
            "6_rename": 0.004385471343994141,
            "7_genid": 0.0051422119140625,
            "8_unzip": 0.005555868148803711,
            "9_copy": 0.0049932003021240234,
            "10_filter": 0.01542353630065918
        },
        "create_base_extracted_entities": {
            "overall": 1658.4575593471527,
            "0_entity_extract": 1658.4059209823608,
            "1_snapshot": 0.010009050369262695,
            "2_merge_graphs": 0.02853250503540039,
            "3_snapshot_rows": 0.007163047790527344
        },
        "create_summarized_entities": {
            "overall": 82.98141694068909,
            "0_summarize_descriptions": 82.9640588760376,
            "1_snapshot_rows": 0.008144855499267578
        },
        "create_base_entity_graph": {
            "overall": 0.06434249877929688,
            "0_cluster_graph": 0.029550552368164062,
            "1_snapshot_rows": 0.0092926025390625,
            "2_snapshot_rows": 0.009010553359985352,
            "3_select": 0.009084939956665039
        },
        "create_final_entities": {
            "overall": 15.440093278884888,
            "0_unpack_graph": 0.015326499938964844,
            "1_rename": 0.009537458419799805,
            "2_select": 0.009936809539794922,
            "3_dedupe": 0.010360479354858398,
            "4_rename": 0.01017904281616211,
            "5_filter": 0.024706363677978516,
            "6_text_split": 0.012844324111938477,
            "7_drop": 0.011351823806762695,
            "8_merge": 0.03588294982910156,
            "9_text_embed": 15.245095252990723,
            "10_drop": 0.0141448974609375,
            "11_filter": 0.031214475631713867
        },
        "create_final_nodes": {
            "overall": 0.2935469150543213,
            "0_layout_graph": 0.0368497371673584,
            "1_unpack_graph": 0.02006673812866211,
            "2_unpack_graph": 0.020806550979614258,
            "3_drop": 0.014859199523925781,
            "4_filter": 0.034265756607055664,
            "5_select": 0.015182018280029297,
            "6_snapshot": 0.03159761428833008,
            "7_rename": 0.015611410140991211,
            "8_join": 0.02311563491821289,
            "9_convert": 0.05108976364135742,
            "10_rename": 0.016694307327270508
        },
        "create_final_communities": {
            "overall": 0.3741278648376465,
            "0_unpack_graph": 0.022985219955444336,
            "1_unpack_graph": 0.022997379302978516,
            "2_aggregate_override": 0.02017998695373535,
            "3_join": 0.02541208267211914,
            "4_join": 0.02473163604736328,
            "5_concat": 0.018469810485839844,
            "6_filter": 0.04354071617126465,
            "7_aggregate_override": 0.021965742111206055,
            "8_join": 0.02562856674194336,
            "9_filter": 0.04345130920410156,
            "10_fill": 0.02117180824279785,
            "11_merge": 0.021576404571533203,
            "12_copy": 0.021275758743286133,
            "13_select": 0.021951675415039062
        },
        "join_text_units_to_entity_ids": {
            "overall": 0.09461522102355957,
            "0_select": 0.02266216278076172,
            "1_unroll": 0.02408885955810547,
            "2_aggregate_override": 0.025423049926757812
        },
        "create_final_relationships": {
            "overall": 0.28929734230041504,
            "0_unpack_graph": 0.028949975967407227,
            "1_filter": 0.047618865966796875,
            "2_rename": 0.02175617218017578,
            "3_filter": 0.04738306999206543,
            "4_drop": 0.02237725257873535,
            "5_compute_edge_combined_degree": 0.026500225067138672,
            "6_convert": 0.04745650291442871,
            "7_convert": 0.02350783348083496
        },
        "join_text_units_to_relationship_ids": {
            "overall": 0.14901113510131836,
            "0_select": 0.02955317497253418,
            "1_unroll": 0.043920278549194336,
            "2_aggregate_override": 0.027106523513793945,
            "3_select": 0.024744510650634766
        },
        "create_final_community_reports": {
            "overall": 172.96434330940247,
            "0_prepare_community_reports_nodes": 0.027609825134277344,
            "1_prepare_community_reports_edges": 0.027449369430541992,
            "2_restore_community_hierarchy": 0.029120206832885742,
            "3_prepare_community_reports": 0.05045890808105469,
            "4_create_community_reports": 172.77719640731812,
            "5_window": 0.027563095092773438
        },
        "create_final_text_units": {
            "overall": 0.23919105529785156,
            "0_select": 0.028247594833374023,
            "1_rename": 0.03339338302612305,
            "2_join": 0.056977272033691406,
            "3_join": 0.03345298767089844,
            "4_aggregate_override": 0.030638694763183594,
            "5_select": 0.02884960174560547
        },
        "create_base_documents": {
            "overall": 0.34726595878601074,
            "0_unroll": 0.03117203712463379,
            "1_select": 0.029606103897094727,
            "2_rename": 0.029468774795532227,
            "3_join": 0.035039424896240234,
            "4_aggregate_override": 0.03187441825866699,
            "5_join": 0.035704851150512695,
            "6_rename": 0.0308687686920166,
            "7_convert": 0.09432363510131836
        },
        "create_final_documents": {
            "overall": 0.06280732154846191,
            "0_rename": 0.031820058822631836
        }
    }
}