{
    "total_runtime": 716.4942173957825,
    "num_documents": 20,
    "input_load_time": 0,
    "workflows": {
        "create_base_text_units": {
            "overall": 0.2843341827392578,
            "0_orderby": 0.003180980682373047,
            "1_zip": 0.0035436153411865234,
            "2_aggregate_override": 0.006178617477416992,
            "3_chunk": 0.22324705123901367,
            "4_select": 0.004278659820556641,
            "5_unroll": 0.0056111812591552734,
            "6_rename": 0.0044286251068115234,
            "7_genid": 0.005140066146850586,
            "8_unzip": 0.005655765533447266,
            "9_copy": 0.005020618438720703,
            "10_filter": 0.015449047088623047
        },
        "create_base_extracted_entities": {
            "overall": 618.2809269428253,
            "0_entity_extract": 618.2320685386658,
            "1_snapshot": 0.009415864944458008,
            "2_merge_graphs": 0.026346445083618164,
            "3_snapshot_rows": 0.007295131683349609
        },
        "create_summarized_entities": {
            "overall": 0.043616294860839844,
            "0_summarize_descriptions": 0.02910780906677246,
            "1_snapshot_rows": 0.007771730422973633
        },
        "create_base_entity_graph": {
            "overall": 0.061930179595947266,
            "0_cluster_graph": 0.02735447883605957,
            "1_snapshot_rows": 0.00867915153503418,
            "2_snapshot_rows": 0.009174346923828125,
            "3_select": 0.009001493453979492
        },
        "create_final_entities": {
            "overall": 11.056781530380249,
            "0_unpack_graph": 0.014268875122070312,
            "1_rename": 0.009664058685302734,
            "2_select": 0.009824037551879883,
            "3_dedupe": 0.01028132438659668,
            "4_rename": 0.010154485702514648,
            "5_filter": 0.02471756935119629,
            "6_text_split": 0.012569189071655273,
            "7_drop": 0.010991573333740234,
            "8_merge": 0.03278303146362305,
            "9_text_embed": 10.869935035705566,
            "10_drop": 0.012203454971313477,
            "11_filter": 0.030018329620361328
        },
        "create_final_nodes": {
            "overall": 0.2654266357421875,
            "0_layout_graph": 0.03219127655029297,
            "1_unpack_graph": 0.018019676208496094,
            "2_unpack_graph": 0.018239736557006836,
            "3_filter": 0.03141903877258301,
            "4_drop": 0.013993978500366211,
            "5_select": 0.014332056045532227,
            "6_snapshot": 0.015132904052734375,
            "7_rename": 0.01483607292175293,
            "8_join": 0.02093791961669922,
            "9_convert": 0.04742026329040527,
            "10_rename": 0.02598404884338379
        },
        "create_final_communities": {
            "overall": 0.34572458267211914,
            "0_unpack_graph": 0.021462678909301758,
            "1_unpack_graph": 0.020891666412353516,
            "2_aggregate_override": 0.019506216049194336,
            "3_join": 0.02320265769958496,
            "4_join": 0.023102998733520508,
            "5_concat": 0.017258882522583008,
            "6_filter": 0.039875030517578125,
            "7_aggregate_override": 0.020581483840942383,
            "8_join": 0.023324012756347656,
            "9_filter": 0.0413970947265625,
            "10_fill": 0.0186920166015625,
            "11_merge": 0.0202791690826416,
            "12_copy": 0.019695758819580078,
            "13_select": 0.02007007598876953
        },
        "join_text_units_to_entity_ids": {
            "overall": 0.08608365058898926,
            "0_select": 0.020716190338134766,
            "1_unroll": 0.02235126495361328,
            "2_aggregate_override": 0.022962570190429688
        },
        "create_final_relationships": {
            "overall": 0.29618310928344727,
            "0_unpack_graph": 0.02660369873046875,
            "1_filter": 0.05981183052062988,
            "2_rename": 0.021613597869873047,
            "3_filter": 0.04732322692871094,
            "4_drop": 0.022617101669311523,
            "5_compute_edge_combined_degree": 0.02682328224182129,
            "6_convert": 0.04661870002746582,
            "7_convert": 0.023329496383666992
        },
        "join_text_units_to_relationship_ids": {
            "overall": 0.13012290000915527,
            "0_select": 0.024363040924072266,
            "1_unroll": 0.025619029998779297,
            "2_aggregate_override": 0.027330398559570312,
            "3_select": 0.02517533302307129
        },
        "create_final_community_reports": {
            "overall": 81.21324372291565,
            "0_prepare_community_reports_nodes": 0.05095839500427246,
            "1_prepare_community_reports_edges": 0.02836441993713379,
            "2_restore_community_hierarchy": 0.029589414596557617,
            "3_prepare_community_reports": 0.05263090133666992,
            "4_create_community_reports": 80.99350714683533,
            "5_window": 0.032675981521606445
        },
        "create_final_text_units": {
            "overall": 0.2203516960144043,
            "0_select": 0.027267932891845703,
            "1_rename": 0.02700066566467285,
            "2_join": 0.033525705337524414,
            "3_join": 0.03361940383911133,
            "4_aggregate_override": 0.03018951416015625,
            "5_select": 0.04148292541503906
        },
        "create_base_documents": {
            "overall": 0.39279794692993164,
            "0_unroll": 0.031146526336669922,
            "1_select": 0.029476165771484375,
            "2_rename": 0.029419660568237305,
            "3_join": 0.03825831413269043,
            "4_aggregate_override": 0.036386966705322266,
            "5_join": 0.04873037338256836,
            "6_rename": 0.054949283599853516,
            "7_convert": 0.09501814842224121
        },
        "create_final_documents": {
            "overall": 0.06568574905395508,
            "0_rename": 0.03181123733520508
        }
    }
}