{
    "total_runtime": 688.1382219791412,
    "num_documents": 20,
    "input_load_time": 0,
    "workflows": {
        "create_base_text_units": {
            "overall": 0.31826066970825195,
            "0_orderby": 0.0033805370330810547,
            "1_zip": 0.0037565231323242188,
            "2_aggregate_override": 0.007574558258056641,
            "3_chunk": 0.25138330459594727,
            "4_select": 0.004719734191894531,
            "5_unroll": 0.0060350894927978516,
            "6_rename": 0.004848957061767578,
            "7_genid": 0.005470752716064453,
            "8_unzip": 0.005990505218505859,
            "9_copy": 0.005430936813354492,
            "10_filter": 0.016773223876953125
        },
        "create_base_extracted_entities": {
            "overall": 509.26328110694885,
            "0_entity_extract": 509.19302582740784,
            "1_snapshot": 0.018117189407348633,
            "2_merge_graphs": 0.035324811935424805,
            "3_snapshot_rows": 0.010319948196411133
        },
        "create_summarized_entities": {
            "overall": 32.8738157749176,
            "0_summarize_descriptions": 32.85781192779541,
            "1_snapshot_rows": 0.008704900741577148
        },
        "create_base_entity_graph": {
            "overall": 0.07003259658813477,
            "0_cluster_graph": 0.03184175491333008,
            "1_snapshot_rows": 0.00989675521850586,
            "2_snapshot_rows": 0.009828329086303711,
            "3_select": 0.010071277618408203
        },
        "create_final_entities": {
            "overall": 11.098183155059814,
            "0_unpack_graph": 0.015076160430908203,
            "1_rename": 0.01024317741394043,
            "2_select": 0.010219573974609375,
            "3_dedupe": 0.018274307250976562,
            "4_rename": 0.019450902938842773,
            "5_filter": 0.03992271423339844,
            "6_text_split": 0.020748376846313477,
            "7_drop": 0.018293142318725586,
            "8_merge": 0.05042529106140137,
            "9_text_embed": 10.842973470687866,
            "10_drop": 0.012570858001708984,
            "11_filter": 0.030193328857421875
        },
        "create_final_nodes": {
            "overall": 0.26870155334472656,
            "0_layout_graph": 0.03372812271118164,
            "1_unpack_graph": 0.021008968353271484,
            "2_unpack_graph": 0.01975226402282715,
            "3_filter": 0.03218579292297363,
            "4_drop": 0.014429092407226562,
            "5_select": 0.014693737030029297,
            "6_snapshot": 0.01559591293334961,
            "7_rename": 0.015559911727905273,
            "8_convert": 0.04950213432312012,
            "9_join": 0.022706270217895508,
            "10_rename": 0.016170263290405273
        },
        "create_final_communities": {
            "overall": 0.3628270626068115,
            "0_unpack_graph": 0.023212671279907227,
            "1_unpack_graph": 0.021892070770263672,
            "2_aggregate_override": 0.01978135108947754,
            "3_join": 0.024695634841918945,
            "4_join": 0.024141550064086914,
            "5_concat": 0.01820850372314453,
            "6_filter": 0.042616844177246094,
            "7_aggregate_override": 0.021834135055541992,
            "8_join": 0.024726152420043945,
            "9_filter": 0.0425870418548584,
            "10_fill": 0.019441604614257812,
            "11_merge": 0.021763324737548828,
            "12_copy": 0.020232677459716797,
            "13_select": 0.020714759826660156
        },
        "join_text_units_to_entity_ids": {
            "overall": 0.09011077880859375,
            "0_select": 0.021876811981201172,
            "1_unroll": 0.02324652671813965,
            "2_aggregate_override": 0.02448749542236328
        },
        "create_final_relationships": {
            "overall": 0.3000979423522949,
            "0_unpack_graph": 0.028261661529541016,
            "1_filter": 0.04996132850646973,
            "2_rename": 0.022883892059326172,
            "3_filter": 0.04922890663146973,
            "4_drop": 0.02375197410583496,
            "5_compute_edge_combined_degree": 0.028050899505615234,
            "6_convert": 0.047492265701293945,
            "7_convert": 0.027882814407348633
        },
        "join_text_units_to_relationship_ids": {
            "overall": 0.1310889720916748,
            "0_select": 0.0256807804107666,
            "1_unroll": 0.027103185653686523,
            "2_aggregate_override": 0.027956485748291016,
            "3_select": 0.025831222534179688
        },
        "create_final_community_reports": {
            "overall": 128.18897700309753,
            "0_prepare_community_reports_nodes": 0.029183149337768555,
            "1_prepare_community_reports_edges": 0.029232501983642578,
            "2_restore_community_hierarchy": 0.03175067901611328,
            "3_prepare_community_reports": 0.05728292465209961,
            "4_create_community_reports": 127.98623156547546,
            "5_window": 0.028487205505371094
        },
        "create_final_text_units": {
            "overall": 0.2522430419921875,
            "0_select": 0.03441929817199707,
            "1_rename": 0.05249214172363281,
            "2_join": 0.03675413131713867,
            "3_join": 0.03685736656188965,
            "4_aggregate_override": 0.03264331817626953,
            "5_select": 0.030986547470092773
        },
        "create_base_documents": {
            "overall": 0.36684322357177734,
            "0_unroll": 0.03226423263549805,
            "1_select": 0.03122854232788086,
            "2_rename": 0.03147530555725098,
            "3_join": 0.0370793342590332,
            "4_aggregate_override": 0.03341841697692871,
            "5_join": 0.03788352012634277,
            "6_rename": 0.03525900840759277,
            "7_convert": 0.09757280349731445
        },
        "create_final_documents": {
            "overall": 0.06985712051391602,
            "0_rename": 0.03419184684753418
        }
    }
}