{
    "total_runtime": 1067.57288479805,
    "num_documents": 20,
    "input_load_time": 0,
    "workflows": {
        "create_base_text_units": {
            "overall": 0.28057122230529785,
            "0_orderby": 0.0031714439392089844,
            "1_zip": 0.0034830570220947266,
            "2_aggregate_override": 0.006074428558349609,
            "3_chunk": 0.22006750106811523,
            "4_select": 0.004253864288330078,
            "5_unroll": 0.0055866241455078125,
            "6_rename": 0.004395008087158203,
            "7_genid": 0.005067348480224609,
            "8_unzip": 0.005583763122558594,
            "9_copy": 0.004975080490112305,
            "10_filter": 0.015328645706176758
        },
        "create_base_extracted_entities": {
            "overall": 640.7823171615601,
            "0_entity_extract": 640.7314162254333,
            "1_snapshot": 0.009539127349853516,
            "2_merge_graphs": 0.027449369430541992,
            "3_snapshot_rows": 0.007965326309204102
        },
        "create_summarized_entities": {
            "overall": 58.68800449371338,
            "0_summarize_descriptions": 58.67310857772827,
            "1_snapshot_rows": 0.008039712905883789
        },
        "create_base_entity_graph": {
            "overall": 0.08850359916687012,
            "0_cluster_graph": 0.049764394760131836,
            "1_snapshot_rows": 0.009549140930175781,
            "2_snapshot_rows": 0.009648561477661133,
            "3_select": 0.00895547866821289
        },
        "create_final_entities": {
            "overall": 8.291142463684082,
            "0_unpack_graph": 0.017888784408569336,
            "1_rename": 0.009489297866821289,
            "2_select": 0.010091304779052734,
            "3_dedupe": 0.010508298873901367,
            "4_rename": 0.01032567024230957,
            "5_filter": 0.027637481689453125,
            "6_text_split": 0.012384414672851562,
            "7_drop": 0.011089563369750977,
            "8_merge": 0.027099132537841797,
            "9_text_embed": 8.104307174682617,
            "10_drop": 0.012264728546142578,
            "11_filter": 0.028744935989379883
        },
        "create_final_nodes": {
            "overall": 0.27990031242370605,
            "0_layout_graph": 0.04933333396911621,
            "1_unpack_graph": 0.022135257720947266,
            "2_unpack_graph": 0.022082090377807617,
            "3_filter": 0.0307161808013916,
            "4_drop": 0.01398324966430664,
            "5_select": 0.014504432678222656,
            "6_snapshot": 0.014889001846313477,
            "7_rename": 0.014823198318481445,
            "8_convert": 0.04727005958557129,
            "9_join": 0.02166891098022461,
            "10_rename": 0.015549898147583008
        },
        "create_final_communities": {
            "overall": 0.38669872283935547,
            "0_unpack_graph": 0.04091238975524902,
            "1_unpack_graph": 0.024362802505493164,
            "2_aggregate_override": 0.019297361373901367,
            "3_join": 0.02334284782409668,
            "4_join": 0.023276567459106445,
            "5_concat": 0.01753091812133789,
            "6_filter": 0.04858565330505371,
            "7_aggregate_override": 0.021460533142089844,
            "8_join": 0.023464202880859375,
            "9_filter": 0.041727542877197266,
            "10_fill": 0.018843412399291992,
            "11_merge": 0.022512435913085938,
            "12_copy": 0.01943063735961914,
            "13_select": 0.019917964935302734
        },
        "join_text_units_to_entity_ids": {
            "overall": 0.08737301826477051,
            "0_select": 0.020909547805786133,
            "1_unroll": 0.022364377975463867,
            "2_aggregate_override": 0.02362370491027832
        },
        "create_final_relationships": {
            "overall": 0.3198838233947754,
            "0_unpack_graph": 0.05047178268432617,
            "1_filter": 0.047612667083740234,
            "2_rename": 0.022001266479492188,
            "3_filter": 0.04738616943359375,
            "4_drop": 0.02251577377319336,
            "5_compute_edge_combined_degree": 0.026752471923828125,
            "6_convert": 0.04735136032104492,
            "7_convert": 0.023522138595581055
        },
        "join_text_units_to_relationship_ids": {
            "overall": 0.1266629695892334,
            "0_select": 0.024502038955688477,
            "1_unroll": 0.0258486270904541,
            "2_aggregate_override": 0.02739882469177246,
            "3_select": 0.024969100952148438
        },
        "create_final_community_reports": {
            "overall": 353.9129855632782,
            "0_prepare_community_reports_nodes": 0.02855825424194336,
            "1_prepare_community_reports_edges": 0.038423776626586914,
            "2_restore_community_hierarchy": 0.04660511016845703,
            "3_prepare_community_reports": 0.09771108627319336,
            "4_create_community_reports": 353.63833713531494,
            "5_window": 0.035674333572387695
        },
        "create_final_text_units": {
            "overall": 0.20892715454101562,
            "0_select": 0.027624845504760742,
            "1_rename": 0.027726173400878906,
            "2_join": 0.0336151123046875,
            "3_join": 0.033402204513549805,
            "4_aggregate_override": 0.030585527420043945,
            "5_select": 0.028662681579589844
        },
        "create_base_documents": {
            "overall": 0.34987592697143555,
            "0_unroll": 0.03107929229736328,
            "1_select": 0.029581308364868164,
            "2_rename": 0.02969837188720703,
            "3_join": 0.03463006019592285,
            "4_aggregate_override": 0.03236126899719238,
            "5_join": 0.035604238510131836,
            "6_rename": 0.03310799598693848,
            "7_convert": 0.09461021423339844
        },
        "create_final_documents": {
            "overall": 0.06368541717529297,
            "0_rename": 0.031850576400756836
        }
    }
}