{
    "total_runtime": 3477.184426546097,
    "num_documents": 20,
    "input_load_time": 0,
    "workflows": {
        "create_base_text_units": {
            "overall": 0.34854865074157715,
            "0_orderby": 0.005093812942504883,
            "1_zip": 0.0057773590087890625,
            "2_aggregate_override": 0.010539531707763672,
            "3_chunk": 0.265735387802124,
            "4_select": 0.008639097213745117,
            "5_unroll": 0.009772062301635742,
            "6_rename": 0.005110263824462891,
            "7_genid": 0.005598783493041992,
            "8_unzip": 0.006081819534301758,
            "9_copy": 0.005536794662475586,
            "10_filter": 0.016358375549316406
        },
        "create_base_extracted_entities": {
            "overall": 1657.0340440273285,
            "0_entity_extract": 1656.9767265319824,
            "1_snapshot": 0.010729551315307617,
            "2_merge_graphs": 0.031002283096313477,
            "3_snapshot_rows": 0.008155584335327148
        },
        "create_summarized_entities": {
            "overall": 40.956255197525024,
            "0_summarize_descriptions": 40.9403350353241,
            "1_snapshot_rows": 0.008665084838867188
        },
        "create_base_entity_graph": {
            "overall": 0.08548569679260254,
            "0_cluster_graph": 0.046591997146606445,
            "1_snapshot_rows": 0.01089167594909668,
            "2_snapshot_rows": 0.01030278205871582,
            "3_select": 0.009632349014282227
        },
        "create_final_entities": {
            "overall": 13.547962427139282,
            "0_unpack_graph": 0.03363943099975586,
            "1_rename": 0.012473106384277344,
            "2_select": 0.011319398880004883,
            "3_dedupe": 0.011709451675415039,
            "4_rename": 0.013209342956542969,
            "5_filter": 0.0280454158782959,
            "6_text_split": 0.014484643936157227,
            "7_drop": 0.013716697692871094,
            "8_merge": 0.05146932601928711,
            "9_text_embed": 13.301644563674927,
            "10_drop": 0.01266169548034668,
            "11_filter": 0.030550003051757812
        },
        "create_final_nodes": {
            "overall": 0.31583380699157715,
            "0_layout_graph": 0.05707144737243652,
            "1_unpack_graph": 0.03335309028625488,
            "2_unpack_graph": 0.0263216495513916,
            "3_drop": 0.014281988143920898,
            "4_filter": 0.0378115177154541,
            "5_select": 0.015755176544189453,
            "6_snapshot": 0.015444040298461914,
            "7_rename": 0.015269279479980469,
            "8_convert": 0.04790091514587402,
            "9_join": 0.022660493850708008,
            "10_rename": 0.01671886444091797
        },
        "create_final_communities": {
            "overall": 0.3986513614654541,
            "0_unpack_graph": 0.02853536605834961,
            "1_unpack_graph": 0.0372011661529541,
            "2_aggregate_override": 0.0198514461517334,
            "3_join": 0.02469468116760254,
            "4_join": 0.02434253692626953,
            "5_concat": 0.018203020095825195,
            "6_filter": 0.055211544036865234,
            "7_aggregate_override": 0.02241230010986328,
            "8_join": 0.024830341339111328,
            "9_filter": 0.04408121109008789,
            "10_fill": 0.019406795501708984,
            "11_merge": 0.02221393585205078,
            "12_copy": 0.02039313316345215,
            "13_select": 0.020637989044189453
        },
        "join_text_units_to_entity_ids": {
            "overall": 0.08948945999145508,
            "0_select": 0.021325111389160156,
            "1_unroll": 0.023046493530273438,
            "2_aggregate_override": 0.024550437927246094
        },
        "create_final_relationships": {
            "overall": 0.30332016944885254,
            "0_unpack_graph": 0.03477883338928223,
            "1_filter": 0.05189228057861328,
            "2_rename": 0.022875547409057617,
            "3_filter": 0.04913043975830078,
            "4_drop": 0.022859573364257812,
            "5_compute_edge_combined_degree": 0.02777886390686035,
            "6_convert": 0.04855179786682129,
            "7_convert": 0.0239410400390625
        },
        "join_text_units_to_relationship_ids": {
            "overall": 0.13053274154663086,
            "0_select": 0.025313138961791992,
            "1_unroll": 0.026652097702026367,
            "2_aggregate_override": 0.028095245361328125,
            "3_select": 0.025681257247924805
        },
        "create_final_community_reports": {
            "overall": 1758.9860212802887,
            "0_prepare_community_reports_nodes": 0.03019404411315918,
            "1_prepare_community_reports_edges": 0.027877330780029297,
            "2_restore_community_hierarchy": 0.030026912689208984,
            "3_prepare_community_reports": 0.08100581169128418,
            "4_create_community_reports": 1758.7621302604675,
            "5_window": 0.028208017349243164
        },
        "create_final_text_units": {
            "overall": 0.21381330490112305,
            "0_select": 0.028275728225708008,
            "1_rename": 0.02927684783935547,
            "2_join": 0.03522300720214844,
            "3_join": 0.03391551971435547,
            "4_aggregate_override": 0.030749797821044922,
            "5_select": 0.028948068618774414
        },
        "create_base_documents": {
            "overall": 0.35133910179138184,
            "0_unroll": 0.03163933753967285,
            "1_select": 0.03059864044189453,
            "2_rename": 0.03041362762451172,
            "3_join": 0.03566861152648926,
            "4_aggregate_override": 0.032340049743652344,
            "5_join": 0.03598427772521973,
            "6_rename": 0.03079390525817871,
            "7_convert": 0.09406805038452148
        },
        "create_final_documents": {
            "overall": 0.06301689147949219,
            "0_rename": 0.031468868255615234
        }
    }
}