{
    "total_runtime": 1897.9455692768097,
    "num_documents": 20,
    "input_load_time": 0,
    "workflows": {
        "create_base_text_units": {
            "overall": 0.3118927478790283,
            "0_orderby": 0.003210306167602539,
            "1_zip": 0.003622293472290039,
            "2_aggregate_override": 0.006197214126586914,
            "3_chunk": 0.24569463729858398,
            "4_select": 0.005086660385131836,
            "5_unroll": 0.006221294403076172,
            "6_rename": 0.0046539306640625,
            "7_genid": 0.0057332515716552734,
            "8_unzip": 0.006314277648925781,
            "9_copy": 0.005610942840576172,
            "10_filter": 0.016750097274780273
        },
        "create_base_extracted_entities": {
            "overall": 1777.0883767604828,
            "0_entity_extract": 1777.0391962528229,
            "1_snapshot": 0.011696338653564453,
            "2_merge_graphs": 0.02338695526123047,
            "3_snapshot_rows": 0.00796961784362793
        },
        "create_summarized_entities": {
            "overall": 28.107773303985596,
            "0_summarize_descriptions": 28.09256672859192,
            "1_snapshot_rows": 0.008210897445678711
        },
        "create_base_entity_graph": {
            "overall": 0.05777454376220703,
            "0_cluster_graph": 0.022415876388549805,
            "1_snapshot_rows": 0.009209156036376953,
            "2_snapshot_rows": 0.0092010498046875,
            "3_select": 0.009142637252807617
        },
        "create_final_entities": {
            "overall": 6.7865681648254395,
            "0_unpack_graph": 0.013252973556518555,
            "1_rename": 0.009795188903808594,
            "2_select": 0.010155439376831055,
            "3_dedupe": 0.010416746139526367,
            "4_rename": 0.010432004928588867,
            "5_filter": 0.035929203033447266,
            "6_text_split": 0.012508392333984375,
            "7_drop": 0.011588811874389648,
            "8_merge": 0.022343158721923828,
            "9_text_embed": 6.596768379211426,
            "10_drop": 0.012602567672729492,
            "11_filter": 0.030959606170654297
        },
        "create_final_nodes": {
            "overall": 0.24928021430969238,
            "0_layout_graph": 0.024509429931640625,
            "1_unpack_graph": 0.016492843627929688,
            "2_unpack_graph": 0.016612529754638672,
            "3_drop": 0.013962507247924805,
            "4_filter": 0.03208017349243164,
            "5_select": 0.014631271362304688,
            "6_snapshot": 0.015241622924804688,
            "7_rename": 0.014847993850708008,
            "8_join": 0.022022485733032227,
            "9_convert": 0.049866676330566406,
            "10_rename": 0.01592731475830078
        },
        "create_final_communities": {
            "overall": 0.36582040786743164,
            "0_unpack_graph": 0.019992351531982422,
            "1_unpack_graph": 0.019975900650024414,
            "2_aggregate_override": 0.0198211669921875,
            "3_join": 0.025468826293945312,
            "4_join": 0.025940895080566406,
            "5_concat": 0.018961668014526367,
            "6_filter": 0.04262590408325195,
            "7_aggregate_override": 0.02163076400756836,
            "8_join": 0.029765844345092773,
            "9_filter": 0.04391980171203613,
            "10_fill": 0.01936650276184082,
            "11_merge": 0.021022796630859375,
            "12_copy": 0.020280122756958008,
            "13_select": 0.020427227020263672
        },
        "join_text_units_to_entity_ids": {
            "overall": 0.0959930419921875,
            "0_select": 0.02591729164123535,
            "1_unroll": 0.024373769760131836,
            "2_aggregate_override": 0.024913311004638672
        },
        "create_final_relationships": {
            "overall": 0.2905848026275635,
            "0_unpack_graph": 0.025438547134399414,
            "1_filter": 0.04835319519042969,
            "2_rename": 0.023113012313842773,
            "3_filter": 0.05016160011291504,
            "4_drop": 0.022927284240722656,
            "5_compute_edge_combined_degree": 0.027265310287475586,
            "6_convert": 0.04784655570983887,
            "7_convert": 0.023557424545288086
        },
        "join_text_units_to_relationship_ids": {
            "overall": 0.12966632843017578,
            "0_select": 0.025217533111572266,
            "1_unroll": 0.02657032012939453,
            "2_aggregate_override": 0.0272672176361084,
            "3_select": 0.02512669563293457
        },
        "create_final_community_reports": {
            "overall": 79.36031222343445,
            "0_prepare_community_reports_nodes": 0.02821636199951172,
            "1_prepare_community_reports_edges": 0.02844548225402832,
            "2_restore_community_hierarchy": 0.02956986427307129,
            "3_prepare_community_reports": 0.051755428314208984,
            "4_create_community_reports": 79.16817903518677,
            "5_window": 0.028322219848632812
        },
        "create_final_text_units": {
            "overall": 0.22369694709777832,
            "0_select": 0.02857804298400879,
            "1_rename": 0.03032064437866211,
            "2_join": 0.03553605079650879,
            "3_join": 0.03504443168640137,
            "4_aggregate_override": 0.03715801239013672,
            "5_select": 0.02947235107421875
        },
        "create_base_documents": {
            "overall": 0.360492467880249,
            "0_unroll": 0.032404422760009766,
            "1_select": 0.0306243896484375,
            "2_rename": 0.031264543533325195,
            "3_join": 0.037410736083984375,
            "4_aggregate_override": 0.033452749252319336,
            "5_join": 0.03719949722290039,
            "6_rename": 0.0313873291015625,
            "7_convert": 0.09639406204223633
        },
        "create_final_documents": {
            "overall": 0.06425714492797852,
            "0_rename": 0.03245186805725098
        }
    }
}