{
    "total_runtime": 1206.2722895145416,
    "num_documents": 20,
    "input_load_time": 0,
    "workflows": {
        "create_base_text_units": {
            "overall": 0.29852890968322754,
            "0_orderby": 0.0031931400299072266,
            "1_zip": 0.003429889678955078,
            "2_aggregate_override": 0.0059702396392822266,
            "3_chunk": 0.23789000511169434,
            "4_select": 0.004210948944091797,
            "5_unroll": 0.005638599395751953,
            "6_rename": 0.004581451416015625,
            "7_genid": 0.005069732666015625,
            "8_unzip": 0.005487918853759766,
            "9_copy": 0.00507044792175293,
            "10_filter": 0.015418529510498047
        },
        "create_base_extracted_entities": {
            "overall": 1056.3203785419464,
            "0_entity_extract": 1056.262563943863,
            "1_snapshot": 0.00984811782836914,
            "2_merge_graphs": 0.02893853187561035,
            "3_snapshot_rows": 0.012964725494384766
        },
        "create_summarized_entities": {
            "overall": 30.23458480834961,
            "0_summarize_descriptions": 30.21940016746521,
            "1_snapshot_rows": 0.008172750473022461
        },
        "create_base_entity_graph": {
            "overall": 0.06473994255065918,
            "0_cluster_graph": 0.029740571975708008,
            "1_snapshot_rows": 0.008983135223388672,
            "2_snapshot_rows": 0.009278297424316406,
            "3_select": 0.008956432342529297
        },
        "create_final_entities": {
            "overall": 12.397621154785156,
            "0_unpack_graph": 0.01551055908203125,
            "1_rename": 0.009586334228515625,
            "2_select": 0.010106325149536133,
            "3_dedupe": 0.01187753677368164,
            "4_rename": 0.010406494140625,
            "5_filter": 0.026182174682617188,
            "6_text_split": 0.013151407241821289,
            "7_drop": 0.01139521598815918,
            "8_merge": 0.03574204444885254,
            "9_text_embed": 12.190288305282593,
            "10_drop": 0.012235164642333984,
            "11_filter": 0.04172849655151367
        },
        "create_final_nodes": {
            "overall": 0.265106201171875,
            "0_layout_graph": 0.03460335731506348,
            "1_unpack_graph": 0.01970982551574707,
            "2_unpack_graph": 0.019294023513793945,
            "3_drop": 0.013696670532226562,
            "4_filter": 0.03180217742919922,
            "5_select": 0.014220237731933594,
            "6_snapshot": 0.015839576721191406,
            "7_rename": 0.015520572662353516,
            "8_join": 0.022739171981811523,
            "9_convert": 0.048905372619628906,
            "10_rename": 0.01552724838256836
        },
        "create_final_communities": {
            "overall": 0.3757743835449219,
            "0_unpack_graph": 0.023340702056884766,
            "1_unpack_graph": 0.022407054901123047,
            "2_aggregate_override": 0.02024102210998535,
            "3_join": 0.02436995506286621,
            "4_join": 0.024425983428955078,
            "5_concat": 0.017833948135375977,
            "6_filter": 0.05135059356689453,
            "7_aggregate_override": 0.027920007705688477,
            "8_join": 0.0242159366607666,
            "9_filter": 0.04234004020690918,
            "10_fill": 0.018438100814819336,
            "11_merge": 0.021790742874145508,
            "12_copy": 0.020446300506591797,
            "13_select": 0.019919395446777344
        },
        "join_text_units_to_entity_ids": {
            "overall": 0.08683300018310547,
            "0_select": 0.020657062530517578,
            "1_unroll": 0.022420883178710938,
            "2_aggregate_override": 0.02334308624267578
        },
        "create_final_relationships": {
            "overall": 0.31212759017944336,
            "0_unpack_graph": 0.029971837997436523,
            "1_filter": 0.04816102981567383,
            "2_rename": 0.021808862686157227,
            "3_filter": 0.04777717590332031,
            "4_drop": 0.022893667221069336,
            "5_compute_edge_combined_degree": 0.04805946350097656,
            "6_convert": 0.04659271240234375,
            "7_convert": 0.024600505828857422
        },
        "join_text_units_to_relationship_ids": {
            "overall": 0.12895822525024414,
            "0_select": 0.02516317367553711,
            "1_unroll": 0.025868892669677734,
            "2_aggregate_override": 0.02762007713317871,
            "3_select": 0.02521800994873047
        },
        "create_final_community_reports": {
            "overall": 101.31073760986328,
            "0_prepare_community_reports_nodes": 0.027997970581054688,
            "1_prepare_community_reports_edges": 0.028800010681152344,
            "2_restore_community_hierarchy": 0.030277729034423828,
            "3_prepare_community_reports": 0.059157371520996094,
            "4_create_community_reports": 101.10781216621399,
            "5_window": 0.029311656951904297
        },
        "create_final_text_units": {
            "overall": 0.21220684051513672,
            "0_select": 0.028141498565673828,
            "1_rename": 0.027794837951660156,
            "2_join": 0.03402423858642578,
            "3_join": 0.03382277488708496,
            "4_aggregate_override": 0.030670166015625,
            "5_select": 0.029407262802124023
        },
        "create_base_documents": {
            "overall": 0.3587930202484131,
            "0_unroll": 0.03168535232543945,
            "1_select": 0.0304262638092041,
            "2_rename": 0.03043508529663086,
            "3_join": 0.03615212440490723,
            "4_aggregate_override": 0.03282904624938965,
            "5_join": 0.03574109077453613,
            "6_rename": 0.03141307830810547,
            "7_convert": 0.10016417503356934
        },
        "create_final_documents": {
            "overall": 0.06533050537109375,
            "0_rename": 0.03281116485595703
        }
    }
}