{
    "total_runtime": 2245.2409036159515,
    "num_documents": 20,
    "input_load_time": 0,
    "workflows": {
        "create_base_text_units": {
            "overall": 0.2888913154602051,
            "0_orderby": 0.003147125244140625,
            "1_zip": 0.0035364627838134766,
            "2_aggregate_override": 0.00601506233215332,
            "3_chunk": 0.2286529541015625,
            "4_select": 0.004022121429443359,
            "5_unroll": 0.005518198013305664,
            "6_rename": 0.004320621490478516,
            "7_genid": 0.00512385368347168,
            "8_unzip": 0.005554676055908203,
            "9_copy": 0.004968166351318359,
            "10_filter": 0.01545572280883789
        },
        "create_base_extracted_entities": {
            "overall": 1225.113846063614,
            "0_entity_extract": 1225.0612926483154,
            "1_snapshot": 0.010271072387695312,
            "2_merge_graphs": 0.028923988342285156,
            "3_snapshot_rows": 0.007275819778442383
        },
        "create_summarized_entities": {
            "overall": 322.9177188873291,
            "0_summarize_descriptions": 322.9024267196655,
            "1_snapshot_rows": 0.008482694625854492
        },
        "create_base_entity_graph": {
            "overall": 0.06449460983276367,
            "0_cluster_graph": 0.029972076416015625,
            "1_snapshot_rows": 0.008847951889038086,
            "2_snapshot_rows": 0.008987903594970703,
            "3_select": 0.008959054946899414
        },
        "create_final_entities": {
            "overall": 11.975141048431396,
            "0_unpack_graph": 0.01494145393371582,
            "1_rename": 0.009487152099609375,
            "2_select": 0.00994563102722168,
            "3_dedupe": 0.010325908660888672,
            "4_rename": 0.010270118713378906,
            "5_filter": 0.024824142456054688,
            "6_text_split": 0.012683868408203125,
            "7_drop": 0.010941743850708008,
            "8_merge": 0.033972978591918945,
            "9_text_embed": 11.7872474193573,
            "10_drop": 0.012481927871704102,
            "11_filter": 0.028775930404663086
        },
        "create_final_nodes": {
            "overall": 0.27303409576416016,
            "0_layout_graph": 0.034005165100097656,
            "1_unpack_graph": 0.029434919357299805,
            "2_unpack_graph": 0.0209808349609375,
            "3_filter": 0.031045198440551758,
            "4_drop": 0.01403045654296875,
            "5_select": 0.014706850051879883,
            "6_snapshot": 0.01539301872253418,
            "7_rename": 0.014812707901000977,
            "8_join": 0.02161717414855957,
            "9_convert": 0.04831552505493164,
            "10_rename": 0.015657663345336914
        },
        "create_final_communities": {
            "overall": 0.3510620594024658,
            "0_unpack_graph": 0.02194523811340332,
            "1_unpack_graph": 0.021156787872314453,
            "2_aggregate_override": 0.019163846969604492,
            "3_join": 0.023453474044799805,
            "4_join": 0.023572683334350586,
            "5_concat": 0.017956256866455078,
            "6_filter": 0.04121232032775879,
            "7_aggregate_override": 0.02114248275756836,
            "8_join": 0.023771286010742188,
            "9_filter": 0.041231393814086914,
            "10_fill": 0.019138336181640625,
            "11_merge": 0.021280527114868164,
            "12_copy": 0.019875764846801758,
            "13_select": 0.01985001564025879
        },
        "join_text_units_to_entity_ids": {
            "overall": 0.0859837532043457,
            "0_select": 0.020516633987426758,
            "1_unroll": 0.02220630645751953,
            "2_aggregate_override": 0.023458242416381836
        },
        "create_final_relationships": {
            "overall": 0.28557729721069336,
            "0_unpack_graph": 0.027449607849121094,
            "1_filter": 0.04678535461425781,
            "2_rename": 0.022604942321777344,
            "3_filter": 0.04783821105957031,
            "4_drop": 0.022693872451782227,
            "5_compute_edge_combined_degree": 0.026834487915039062,
            "6_convert": 0.046468257904052734,
            "7_convert": 0.02318716049194336
        },
        "join_text_units_to_relationship_ids": {
            "overall": 0.15017127990722656,
            "0_select": 0.02453160285949707,
            "1_unroll": 0.03131723403930664,
            "2_aggregate_override": 0.04512429237365723,
            "3_select": 0.024996519088745117
        },
        "create_final_community_reports": {
            "overall": 679.2364645004272,
            "0_prepare_community_reports_nodes": 0.027854204177856445,
            "1_prepare_community_reports_edges": 0.027635812759399414,
            "2_restore_community_hierarchy": 0.029222726821899414,
            "3_prepare_community_reports": 0.06148028373718262,
            "4_create_community_reports": 679.0370156764984,
            "5_window": 0.02751469612121582
        },
        "create_final_text_units": {
            "overall": 0.21191787719726562,
            "0_select": 0.028667688369750977,
            "1_rename": 0.028058767318725586,
            "2_join": 0.03321123123168945,
            "3_join": 0.033791303634643555,
            "4_aggregate_override": 0.031699419021606445,
            "5_select": 0.028883934020996094
        },
        "create_base_documents": {
            "overall": 0.40585994720458984,
            "0_unroll": 0.030573129653930664,
            "1_select": 0.029639482498168945,
            "2_rename": 0.03010249137878418,
            "3_join": 0.03513288497924805,
            "4_aggregate_override": 0.03220725059509277,
            "5_join": 0.0358126163482666,
            "6_rename": 0.031932830810546875,
            "7_convert": 0.15151691436767578
        },
        "create_final_documents": {
            "overall": 0.06363224983215332,
            "0_rename": 0.03175663948059082
        }
    }
}