{
    "total_runtime": 1009.4210057258606,
    "num_documents": 20,
    "input_load_time": 0,
    "workflows": {
        "create_base_text_units": {
            "overall": 0.29544568061828613,
            "0_orderby": 0.0031075477600097656,
            "1_zip": 0.003336668014526367,
            "2_aggregate_override": 0.005864858627319336,
            "3_chunk": 0.2357032299041748,
            "4_select": 0.0041234493255615234,
            "5_unroll": 0.0056514739990234375,
            "6_rename": 0.0042917728424072266,
            "7_genid": 0.005111217498779297,
            "8_unzip": 0.005519866943359375,
            "9_copy": 0.004891633987426758,
            "10_filter": 0.015325307846069336
        },
        "create_base_extracted_entities": {
            "overall": 842.1968643665314,
            "0_entity_extract": 842.1479320526123,
            "1_snapshot": 0.009402751922607422,
            "2_merge_graphs": 0.026610612869262695,
            "3_snapshot_rows": 0.007020235061645508
        },
        "create_summarized_entities": {
            "overall": 17.59021282196045,
            "0_summarize_descriptions": 17.57508158683777,
            "1_snapshot_rows": 0.008263349533081055
        },
        "create_base_entity_graph": {
            "overall": 0.062142133712768555,
            "0_cluster_graph": 0.027753591537475586,
            "1_snapshot_rows": 0.00886392593383789,
            "2_snapshot_rows": 0.009047746658325195,
            "3_select": 0.008758783340454102
        },
        "create_final_entities": {
            "overall": 9.835274696350098,
            "0_unpack_graph": 0.014261960983276367,
            "1_rename": 0.009572744369506836,
            "2_select": 0.009882926940917969,
            "3_dedupe": 0.010064840316772461,
            "4_rename": 0.010193824768066406,
            "5_filter": 0.02414107322692871,
            "6_text_split": 0.012372255325317383,
            "7_drop": 0.010670900344848633,
            "8_merge": 0.02998805046081543,
            "9_text_embed": 9.653275489807129,
            "10_drop": 0.012482166290283203,
            "11_filter": 0.028945446014404297
        },
        "create_final_nodes": {
            "overall": 0.2563908100128174,
            "0_layout_graph": 0.031759023666381836,
            "1_unpack_graph": 0.0181882381439209,
            "2_unpack_graph": 0.01824665069580078,
            "3_filter": 0.030434131622314453,
            "4_drop": 0.017246246337890625,
            "5_select": 0.014539241790771484,
            "6_snapshot": 0.015331506729125977,
            "7_rename": 0.014644622802734375,
            "8_join": 0.020324230194091797,
            "9_convert": 0.04749655723571777,
            "10_rename": 0.015390872955322266
        },
        "create_final_communities": {
            "overall": 0.3712000846862793,
            "0_unpack_graph": 0.02186417579650879,
            "1_unpack_graph": 0.021204471588134766,
            "2_aggregate_override": 0.018687725067138672,
            "3_join": 0.02732110023498535,
            "4_join": 0.03206944465637207,
            "5_concat": 0.017673015594482422,
            "6_filter": 0.04196023941040039,
            "7_aggregate_override": 0.02811408042907715,
            "8_join": 0.022980690002441406,
            "9_filter": 0.040396690368652344,
            "10_fill": 0.01916980743408203,
            "11_merge": 0.020709514617919922,
            "12_copy": 0.023232221603393555,
            "13_select": 0.01978898048400879
        },
        "join_text_units_to_entity_ids": {
            "overall": 0.0974586009979248,
            "0_select": 0.02044820785522461,
            "1_unroll": 0.032991647720336914,
            "2_aggregate_override": 0.0240175724029541
        },
        "create_final_relationships": {
            "overall": 0.3017423152923584,
            "0_unpack_graph": 0.046941280364990234,
            "1_filter": 0.04657268524169922,
            "2_rename": 0.021696805953979492,
            "3_filter": 0.04739212989807129,
            "4_drop": 0.02261638641357422,
            "5_compute_edge_combined_degree": 0.026517629623413086,
            "6_convert": 0.04577231407165527,
            "7_convert": 0.02279067039489746
        },
        "join_text_units_to_relationship_ids": {
            "overall": 0.1265578269958496,
            "0_select": 0.024689674377441406,
            "1_unroll": 0.026557445526123047,
            "2_aggregate_override": 0.026859760284423828,
            "3_select": 0.024287939071655273
        },
        "create_final_community_reports": {
            "overall": 133.98853754997253,
            "0_prepare_community_reports_nodes": 0.02681565284729004,
            "1_prepare_community_reports_edges": 0.026421070098876953,
            "2_restore_community_hierarchy": 0.03946638107299805,
            "3_prepare_community_reports": 0.07204341888427734,
            "4_create_community_reports": 133.77063584327698,
            "5_window": 0.028120040893554688
        },
        "create_final_text_units": {
            "overall": 0.2109382152557373,
            "0_select": 0.02963733673095703,
            "1_rename": 0.027730941772460938,
            "2_join": 0.0327608585357666,
            "3_join": 0.03335142135620117,
            "4_aggregate_override": 0.030365467071533203,
            "5_select": 0.029945850372314453
        },
        "create_base_documents": {
            "overall": 0.3469419479370117,
            "0_unroll": 0.03203558921813965,
            "1_select": 0.02963542938232422,
            "2_rename": 0.0295412540435791,
            "3_join": 0.034786224365234375,
            "4_aggregate_override": 0.03188824653625488,
            "5_join": 0.03580617904663086,
            "6_rename": 0.030472517013549805,
            "7_convert": 0.09363985061645508
        },
        "create_final_documents": {
            "overall": 0.06325888633728027,
            "0_rename": 0.03185606002807617
        }
    }
}