{
    "total_runtime": 2223.406933069229,
    "num_documents": 20,
    "input_load_time": 0,
    "workflows": {
        "create_base_text_units": {
            "overall": 0.28413963317871094,
            "0_orderby": 0.0030617713928222656,
            "1_zip": 0.003493070602416992,
            "2_aggregate_override": 0.006076335906982422,
            "3_chunk": 0.2238905429840088,
            "4_select": 0.004302978515625,
            "5_unroll": 0.00546717643737793,
            "6_rename": 0.004391908645629883,
            "7_genid": 0.005190372467041016,
            "8_unzip": 0.0054302215576171875,
            "9_copy": 0.004987955093383789,
            "10_filter": 0.01526331901550293
        },
        "create_base_extracted_entities": {
            "overall": 726.1312968730927,
            "0_entity_extract": 726.0780136585236,
            "1_snapshot": 0.010354995727539062,
            "2_merge_graphs": 0.029422760009765625,
            "3_snapshot_rows": 0.007469654083251953
        },
        "create_summarized_entities": {
            "overall": 93.51046991348267,
            "0_summarize_descriptions": 93.4952232837677,
            "1_snapshot_rows": 0.008334159851074219
        },
        "create_base_entity_graph": {
            "overall": 0.06666088104248047,
            "0_cluster_graph": 0.031607866287231445,
            "1_snapshot_rows": 0.009186983108520508,
            "2_snapshot_rows": 0.009172916412353516,
            "3_select": 0.009009361267089844
        },
        "create_final_entities": {
            "overall": 13.040056705474854,
            "0_unpack_graph": 0.01539468765258789,
            "1_rename": 0.009718894958496094,
            "2_select": 0.010209798812866211,
            "3_dedupe": 0.010539054870605469,
            "4_rename": 0.0102081298828125,
            "5_filter": 0.02503681182861328,
            "6_text_split": 0.012767314910888672,
            "7_drop": 0.011160850524902344,
            "8_merge": 0.03570890426635742,
            "9_text_embed": 12.848150491714478,
            "10_drop": 0.01249837875366211,
            "11_filter": 0.029349088668823242
        },
        "create_final_nodes": {
            "overall": 0.28029298782348633,
            "0_layout_graph": 0.03909564018249512,
            "1_unpack_graph": 0.019355297088623047,
            "2_unpack_graph": 0.019814729690551758,
            "3_filter": 0.031131505966186523,
            "4_drop": 0.014088153839111328,
            "5_select": 0.014553308486938477,
            "6_snapshot": 0.014894962310791016,
            "7_rename": 0.014917612075805664,
            "8_join": 0.021407365798950195,
            "9_convert": 0.06282424926757812,
            "10_rename": 0.01519775390625
        },
        "create_final_communities": {
            "overall": 0.34998273849487305,
            "0_unpack_graph": 0.022380352020263672,
            "1_unpack_graph": 0.02171015739440918,
            "2_aggregate_override": 0.0192410945892334,
            "3_join": 0.023398876190185547,
            "4_join": 0.022928953170776367,
            "5_concat": 0.017738819122314453,
            "6_filter": 0.0406646728515625,
            "7_aggregate_override": 0.020970582962036133,
            "8_join": 0.02390742301940918,
            "9_filter": 0.041517019271850586,
            "10_fill": 0.019103050231933594,
            "11_merge": 0.020771026611328125,
            "12_copy": 0.019438982009887695,
            "13_select": 0.0198211669921875
        },
        "join_text_units_to_entity_ids": {
            "overall": 0.10957765579223633,
            "0_select": 0.021057844161987305,
            "1_unroll": 0.022952556610107422,
            "2_aggregate_override": 0.04526233673095703
        },
        "create_final_relationships": {
            "overall": 0.28496336936950684,
            "0_unpack_graph": 0.027724027633666992,
            "1_filter": 0.04668092727661133,
            "2_rename": 0.022597551345825195,
            "3_filter": 0.048168182373046875,
            "4_drop": 0.02224588394165039,
            "5_compute_edge_combined_degree": 0.026597023010253906,
            "6_convert": 0.04614424705505371,
            "7_convert": 0.02318096160888672
        },
        "join_text_units_to_relationship_ids": {
            "overall": 0.12719106674194336,
            "0_select": 0.025208473205566406,
            "1_unroll": 0.025687694549560547,
            "2_aggregate_override": 0.027120590209960938,
            "3_select": 0.025086641311645508
        },
        "create_final_community_reports": {
            "overall": 1384.7517149448395,
            "0_prepare_community_reports_nodes": 0.027629852294921875,
            "1_prepare_community_reports_edges": 0.02739405632019043,
            "2_restore_community_hierarchy": 0.029333829879760742,
            "3_prepare_community_reports": 0.05771517753601074,
            "4_create_community_reports": 1384.5566368103027,
            "5_window": 0.027605056762695312
        },
        "create_final_text_units": {
            "overall": 0.2103264331817627,
            "0_select": 0.027503490447998047,
            "1_rename": 0.027804851531982422,
            "2_join": 0.0334317684173584,
            "3_join": 0.03374052047729492,
            "4_aggregate_override": 0.031081438064575195,
            "5_select": 0.02912306785583496
        },
        "create_base_documents": {
            "overall": 0.37921810150146484,
            "0_unroll": 0.030988454818725586,
            "1_select": 0.029296875,
            "2_rename": 0.030148744583129883,
            "3_join": 0.0650029182434082,
            "4_aggregate_override": 0.032224416732788086,
            "5_join": 0.03648185729980469,
            "6_rename": 0.03075098991394043,
            "7_convert": 0.09515571594238281
        },
        "create_final_documents": {
            "overall": 0.06426644325256348,
            "0_rename": 0.03198051452636719
        }
    }
}