{
    "total_runtime": 1820.528429031372,
    "num_documents": 20,
    "input_load_time": 0,
    "workflows": {
        "create_base_text_units": {
            "overall": 0.34868526458740234,
            "0_orderby": 0.0064105987548828125,
            "1_zip": 0.0076122283935546875,
            "2_aggregate_override": 0.012834548950195312,
            "3_chunk": 0.26843690872192383,
            "4_select": 0.0043604373931884766,
            "5_unroll": 0.005801200866699219,
            "6_rename": 0.004586696624755859,
            "7_genid": 0.0052661895751953125,
            "8_unzip": 0.005761861801147461,
            "9_copy": 0.0051136016845703125,
            "10_filter": 0.017040729522705078
        },
        "create_base_extracted_entities": {
            "overall": 892.4971044063568,
            "0_entity_extract": 892.4444313049316,
            "1_snapshot": 0.010517358779907227,
            "2_merge_graphs": 0.027766942977905273,
            "3_snapshot_rows": 0.008045673370361328
        },
        "create_summarized_entities": {
            "overall": 160.77913641929626,
            "0_summarize_descriptions": 160.76237440109253,
            "1_snapshot_rows": 0.009335517883300781
        },
        "create_base_entity_graph": {
            "overall": 0.08745217323303223,
            "0_cluster_graph": 0.045491933822631836,
            "1_snapshot_rows": 0.011609554290771484,
            "2_snapshot_rows": 0.011891365051269531,
            "3_select": 0.010053157806396484
        },
        "create_final_entities": {
            "overall": 89.58025193214417,
            "0_unpack_graph": 0.01936936378479004,
            "1_rename": 0.010488271713256836,
            "2_select": 0.010866641998291016,
            "3_dedupe": 0.011291980743408203,
            "4_rename": 0.011143207550048828,
            "5_filter": 0.026415109634399414,
            "6_text_split": 0.013339996337890625,
            "7_drop": 0.011472463607788086,
            "8_merge": 0.030384540557861328,
            "9_text_embed": 89.38081908226013,
            "10_drop": 0.013083934783935547,
            "11_filter": 0.031592607498168945
        },
        "create_final_nodes": {
            "overall": 0.3109135627746582,
            "0_layout_graph": 0.06434798240661621,
            "1_unpack_graph": 0.024071455001831055,
            "2_unpack_graph": 0.024158239364624023,
            "3_filter": 0.03334188461303711,
            "4_drop": 0.014904022216796875,
            "5_select": 0.01507425308227539,
            "6_snapshot": 0.015838623046875,
            "7_rename": 0.015529155731201172,
            "8_join": 0.02318859100341797,
            "9_convert": 0.05016946792602539,
            "10_rename": 0.016407012939453125
        },
        "create_final_communities": {
            "overall": 0.4051241874694824,
            "0_unpack_graph": 0.027666807174682617,
            "1_unpack_graph": 0.026877880096435547,
            "2_aggregate_override": 0.021027326583862305,
            "3_join": 0.02737903594970703,
            "4_join": 0.025334596633911133,
            "5_concat": 0.01918816566467285,
            "6_filter": 0.05333662033081055,
            "7_aggregate_override": 0.022939205169677734,
            "8_join": 0.02509474754333496,
            "9_filter": 0.04658222198486328,
            "10_fill": 0.021698951721191406,
            "11_merge": 0.02670454978942871,
            "12_copy": 0.022159814834594727,
            "13_select": 0.021810293197631836
        },
        "join_text_units_to_entity_ids": {
            "overall": 0.09290432929992676,
            "0_select": 0.022343158721923828,
            "1_unroll": 0.023252010345458984,
            "2_aggregate_override": 0.02532672882080078
        },
        "create_final_relationships": {
            "overall": 0.3242521286010742,
            "0_unpack_graph": 0.03422808647155762,
            "1_filter": 0.05213642120361328,
            "2_rename": 0.024641990661621094,
            "3_filter": 0.05958962440490723,
            "4_drop": 0.025617122650146484,
            "5_compute_edge_combined_degree": 0.028902769088745117,
            "6_convert": 0.05022692680358887,
            "7_convert": 0.024769306182861328
        },
        "join_text_units_to_relationship_ids": {
            "overall": 0.13884305953979492,
            "0_select": 0.026543140411376953,
            "1_unroll": 0.028838157653808594,
            "2_aggregate_override": 0.03027200698852539,
            "3_select": 0.02755570411682129
        },
        "create_final_community_reports": {
            "overall": 670.5225403308868,
            "0_prepare_community_reports_nodes": 0.03018951416015625,
            "1_prepare_community_reports_edges": 0.04373335838317871,
            "2_restore_community_hierarchy": 0.03165388107299805,
            "3_prepare_community_reports": 0.0856013298034668,
            "4_create_community_reports": 670.2417154312134,
            "5_window": 0.06267857551574707
        },
        "create_final_text_units": {
            "overall": 0.25875353813171387,
            "0_select": 0.03015446662902832,
            "1_rename": 0.03552746772766113,
            "2_join": 0.061029911041259766,
            "3_join": 0.037178993225097656,
            "4_aggregate_override": 0.03502058982849121,
            "5_select": 0.031154870986938477
        },
        "create_base_documents": {
            "overall": 0.4071481227874756,
            "0_unroll": 0.03325057029724121,
            "1_select": 0.03149533271789551,
            "2_rename": 0.03202366828918457,
            "3_join": 0.03766369819641113,
            "4_aggregate_override": 0.034515380859375,
            "5_join": 0.03899192810058594,
            "6_rename": 0.03275489807128906,
            "7_convert": 0.13527846336364746
        },
        "create_final_documents": {
            "overall": 0.0711512565612793,
            "0_rename": 0.035077571868896484
        }
    }
}