{
    "total_runtime": 660.2862720489502,
    "num_documents": 20,
    "input_load_time": 0,
    "workflows": {
        "create_base_text_units": {
            "overall": 0.31520557403564453,
            "0_orderby": 0.0036163330078125,
            "1_zip": 0.004534721374511719,
            "2_aggregate_override": 0.007123470306396484,
            "3_chunk": 0.24967551231384277,
            "4_select": 0.004250288009643555,
            "5_unroll": 0.005857944488525391,
            "6_rename": 0.0046520233154296875,
            "7_genid": 0.005395412445068359,
            "8_unzip": 0.005751609802246094,
            "9_copy": 0.005227565765380859,
            "10_filter": 0.01607513427734375
        },
        "create_base_extracted_entities": {
            "overall": 485.7110936641693,
            "0_entity_extract": 485.6535949707031,
            "1_snapshot": 0.011922836303710938,
            "2_merge_graphs": 0.030115127563476562,
            "3_snapshot_rows": 0.00924229621887207
        },
        "create_summarized_entities": {
            "overall": 38.53364586830139,
            "0_summarize_descriptions": 38.51307916641235,
            "1_snapshot_rows": 0.011493682861328125
        },
        "create_base_entity_graph": {
            "overall": 0.06510663032531738,
            "0_cluster_graph": 0.02842402458190918,
            "1_snapshot_rows": 0.00980997085571289,
            "2_snapshot_rows": 0.00952601432800293,
            "3_select": 0.009308338165283203
        },
        "create_final_entities": {
            "overall": 10.644079446792603,
            "0_unpack_graph": 0.014280080795288086,
            "1_rename": 0.009669780731201172,
            "2_select": 0.010169506072998047,
            "3_dedupe": 0.010528802871704102,
            "4_rename": 0.010456085205078125,
            "5_filter": 0.025423765182495117,
            "6_text_split": 0.012697219848632812,
            "7_drop": 0.011194705963134766,
            "8_merge": 0.031629323959350586,
            "9_text_embed": 10.457086563110352,
            "10_drop": 0.012341022491455078,
            "11_filter": 0.02920055389404297
        },
        "create_final_nodes": {
            "overall": 0.27527594566345215,
            "0_layout_graph": 0.030797481536865234,
            "1_unpack_graph": 0.01831197738647461,
            "2_unpack_graph": 0.01799774169921875,
            "3_drop": 0.01404714584350586,
            "4_filter": 0.03252768516540527,
            "5_select": 0.015255212783813477,
            "6_snapshot": 0.01582479476928711,
            "7_rename": 0.021425724029541016,
            "8_convert": 0.05731558799743652,
            "9_join": 0.022223711013793945,
            "10_rename": 0.016289234161376953
        },
        "create_final_communities": {
            "overall": 0.35977697372436523,
            "0_unpack_graph": 0.021526813507080078,
            "1_unpack_graph": 0.020841121673583984,
            "2_aggregate_override": 0.01963949203491211,
            "3_join": 0.023778200149536133,
            "4_join": 0.024110078811645508,
            "5_concat": 0.018015384674072266,
            "6_filter": 0.04236030578613281,
            "7_aggregate_override": 0.022227048873901367,
            "8_join": 0.025195598602294922,
            "9_filter": 0.04384899139404297,
            "10_fill": 0.01981067657470703,
            "11_merge": 0.02158498764038086,
            "12_copy": 0.019845962524414062,
            "13_select": 0.020431041717529297
        },
        "join_text_units_to_entity_ids": {
            "overall": 0.08807730674743652,
            "0_select": 0.021062135696411133,
            "1_unroll": 0.022576332092285156,
            "2_aggregate_override": 0.024096012115478516
        },
        "create_final_relationships": {
            "overall": 0.29883503913879395,
            "0_unpack_graph": 0.02849578857421875,
            "1_filter": 0.05029416084289551,
            "2_rename": 0.024158477783203125,
            "3_filter": 0.05067706108093262,
            "4_drop": 0.023346424102783203,
            "5_compute_edge_combined_degree": 0.02782917022705078,
            "6_convert": 0.047675371170043945,
            "7_convert": 0.023743867874145508
        },
        "join_text_units_to_relationship_ids": {
            "overall": 0.12715959548950195,
            "0_select": 0.024745702743530273,
            "1_unroll": 0.026180744171142578,
            "2_aggregate_override": 0.027298927307128906,
            "3_select": 0.024974584579467773
        },
        "create_final_community_reports": {
            "overall": 118.78578519821167,
            "0_prepare_community_reports_nodes": 0.028620243072509766,
            "1_prepare_community_reports_edges": 0.028217315673828125,
            "2_restore_community_hierarchy": 0.030722379684448242,
            "3_prepare_community_reports": 0.054174184799194336,
            "4_create_community_reports": 118.58896780014038,
            "5_window": 0.02906012535095215
        },
        "create_final_text_units": {
            "overall": 0.22192025184631348,
            "0_select": 0.029447317123413086,
            "1_rename": 0.030498504638671875,
            "2_join": 0.035623788833618164,
            "3_join": 0.035166025161743164,
            "4_aggregate_override": 0.03283834457397461,
            "5_select": 0.030089855194091797
        },
        "create_base_documents": {
            "overall": 0.4115636348724365,
            "0_unroll": 0.0346829891204834,
            "1_select": 0.0321047306060791,
            "2_rename": 0.03246593475341797,
            "3_join": 0.03747248649597168,
            "4_aggregate_override": 0.03508186340332031,
            "5_join": 0.03879404067993164,
            "6_rename": 0.03325152397155762,
            "7_convert": 0.1361851692199707
        },
        "create_final_documents": {
            "overall": 0.07708215713500977,
            "0_rename": 0.03958249092102051
        }
    }
}