{
    "total_runtime": 2175.5847532749176,
    "num_documents": 20,
    "input_load_time": 0,
    "workflows": {
        "create_base_text_units": {
            "overall": 0.31177663803100586,
            "0_orderby": 0.0031561851501464844,
            "1_zip": 0.00357818603515625,
            "2_aggregate_override": 0.006208181381225586,
            "3_chunk": 0.24929404258728027,
            "4_select": 0.004205226898193359,
            "5_unroll": 0.005501270294189453,
            "6_rename": 0.004514455795288086,
            "7_genid": 0.0054225921630859375,
            "8_unzip": 0.0060155391693115234,
            "9_copy": 0.005436420440673828,
            "10_filter": 0.01573657989501953
        },
        "create_base_extracted_entities": {
            "overall": 1867.6013505458832,
            "0_entity_extract": 1867.54061460495,
            "1_snapshot": 0.013646602630615234,
            "2_merge_graphs": 0.03322029113769531,
            "3_snapshot_rows": 0.007695913314819336
        },
        "create_summarized_entities": {
            "overall": 118.19877552986145,
            "0_summarize_descriptions": 118.18227005004883,
            "1_snapshot_rows": 0.00916433334350586
        },
        "create_base_entity_graph": {
            "overall": 0.07131338119506836,
            "0_cluster_graph": 0.031058073043823242,
            "1_snapshot_rows": 0.01015925407409668,
            "2_snapshot_rows": 0.011176347732543945,
            "3_select": 0.010353565216064453
        },
        "create_final_entities": {
            "overall": 11.49244236946106,
            "0_unpack_graph": 0.015674829483032227,
            "1_rename": 0.010531187057495117,
            "2_select": 0.010955810546875,
            "3_dedupe": 0.010987997055053711,
            "4_rename": 0.010762453079223633,
            "5_filter": 0.027080774307250977,
            "6_text_split": 0.013776063919067383,
            "7_drop": 0.011996984481811523,
            "8_merge": 0.03338027000427246,
            "9_text_embed": 11.293953895568848,
            "10_drop": 0.012750625610351562,
            "11_filter": 0.03072977066040039
        },
        "create_final_nodes": {
            "overall": 0.2677798271179199,
            "0_layout_graph": 0.03323531150817871,
            "1_unpack_graph": 0.019400596618652344,
            "2_unpack_graph": 0.020045042037963867,
            "3_drop": 0.014440059661865234,
            "4_filter": 0.03273200988769531,
            "5_select": 0.015329122543334961,
            "6_snapshot": 0.01539921760559082,
            "7_rename": 0.01506948471069336,
            "8_join": 0.022009611129760742,
            "9_convert": 0.049685001373291016,
            "10_rename": 0.01628899574279785
        },
        "create_final_communities": {
            "overall": 0.36394166946411133,
            "0_unpack_graph": 0.02305316925048828,
            "1_unpack_graph": 0.022908926010131836,
            "2_aggregate_override": 0.020610570907592773,
            "3_join": 0.02514171600341797,
            "4_join": 0.025065183639526367,
            "5_concat": 0.018628835678100586,
            "6_filter": 0.04245901107788086,
            "7_aggregate_override": 0.02148604393005371,
            "8_join": 0.024751901626586914,
            "9_filter": 0.04290628433227539,
            "10_fill": 0.019110918045043945,
            "11_merge": 0.020966291427612305,
            "12_copy": 0.019994735717773438,
            "13_select": 0.020412921905517578
        },
        "join_text_units_to_entity_ids": {
            "overall": 0.09076237678527832,
            "0_select": 0.02200174331665039,
            "1_unroll": 0.023417234420776367,
            "2_aggregate_override": 0.024153947830200195
        },
        "create_final_relationships": {
            "overall": 0.2931654453277588,
            "0_unpack_graph": 0.027619600296020508,
            "1_filter": 0.04852700233459473,
            "2_rename": 0.022364377975463867,
            "3_filter": 0.04908633232116699,
            "4_drop": 0.02380204200744629,
            "5_compute_edge_combined_degree": 0.028271913528442383,
            "6_convert": 0.04750227928161621,
            "7_convert": 0.024294137954711914
        },
        "join_text_units_to_relationship_ids": {
            "overall": 0.13413095474243164,
            "0_select": 0.02524399757385254,
            "1_unroll": 0.027364730834960938,
            "2_aggregate_override": 0.028347492218017578,
            "3_select": 0.028455495834350586
        },
        "create_final_community_reports": {
            "overall": 171.72887587547302,
            "0_prepare_community_reports_nodes": 0.028107404708862305,
            "1_prepare_community_reports_edges": 0.02830815315246582,
            "2_restore_community_hierarchy": 0.02977275848388672,
            "3_prepare_community_reports": 0.050079345703125,
            "4_create_community_reports": 171.5330159664154,
            "5_window": 0.03405451774597168
        },
        "create_final_text_units": {
            "overall": 0.21777057647705078,
            "0_select": 0.02876138687133789,
            "1_rename": 0.028777360916137695,
            "2_join": 0.03665757179260254,
            "3_join": 0.03486227989196777,
            "4_aggregate_override": 0.03127455711364746,
            "5_select": 0.029670000076293945
        },
        "create_base_documents": {
            "overall": 0.35973429679870605,
            "0_unroll": 0.03172874450683594,
            "1_select": 0.030528545379638672,
            "2_rename": 0.031238794326782227,
            "3_join": 0.036789655685424805,
            "4_aggregate_override": 0.0332186222076416,
            "5_join": 0.03815150260925293,
            "6_rename": 0.03169441223144531,
            "7_convert": 0.0965414047241211
        },
        "create_final_documents": {
            "overall": 0.06474614143371582,
            "0_rename": 0.03248023986816406
        }
    }
}