{
    "total_runtime": 1874.2143461704254,
    "num_documents": 20,
    "input_load_time": 0,
    "workflows": {
        "create_base_text_units": {
            "overall": 0.3016347885131836,
            "0_orderby": 0.003350496292114258,
            "1_zip": 0.0036716461181640625,
            "2_aggregate_override": 0.006336688995361328,
            "3_chunk": 0.23843073844909668,
            "4_select": 0.0045354366302490234,
            "5_unroll": 0.0056569576263427734,
            "6_rename": 0.004541158676147461,
            "7_genid": 0.005346775054931641,
            "8_unzip": 0.005808591842651367,
            "9_copy": 0.005127668380737305,
            "10_filter": 0.016052722930908203
        },
        "create_base_extracted_entities": {
            "overall": 1660.877758026123,
            "0_entity_extract": 1660.8237965106964,
            "1_snapshot": 0.011058807373046875,
            "2_merge_graphs": 0.028968334197998047,
            "3_snapshot_rows": 0.007710933685302734
        },
        "create_summarized_entities": {
            "overall": 65.4397828578949,
            "0_summarize_descriptions": 65.42370128631592,
            "1_snapshot_rows": 0.008869409561157227
        },
        "create_base_entity_graph": {
            "overall": 0.06797289848327637,
            "0_cluster_graph": 0.031418561935424805,
            "1_snapshot_rows": 0.009794473648071289,
            "2_snapshot_rows": 0.009222745895385742,
            "3_select": 0.00947117805480957
        },
        "create_final_entities": {
            "overall": 35.24086856842041,
            "0_unpack_graph": 0.01554560661315918,
            "1_rename": 0.009865760803222656,
            "2_select": 0.01034688949584961,
            "3_dedupe": 0.010831594467163086,
            "4_rename": 0.01062917709350586,
            "5_filter": 0.025727510452270508,
            "6_text_split": 0.013095855712890625,
            "7_drop": 0.011445760726928711,
            "8_merge": 0.050099849700927734,
            "9_text_embed": 35.031612157821655,
            "10_drop": 0.012552738189697266,
            "11_filter": 0.029516220092773438
        },
        "create_final_nodes": {
            "overall": 0.2778763771057129,
            "0_layout_graph": 0.034536123275756836,
            "1_unpack_graph": 0.019182920455932617,
            "2_unpack_graph": 0.024671554565429688,
            "3_drop": 0.021752357482910156,
            "4_filter": 0.031917572021484375,
            "5_select": 0.014734029769897461,
            "6_snapshot": 0.015406370162963867,
            "7_rename": 0.015010356903076172,
            "8_join": 0.021946430206298828,
            "9_convert": 0.04956960678100586,
            "10_rename": 0.016046762466430664
        },
        "create_final_communities": {
            "overall": 0.3703429698944092,
            "0_unpack_graph": 0.023494243621826172,
            "1_unpack_graph": 0.02211451530456543,
            "2_aggregate_override": 0.020142793655395508,
            "3_join": 0.025615930557250977,
            "4_join": 0.023943185806274414,
            "5_concat": 0.01893782615661621,
            "6_filter": 0.04239034652709961,
            "7_aggregate_override": 0.021889209747314453,
            "8_join": 0.02515435218811035,
            "9_filter": 0.045041799545288086,
            "10_fill": 0.021880626678466797,
            "11_merge": 0.02173018455505371,
            "12_copy": 0.020189762115478516,
            "13_select": 0.020769834518432617
        },
        "join_text_units_to_entity_ids": {
            "overall": 0.09312796592712402,
            "0_select": 0.023284196853637695,
            "1_unroll": 0.023238420486450195,
            "2_aggregate_override": 0.024279117584228516
        },
        "create_final_relationships": {
            "overall": 0.3068234920501709,
            "0_unpack_graph": 0.030808448791503906,
            "1_filter": 0.050785064697265625,
            "2_rename": 0.024409055709838867,
            "3_filter": 0.0502171516418457,
            "4_drop": 0.02359628677368164,
            "5_compute_edge_combined_degree": 0.029485702514648438,
            "6_convert": 0.05110764503479004,
            "7_convert": 0.02405858039855957
        },
        "join_text_units_to_relationship_ids": {
            "overall": 0.1575021743774414,
            "0_select": 0.04912996292114258,
            "1_unroll": 0.026816129684448242,
            "2_aggregate_override": 0.028647422790527344,
            "3_select": 0.027225017547607422
        },
        "create_final_community_reports": {
            "overall": 106.30769610404968,
            "0_prepare_community_reports_nodes": 0.02813124656677246,
            "1_prepare_community_reports_edges": 0.028298616409301758,
            "2_restore_community_hierarchy": 0.029688119888305664,
            "3_prepare_community_reports": 0.04979586601257324,
            "4_create_community_reports": 106.11694931983948,
            "5_window": 0.028871536254882812
        },
        "create_final_text_units": {
            "overall": 0.22052764892578125,
            "0_select": 0.029225587844848633,
            "1_rename": 0.029002666473388672,
            "2_join": 0.03606700897216797,
            "3_join": 0.03573870658874512,
            "4_aggregate_override": 0.0324249267578125,
            "5_select": 0.030028581619262695
        },
        "create_base_documents": {
            "overall": 0.36685800552368164,
            "0_unroll": 0.03225827217102051,
            "1_select": 0.030778169631958008,
            "2_rename": 0.03201031684875488,
            "3_join": 0.03810906410217285,
            "4_aggregate_override": 0.03414726257324219,
            "5_join": 0.03783416748046875,
            "6_rename": 0.03251171112060547,
            "7_convert": 0.09914350509643555
        },
        "create_final_documents": {
            "overall": 0.06632375717163086,
            "0_rename": 0.03351092338562012
        }
    }
}