{
    "total_runtime": 1824.0945229530334,
    "num_documents": 20,
    "input_load_time": 0,
    "workflows": {
        "create_base_text_units": {
            "overall": 0.28611278533935547,
            "0_orderby": 0.0031452178955078125,
            "1_zip": 0.0034825801849365234,
            "2_aggregate_override": 0.006089210510253906,
            "3_chunk": 0.22467565536499023,
            "4_select": 0.004375934600830078,
            "5_unroll": 0.0056993961334228516,
            "6_rename": 0.0044553279876708984,
            "7_genid": 0.005150318145751953,
            "8_unzip": 0.005593538284301758,
            "9_copy": 0.005216360092163086,
            "10_filter": 0.01563405990600586
        },
        "create_base_extracted_entities": {
            "overall": 1669.7928721904755,
            "0_entity_extract": 1669.740071296692,
            "1_snapshot": 0.009816646575927734,
            "2_merge_graphs": 0.028954029083251953,
            "3_snapshot_rows": 0.007354259490966797
        },
        "create_summarized_entities": {
            "overall": 20.797890663146973,
            "0_summarize_descriptions": 20.782704830169678,
            "1_snapshot_rows": 0.008127450942993164
        },
        "create_base_entity_graph": {
            "overall": 0.06911325454711914,
            "0_cluster_graph": 0.0337371826171875,
            "1_snapshot_rows": 0.009093046188354492,
            "2_snapshot_rows": 0.009289741516113281,
            "3_select": 0.00910496711730957
        },
        "create_final_entities": {
            "overall": 12.95797324180603,
            "0_unpack_graph": 0.01788783073425293,
            "1_rename": 0.01728034019470215,
            "2_select": 0.014918327331542969,
            "3_dedupe": 0.010471105575561523,
            "4_rename": 0.010405778884887695,
            "5_filter": 0.025076866149902344,
            "6_text_split": 0.017426013946533203,
            "7_drop": 0.012969970703125,
            "8_merge": 0.03664660453796387,
            "9_text_embed": 12.743710994720459,
            "10_drop": 0.012452840805053711,
            "11_filter": 0.029326915740966797
        },
        "create_final_nodes": {
            "overall": 0.2817549705505371,
            "0_layout_graph": 0.0342097282409668,
            "1_unpack_graph": 0.019081830978393555,
            "2_unpack_graph": 0.019022226333618164,
            "3_filter": 0.031363725662231445,
            "4_drop": 0.014147520065307617,
            "5_select": 0.01880335807800293,
            "6_snapshot": 0.03039836883544922,
            "7_rename": 0.01573967933654785,
            "8_convert": 0.04774785041809082,
            "9_join": 0.021793127059936523,
            "10_rename": 0.016242265701293945
        },
        "create_final_communities": {
            "overall": 0.3608701229095459,
            "0_unpack_graph": 0.0224301815032959,
            "1_unpack_graph": 0.021811485290527344,
            "2_aggregate_override": 0.019636869430541992,
            "3_join": 0.024084806442260742,
            "4_join": 0.023900270462036133,
            "5_concat": 0.018525362014770508,
            "6_filter": 0.04235267639160156,
            "7_aggregate_override": 0.021252870559692383,
            "8_join": 0.024528980255126953,
            "9_filter": 0.04325985908508301,
            "10_fill": 0.019179344177246094,
            "11_merge": 0.02132701873779297,
            "12_copy": 0.020340681076049805,
            "13_select": 0.0209500789642334
        },
        "join_text_units_to_entity_ids": {
            "overall": 0.08894133567810059,
            "0_select": 0.020861387252807617,
            "1_unroll": 0.02243781089782715,
            "2_aggregate_override": 0.023952484130859375
        },
        "create_final_relationships": {
            "overall": 0.2891845703125,
            "0_unpack_graph": 0.027599573135375977,
            "1_filter": 0.047563791275024414,
            "2_rename": 0.022302627563476562,
            "3_filter": 0.04885149002075195,
            "4_drop": 0.022785663604736328,
            "5_compute_edge_combined_degree": 0.02699732780456543,
            "6_convert": 0.04728269577026367,
            "7_convert": 0.02376389503479004
        },
        "join_text_units_to_relationship_ids": {
            "overall": 0.1558525562286377,
            "0_select": 0.025079011917114258,
            "1_unroll": 0.026968955993652344,
            "2_aggregate_override": 0.05257248878479004,
            "3_select": 0.02610468864440918
        },
        "create_final_community_reports": {
            "overall": 114.52994418144226,
            "0_prepare_community_reports_nodes": 0.02953648567199707,
            "1_prepare_community_reports_edges": 0.0282745361328125,
            "2_restore_community_hierarchy": 0.029991865158081055,
            "3_prepare_community_reports": 0.05639243125915527,
            "4_create_community_reports": 114.3303074836731,
            "5_window": 0.028103351593017578
        },
        "create_final_text_units": {
            "overall": 0.2184600830078125,
            "0_select": 0.02828693389892578,
            "1_rename": 0.028322219848632812,
            "2_join": 0.03431367874145508,
            "3_join": 0.03718304634094238,
            "4_aggregate_override": 0.03275108337402344,
            "5_select": 0.02989363670349121
        },
        "create_base_documents": {
            "overall": 0.36159515380859375,
            "0_unroll": 0.03343820571899414,
            "1_select": 0.030417680740356445,
            "2_rename": 0.03156113624572754,
            "3_join": 0.037412405014038086,
            "4_aggregate_override": 0.033210039138793945,
            "5_join": 0.0366668701171875,
            "6_rename": 0.03288412094116211,
            "7_convert": 0.09619975090026855
        },
        "create_final_documents": {
            "overall": 0.06545186042785645,
            "0_rename": 0.03250455856323242
        }
    }
}