{
    "total_runtime": 1752.7025701999664,
    "num_documents": 20,
    "input_load_time": 0,
    "workflows": {
        "create_base_text_units": {
            "overall": 0.28966426849365234,
            "0_orderby": 0.0030908584594726562,
            "1_zip": 0.003616809844970703,
            "2_aggregate_override": 0.006105184555053711,
            "3_chunk": 0.22822952270507812,
            "4_select": 0.004322528839111328,
            "5_unroll": 0.005605220794677734,
            "6_rename": 0.004492998123168945,
            "7_genid": 0.005186557769775391,
            "8_unzip": 0.005647897720336914,
            "9_copy": 0.005138874053955078,
            "10_filter": 0.015570402145385742
        },
        "create_base_extracted_entities": {
            "overall": 913.5864753723145,
            "0_entity_extract": 913.5331833362579,
            "1_snapshot": 0.010452985763549805,
            "2_merge_graphs": 0.0286257266998291,
            "3_snapshot_rows": 0.008031368255615234
        },
        "create_summarized_entities": {
            "overall": 96.22998690605164,
            "0_summarize_descriptions": 96.21454620361328,
            "1_snapshot_rows": 0.008393287658691406
        },
        "create_base_entity_graph": {
            "overall": 0.0794670581817627,
            "0_cluster_graph": 0.0425105094909668,
            "1_snapshot_rows": 0.009997367858886719,
            "2_snapshot_rows": 0.01004338264465332,
            "3_select": 0.009146928787231445
        },
        "create_final_entities": {
            "overall": 12.051852703094482,
            "0_unpack_graph": 0.019568681716918945,
            "1_rename": 0.009723663330078125,
            "2_select": 0.010251522064208984,
            "3_dedupe": 0.01068735122680664,
            "4_rename": 0.010414600372314453,
            "5_filter": 0.025143146514892578,
            "6_text_split": 0.013117074966430664,
            "7_drop": 0.011252164840698242,
            "8_merge": 0.036149024963378906,
            "9_text_embed": 11.845966100692749,
            "10_drop": 0.01970672607421875,
            "11_filter": 0.03043508529663086
        },
        "create_final_nodes": {
            "overall": 0.29856109619140625,
            "0_layout_graph": 0.053766727447509766,
            "1_unpack_graph": 0.025443553924560547,
            "2_unpack_graph": 0.02570176124572754,
            "3_filter": 0.03207564353942871,
            "4_drop": 0.014653444290161133,
            "5_select": 0.014790534973144531,
            "6_snapshot": 0.0154571533203125,
            "7_rename": 0.015131711959838867,
            "8_convert": 0.048879384994506836,
            "9_join": 0.023161649703979492,
            "10_rename": 0.01604294776916504
        },
        "create_final_communities": {
            "overall": 0.3782012462615967,
            "0_unpack_graph": 0.027437686920166016,
            "1_unpack_graph": 0.026611328125,
            "2_aggregate_override": 0.019739151000976562,
            "3_join": 0.024236679077148438,
            "4_join": 0.023820877075195312,
            "5_concat": 0.01802539825439453,
            "6_filter": 0.04970359802246094,
            "7_aggregate_override": 0.022257566452026367,
            "8_join": 0.024639129638671875,
            "9_filter": 0.042679548263549805,
            "10_fill": 0.019199609756469727,
            "11_merge": 0.022368907928466797,
            "12_copy": 0.019928455352783203,
            "13_select": 0.020265817642211914
        },
        "join_text_units_to_entity_ids": {
            "overall": 0.09049749374389648,
            "0_select": 0.0216219425201416,
            "1_unroll": 0.022759675979614258,
            "2_aggregate_override": 0.02523946762084961
        },
        "create_final_relationships": {
            "overall": 0.2955443859100342,
            "0_unpack_graph": 0.03224682807922363,
            "1_filter": 0.04852128028869629,
            "2_rename": 0.022694826126098633,
            "3_filter": 0.04854106903076172,
            "4_drop": 0.02341175079345703,
            "5_compute_edge_combined_degree": 0.02729344367980957,
            "6_convert": 0.04720425605773926,
            "7_convert": 0.023931026458740234
        },
        "join_text_units_to_relationship_ids": {
            "overall": 0.13126707077026367,
            "0_select": 0.02516794204711914,
            "1_unroll": 0.026668310165405273,
            "2_aggregate_override": 0.02871561050415039,
            "3_select": 0.025823354721069336
        },
        "create_final_community_reports": {
            "overall": 724.4135429859161,
            "0_prepare_community_reports_nodes": 0.029549360275268555,
            "1_prepare_community_reports_edges": 0.028375625610351562,
            "2_restore_community_hierarchy": 0.029955625534057617,
            "3_prepare_community_reports": 0.08884406089782715,
            "4_create_community_reports": 724.1804313659668,
            "5_window": 0.030537128448486328
        },
        "create_final_text_units": {
            "overall": 0.24628829956054688,
            "0_select": 0.02878427505493164,
            "1_rename": 0.02932572364807129,
            "2_join": 0.035068511962890625,
            "3_join": 0.03509187698364258,
            "4_aggregate_override": 0.0320436954498291,
            "5_select": 0.0577549934387207
        },
        "create_base_documents": {
            "overall": 0.3800981044769287,
            "0_unroll": 0.037955284118652344,
            "1_select": 0.034067392349243164,
            "2_rename": 0.0328214168548584,
            "3_join": 0.03670525550842285,
            "4_aggregate_override": 0.033573150634765625,
            "5_join": 0.03916788101196289,
            "6_rename": 0.03196310997009277,
            "7_convert": 0.0987539291381836
        },
        "create_final_documents": {
            "overall": 0.0769498348236084,
            "0_rename": 0.03794264793395996
        }
    }
}