{
    "total_runtime": 3833.646985769272,
    "num_documents": 20,
    "input_load_time": 0,
    "workflows": {
        "create_base_text_units": {
            "overall": 0.32221198081970215,
            "0_orderby": 0.0031075477600097656,
            "1_zip": 0.003471851348876953,
            "2_aggregate_override": 0.006108999252319336,
            "3_chunk": 0.2555084228515625,
            "4_select": 0.004487752914428711,
            "5_unroll": 0.006457328796386719,
            "6_rename": 0.005320310592651367,
            "7_genid": 0.0060079097747802734,
            "8_unzip": 0.0060312747955322266,
            "9_copy": 0.005368232727050781,
            "10_filter": 0.01760721206665039
        },
        "create_base_extracted_entities": {
            "overall": 1484.4857053756714,
            "0_entity_extract": 1484.429735660553,
            "1_snapshot": 0.011302947998046875,
            "2_merge_graphs": 0.030298471450805664,
            "3_snapshot_rows": 0.008059978485107422
        },
        "create_summarized_entities": {
            "overall": 114.6406307220459,
            "0_summarize_descriptions": 114.62074756622314,
            "1_snapshot_rows": 0.012253761291503906
        },
        "create_base_entity_graph": {
            "overall": 0.07524394989013672,
            "0_cluster_graph": 0.03480958938598633,
            "1_snapshot_rows": 0.012386322021484375,
            "2_snapshot_rows": 0.009860754013061523,
            "3_select": 0.009496927261352539
        },
        "create_final_entities": {
            "overall": 359.6892018318176,
            "0_unpack_graph": 0.0167694091796875,
            "1_rename": 0.010564565658569336,
            "2_select": 0.011608600616455078,
            "3_dedupe": 0.011604547500610352,
            "4_rename": 0.011589527130126953,
            "5_filter": 0.028235673904418945,
            "6_text_split": 0.013938665390014648,
            "7_drop": 0.01157236099243164,
            "8_merge": 0.03674936294555664,
            "9_text_embed": 359.4823422431946,
            "10_drop": 0.013419628143310547,
            "11_filter": 0.03074169158935547
        },
        "create_final_nodes": {
            "overall": 0.2896392345428467,
            "0_layout_graph": 0.03523540496826172,
            "1_unpack_graph": 0.034499406814575195,
            "2_unpack_graph": 0.02065873146057129,
            "3_filter": 0.03188467025756836,
            "4_drop": 0.01422882080078125,
            "5_select": 0.014683723449707031,
            "6_snapshot": 0.015593767166137695,
            "7_rename": 0.015665531158447266,
            "8_convert": 0.05057668685913086,
            "9_join": 0.024235963821411133,
            "10_rename": 0.018987178802490234
        },
        "create_final_communities": {
            "overall": 0.3747260570526123,
            "0_unpack_graph": 0.02257990837097168,
            "1_unpack_graph": 0.02198958396911621,
            "2_aggregate_override": 0.01984381675720215,
            "3_join": 0.025041818618774414,
            "4_join": 0.024426937103271484,
            "5_concat": 0.018338441848754883,
            "6_filter": 0.04245567321777344,
            "7_aggregate_override": 0.022519350051879883,
            "8_join": 0.02558135986328125,
            "9_filter": 0.044461965560913086,
            "10_fill": 0.020210742950439453,
            "11_merge": 0.023627758026123047,
            "12_copy": 0.023674488067626953,
            "13_select": 0.02286815643310547
        },
        "join_text_units_to_entity_ids": {
            "overall": 0.09692835807800293,
            "0_select": 0.02366781234741211,
            "1_unroll": 0.024875879287719727,
            "2_aggregate_override": 0.025040149688720703
        },
        "create_final_relationships": {
            "overall": 0.3187830448150635,
            "0_unpack_graph": 0.031998395919799805,
            "1_filter": 0.05213570594787598,
            "2_rename": 0.024678707122802734,
            "3_filter": 0.05300402641296387,
            "4_drop": 0.02545952796936035,
            "5_compute_edge_combined_degree": 0.030128002166748047,
            "6_convert": 0.04996061325073242,
            "7_convert": 0.027851581573486328
        },
        "join_text_units_to_relationship_ids": {
            "overall": 0.14439678192138672,
            "0_select": 0.027020692825317383,
            "1_unroll": 0.031581878662109375,
            "2_aggregate_override": 0.03133726119995117,
            "3_select": 0.029276371002197266
        },
        "create_final_community_reports": {
            "overall": 1867.9125068187714,
            "0_prepare_community_reports_nodes": 0.031369924545288086,
            "1_prepare_community_reports_edges": 0.029698848724365234,
            "2_restore_community_hierarchy": 0.031013965606689453,
            "3_prepare_community_reports": 0.06050682067871094,
            "4_create_community_reports": 1867.7013387680054,
            "5_window": 0.029726266860961914
        },
        "create_final_text_units": {
            "overall": 0.21697640419006348,
            "0_select": 0.02865123748779297,
            "1_rename": 0.028737306594848633,
            "2_join": 0.03499150276184082,
            "3_join": 0.034239768981933594,
            "4_aggregate_override": 0.03215956687927246,
            "5_select": 0.030019283294677734
        },
        "create_base_documents": {
            "overall": 0.36141109466552734,
            "0_unroll": 0.031984806060791016,
            "1_select": 0.030483484268188477,
            "2_rename": 0.030550003051757812,
            "3_join": 0.0365748405456543,
            "4_aggregate_override": 0.0328524112701416,
            "5_join": 0.037858009338378906,
            "6_rename": 0.03202176094055176,
            "7_convert": 0.09918498992919922
        },
        "create_final_documents": {
            "overall": 0.06727170944213867,
            "0_rename": 0.033646345138549805
        }
    }
}