{
    "total_runtime": 1349.8700709342957,
    "num_documents": 20,
    "input_load_time": 0,
    "workflows": {
        "create_base_text_units": {
            "overall": 0.2803645133972168,
            "0_orderby": 0.0031213760375976562,
            "1_zip": 0.003468036651611328,
            "2_aggregate_override": 0.005966663360595703,
            "3_chunk": 0.22030019760131836,
            "4_select": 0.004142045974731445,
            "5_unroll": 0.0054509639739990234,
            "6_rename": 0.004366397857666016,
            "7_genid": 0.005036592483520508,
            "8_unzip": 0.005527973175048828,
            "9_copy": 0.005066394805908203,
            "10_filter": 0.01523137092590332
        },
        "create_base_extracted_entities": {
            "overall": 909.541871547699,
            "0_entity_extract": 909.4908030033112,
            "1_snapshot": 0.00981760025024414,
            "2_merge_graphs": 0.02800130844116211,
            "3_snapshot_rows": 0.007225513458251953
        },
        "create_summarized_entities": {
            "overall": 96.86567163467407,
            "0_summarize_descriptions": 96.85076594352722,
            "1_snapshot_rows": 0.00801706314086914
        },
        "create_base_entity_graph": {
            "overall": 0.07725286483764648,
            "0_cluster_graph": 0.041204214096069336,
            "1_snapshot_rows": 0.009662866592407227,
            "2_snapshot_rows": 0.00956416130065918,
            "3_select": 0.009068489074707031
        },
        "create_final_entities": {
            "overall": 11.055736780166626,
            "0_unpack_graph": 0.018878698348999023,
            "1_rename": 0.00952601432800293,
            "2_select": 0.010034561157226562,
            "3_dedupe": 0.01041865348815918,
            "4_rename": 0.010769367218017578,
            "5_filter": 0.025020599365234375,
            "6_text_split": 0.01256871223449707,
            "7_drop": 0.01165151596069336,
            "8_merge": 0.0322110652923584,
            "9_text_embed": 10.86388611793518,
            "10_drop": 0.01242971420288086,
            "11_filter": 0.02922821044921875
        },
        "create_final_nodes": {
            "overall": 0.28587937355041504,
            "0_layout_graph": 0.04879045486450195,
            "1_unpack_graph": 0.023079395294189453,
            "2_unpack_graph": 0.02332448959350586,
            "3_filter": 0.030899763107299805,
            "4_drop": 0.013933897018432617,
            "5_select": 0.014402389526367188,
            "6_snapshot": 0.01597881317138672,
            "7_rename": 0.014503717422485352,
            "8_convert": 0.05078840255737305,
            "9_join": 0.021843433380126953,
            "10_rename": 0.015765905380249023
        },
        "create_final_communities": {
            "overall": 0.3736872673034668,
            "0_unpack_graph": 0.026435375213623047,
            "1_unpack_graph": 0.024976491928100586,
            "2_aggregate_override": 0.01905536651611328,
            "3_join": 0.023583650588989258,
            "4_join": 0.02329397201538086,
            "5_concat": 0.017551660537719727,
            "6_filter": 0.05330204963684082,
            "7_aggregate_override": 0.021985530853271484,
            "8_join": 0.023937225341796875,
            "9_filter": 0.04173922538757324,
            "10_fill": 0.018618106842041016,
            "11_merge": 0.022618532180786133,
            "12_copy": 0.019519805908203125,
            "13_select": 0.020267009735107422
        },
        "join_text_units_to_entity_ids": {
            "overall": 0.08963918685913086,
            "0_select": 0.02094268798828125,
            "1_unroll": 0.02247476577758789,
            "2_aggregate_override": 0.023465633392333984
        },
        "create_final_relationships": {
            "overall": 0.29032444953918457,
            "0_unpack_graph": 0.030722618103027344,
            "1_filter": 0.0461726188659668,
            "2_rename": 0.02229475975036621,
            "3_filter": 0.050431013107299805,
            "4_drop": 0.022793054580688477,
            "5_compute_edge_combined_degree": 0.026693344116210938,
            "6_convert": 0.046294212341308594,
            "7_convert": 0.023557424545288086
        },
        "join_text_units_to_relationship_ids": {
            "overall": 0.15291428565979004,
            "0_select": 0.02452373504638672,
            "1_unroll": 0.02601313591003418,
            "2_aggregate_override": 0.05359292030334473,
            "3_select": 0.024802207946777344
        },
        "create_final_community_reports": {
            "overall": 326.43821835517883,
            "0_prepare_community_reports_nodes": 0.028326034545898438,
            "1_prepare_community_reports_edges": 0.026843547821044922,
            "2_restore_community_hierarchy": 0.02950429916381836,
            "3_prepare_community_reports": 0.13041043281555176,
            "4_create_community_reports": 326.16957902908325,
            "5_window": 0.028273582458496094
        },
        "create_final_text_units": {
            "overall": 0.23892951011657715,
            "0_select": 0.027576923370361328,
            "1_rename": 0.027335643768310547,
            "2_join": 0.0356142520904541,
            "3_join": 0.033861398696899414,
            "4_aggregate_override": 0.03662681579589844,
            "5_select": 0.05077242851257324
        },
        "create_base_documents": {
            "overall": 0.34598731994628906,
            "0_unroll": 0.030766010284423828,
            "1_select": 0.029567956924438477,
            "2_rename": 0.02973318099975586,
            "3_join": 0.035093069076538086,
            "4_aggregate_override": 0.03215146064758301,
            "5_join": 0.035500288009643555,
            "6_rename": 0.030652284622192383,
            "7_convert": 0.09370589256286621
        },
        "create_final_documents": {
            "overall": 0.06295442581176758,
            "0_rename": 0.03154444694519043
        }
    }
}