{
    "total_runtime": 1665.557205915451,
    "num_documents": 20,
    "input_load_time": 0,
    "workflows": {
        "create_base_text_units": {
            "overall": 0.2848806381225586,
            "0_orderby": 0.0031239986419677734,
            "1_zip": 0.0036041736602783203,
            "2_aggregate_override": 0.006002664566040039,
            "3_chunk": 0.2237255573272705,
            "4_select": 0.004203319549560547,
            "5_unroll": 0.005709409713745117,
            "6_rename": 0.004491567611694336,
            "7_genid": 0.0051348209381103516,
            "8_unzip": 0.00567936897277832,
            "9_copy": 0.005068540573120117,
            "10_filter": 0.015531778335571289
        },
        "create_base_extracted_entities": {
            "overall": 1418.5404965877533,
            "0_entity_extract": 1418.4875228404999,
            "1_snapshot": 0.01025843620300293,
            "2_merge_graphs": 0.029151439666748047,
            "3_snapshot_rows": 0.007524251937866211
        },
        "create_summarized_entities": {
            "overall": 67.23912000656128,
            "0_summarize_descriptions": 67.22065377235413,
            "1_snapshot_rows": 0.011348247528076172
        },
        "create_base_entity_graph": {
            "overall": 0.06523990631103516,
            "0_cluster_graph": 0.028786420822143555,
            "1_snapshot_rows": 0.009527206420898438,
            "2_snapshot_rows": 0.00931096076965332,
            "3_select": 0.009425163269042969
        },
        "create_final_entities": {
            "overall": 9.890357732772827,
            "0_unpack_graph": 0.015065431594848633,
            "1_rename": 0.01037144660949707,
            "2_select": 0.010358810424804688,
            "3_dedupe": 0.010672807693481445,
            "4_rename": 0.010637998580932617,
            "5_filter": 0.026053428649902344,
            "6_text_split": 0.013279438018798828,
            "7_drop": 0.011603116989135742,
            "8_merge": 0.030153989791870117,
            "9_text_embed": 9.701122999191284,
            "10_drop": 0.012256622314453125,
            "11_filter": 0.02943253517150879
        },
        "create_final_nodes": {
            "overall": 0.2572667598724365,
            "0_layout_graph": 0.03119635581970215,
            "1_unpack_graph": 0.018324613571166992,
            "2_unpack_graph": 0.01818704605102539,
            "3_filter": 0.031116485595703125,
            "4_drop": 0.014236688613891602,
            "5_select": 0.014541149139404297,
            "6_snapshot": 0.015140533447265625,
            "7_rename": 0.015089988708496094,
            "8_join": 0.021463394165039062,
            "9_convert": 0.04930257797241211,
            "10_rename": 0.01591014862060547
        },
        "create_final_communities": {
            "overall": 0.3564116954803467,
            "0_unpack_graph": 0.021422624588012695,
            "1_unpack_graph": 0.020916461944580078,
            "2_aggregate_override": 0.019544601440429688,
            "3_join": 0.023981571197509766,
            "4_join": 0.02368950843811035,
            "5_concat": 0.017940044403076172,
            "6_filter": 0.041063547134399414,
            "7_aggregate_override": 0.021760225296020508,
            "8_join": 0.024681806564331055,
            "9_filter": 0.04262828826904297,
            "10_fill": 0.019099950790405273,
            "11_merge": 0.021376609802246094,
            "12_copy": 0.020869731903076172,
            "13_select": 0.02081465721130371
        },
        "join_text_units_to_entity_ids": {
            "overall": 0.08986878395080566,
            "0_select": 0.021075963973999023,
            "1_unroll": 0.0228121280670166,
            "2_aggregate_override": 0.025816679000854492
        },
        "create_final_relationships": {
            "overall": 0.2916247844696045,
            "0_unpack_graph": 0.027024507522583008,
            "1_filter": 0.04787564277648926,
            "2_rename": 0.022205829620361328,
            "3_filter": 0.048258304595947266,
            "4_drop": 0.023160219192504883,
            "5_compute_edge_combined_degree": 0.0278472900390625,
            "6_convert": 0.04723501205444336,
            "7_convert": 0.026038408279418945
        },
        "join_text_units_to_relationship_ids": {
            "overall": 0.15088558197021484,
            "0_select": 0.030027389526367188,
            "1_unroll": 0.04371786117553711,
            "2_aggregate_override": 0.027321815490722656,
            "3_select": 0.025424957275390625
        },
        "create_final_community_reports": {
            "overall": 163.52350568771362,
            "0_prepare_community_reports_nodes": 0.027773380279541016,
            "1_prepare_community_reports_edges": 0.027701139450073242,
            "2_restore_community_hierarchy": 0.029519081115722656,
            "3_prepare_community_reports": 0.06022357940673828,
            "4_create_community_reports": 163.32304644584656,
            "5_window": 0.02958059310913086
        },
        "create_final_text_units": {
            "overall": 0.22604060173034668,
            "0_select": 0.029689550399780273,
            "1_rename": 0.029341936111450195,
            "2_join": 0.036179542541503906,
            "3_join": 0.037821054458618164,
            "4_aggregate_override": 0.03265047073364258,
            "5_select": 0.031798362731933594
        },
        "create_base_documents": {
            "overall": 0.41547703742980957,
            "0_unroll": 0.0343782901763916,
            "1_select": 0.035294532775878906,
            "2_rename": 0.0337679386138916,
            "3_join": 0.038141489028930664,
            "4_aggregate_override": 0.03526186943054199,
            "5_join": 0.03975844383239746,
            "6_rename": 0.03310847282409668,
            "7_convert": 0.13520288467407227
        },
        "create_final_documents": {
            "overall": 0.07030606269836426,
            "0_rename": 0.03457021713256836
        }
    }
}