{
    "total_runtime": 1973.0378592014313,
    "num_documents": 20,
    "input_load_time": 0,
    "workflows": {
        "create_base_text_units": {
            "overall": 0.2847144603729248,
            "0_orderby": 0.0030908584594726562,
            "1_zip": 0.0035581588745117188,
            "2_aggregate_override": 0.0061376094818115234,
            "3_chunk": 0.22402715682983398,
            "4_select": 0.004258871078491211,
            "5_unroll": 0.005508899688720703,
            "6_rename": 0.004456281661987305,
            "7_genid": 0.005097866058349609,
            "8_unzip": 0.005506753921508789,
            "9_copy": 0.004992246627807617,
            "10_filter": 0.015505790710449219
        },
        "create_base_extracted_entities": {
            "overall": 1853.2613008022308,
            "0_entity_extract": 1853.2089500427246,
            "1_snapshot": 0.009709835052490234,
            "2_merge_graphs": 0.02868366241455078,
            "3_snapshot_rows": 0.007073402404785156
        },
        "create_summarized_entities": {
            "overall": 13.234882593154907,
            "0_summarize_descriptions": 13.219958305358887,
            "1_snapshot_rows": 0.008100271224975586
        },
        "create_base_entity_graph": {
            "overall": 0.06728506088256836,
            "0_cluster_graph": 0.03200864791870117,
            "1_snapshot_rows": 0.009087085723876953,
            "2_snapshot_rows": 0.009216070175170898,
            "3_select": 0.009143590927124023
        },
        "create_final_entities": {
            "overall": 13.079905986785889,
            "0_unpack_graph": 0.015849828720092773,
            "1_rename": 0.009640932083129883,
            "2_select": 0.010195016860961914,
            "3_dedupe": 0.010555505752563477,
            "4_rename": 0.010247468948364258,
            "5_filter": 0.02514171600341797,
            "6_text_split": 0.012996912002563477,
            "7_drop": 0.010877132415771484,
            "8_merge": 0.037796974182128906,
            "9_text_embed": 12.88512921333313,
            "10_drop": 0.01299905776977539,
            "11_filter": 0.028725385665893555
        },
        "create_final_nodes": {
            "overall": 0.2752654552459717,
            "0_layout_graph": 0.03599238395690918,
            "1_unpack_graph": 0.019614219665527344,
            "2_unpack_graph": 0.019191741943359375,
            "3_filter": 0.031063556671142578,
            "4_drop": 0.014044046401977539,
            "5_select": 0.014433145523071289,
            "6_snapshot": 0.029497861862182617,
            "7_rename": 0.014376401901245117,
            "8_join": 0.0206146240234375,
            "9_convert": 0.047805070877075195,
            "10_rename": 0.015614748001098633
        },
        "create_final_communities": {
            "overall": 0.3482370376586914,
            "0_unpack_graph": 0.022608041763305664,
            "1_unpack_graph": 0.021573781967163086,
            "2_aggregate_override": 0.019609689712524414,
            "3_join": 0.02340984344482422,
            "4_join": 0.022984743118286133,
            "5_concat": 0.01761031150817871,
            "6_filter": 0.040422916412353516,
            "7_aggregate_override": 0.020894289016723633,
            "8_join": 0.023720264434814453,
            "9_filter": 0.041123390197753906,
            "10_fill": 0.018504858016967773,
            "11_merge": 0.020514726638793945,
            "12_copy": 0.019428730010986328,
            "13_select": 0.01991105079650879
        },
        "join_text_units_to_entity_ids": {
            "overall": 0.10753130912780762,
            "0_select": 0.02646493911743164,
            "1_unroll": 0.037000417709350586,
            "2_aggregate_override": 0.023754119873046875
        },
        "create_final_relationships": {
            "overall": 0.286801815032959,
            "0_unpack_graph": 0.027897119522094727,
            "1_filter": 0.047843217849731445,
            "2_rename": 0.022635459899902344,
            "3_filter": 0.048037052154541016,
            "4_drop": 0.02266693115234375,
            "5_compute_edge_combined_degree": 0.026635408401489258,
            "6_convert": 0.04610037803649902,
            "7_convert": 0.0234529972076416
        },
        "join_text_units_to_relationship_ids": {
            "overall": 0.12590527534484863,
            "0_select": 0.02526378631591797,
            "1_unroll": 0.025066614151000977,
            "2_aggregate_override": 0.0270383358001709,
            "3_select": 0.024731159210205078
        },
        "create_final_community_reports": {
            "overall": 87.57499408721924,
            "0_prepare_community_reports_nodes": 0.027356863021850586,
            "1_prepare_community_reports_edges": 0.0277554988861084,
            "2_restore_community_hierarchy": 0.029758214950561523,
            "3_prepare_community_reports": 0.05187416076660156,
            "4_create_community_reports": 87.3853132724762,
            "5_window": 0.02719712257385254
        },
        "create_final_text_units": {
            "overall": 0.21358489990234375,
            "0_select": 0.028330326080322266,
            "1_rename": 0.02761697769165039,
            "2_join": 0.03238415718078613,
            "3_join": 0.03356504440307617,
            "4_aggregate_override": 0.030883312225341797,
            "5_select": 0.033757925033569336
        },
        "create_base_documents": {
            "overall": 0.34644079208374023,
            "0_unroll": 0.03125357627868652,
            "1_select": 0.02961254119873047,
            "2_rename": 0.02916097640991211,
            "3_join": 0.0344390869140625,
            "4_aggregate_override": 0.032390594482421875,
            "5_join": 0.03575944900512695,
            "6_rename": 0.030550003051757812,
            "7_convert": 0.09369993209838867
        },
        "create_final_documents": {
            "overall": 0.06223583221435547,
            "0_rename": 0.03148078918457031
        }
    }
}