{
    "total_runtime": 813.8944380283356,
    "num_documents": 20,
    "input_load_time": 0,
    "workflows": {
        "create_base_text_units": {
            "overall": 0.2807779312133789,
            "0_orderby": 0.002988100051879883,
            "1_zip": 0.003432750701904297,
            "2_aggregate_override": 0.005889892578125,
            "3_chunk": 0.2185838222503662,
            "4_select": 0.004208803176879883,
            "5_unroll": 0.005597352981567383,
            "6_rename": 0.004286527633666992,
            "7_genid": 0.004986286163330078,
            "8_unzip": 0.005545377731323242,
            "9_copy": 0.004918336868286133,
            "10_filter": 0.01774430274963379
        },
        "create_base_extracted_entities": {
            "overall": 645.4610347747803,
            "0_entity_extract": 645.4117519855499,
            "1_snapshot": 0.009627819061279297,
            "2_merge_graphs": 0.02653050422668457,
            "3_snapshot_rows": 0.007134914398193359
        },
        "create_summarized_entities": {
            "overall": 23.643601179122925,
            "0_summarize_descriptions": 23.62894105911255,
            "1_snapshot_rows": 0.007926225662231445
        },
        "create_base_entity_graph": {
            "overall": 0.06426167488098145,
            "0_cluster_graph": 0.029376506805419922,
            "1_snapshot_rows": 0.00883173942565918,
            "2_snapshot_rows": 0.009021520614624023,
            "3_select": 0.009281635284423828
        },
        "create_final_entities": {
            "overall": 10.180150508880615,
            "0_unpack_graph": 0.01434183120727539,
            "1_rename": 0.009473562240600586,
            "2_select": 0.015238761901855469,
            "3_dedupe": 0.014371156692504883,
            "4_rename": 0.010313034057617188,
            "5_filter": 0.024347543716430664,
            "6_text_split": 0.012176036834716797,
            "7_drop": 0.010681390762329102,
            "8_merge": 0.031108379364013672,
            "9_text_embed": 9.982094526290894,
            "10_drop": 0.012191295623779297,
            "11_filter": 0.034413814544677734
        },
        "create_final_nodes": {
            "overall": 0.2571401596069336,
            "0_layout_graph": 0.03146195411682129,
            "1_unpack_graph": 0.017865419387817383,
            "2_unpack_graph": 0.018333911895751953,
            "3_filter": 0.030620336532592773,
            "4_drop": 0.014037609100341797,
            "5_select": 0.014566659927368164,
            "6_snapshot": 0.015177726745605469,
            "7_rename": 0.01475214958190918,
            "8_join": 0.021017074584960938,
            "9_convert": 0.04973554611206055,
            "10_rename": 0.01535940170288086
        },
        "create_final_communities": {
            "overall": 0.3731060028076172,
            "0_unpack_graph": 0.021577835083007812,
            "1_unpack_graph": 0.020766258239746094,
            "2_aggregate_override": 0.02004837989807129,
            "3_join": 0.0243990421295166,
            "4_join": 0.022976398468017578,
            "5_concat": 0.01757049560546875,
            "6_filter": 0.040314674377441406,
            "7_aggregate_override": 0.03918290138244629,
            "8_join": 0.023839712142944336,
            "9_filter": 0.04408431053161621,
            "10_fill": 0.020641326904296875,
            "11_merge": 0.02189016342163086,
            "12_copy": 0.01950812339782715,
            "13_select": 0.019918441772460938
        },
        "join_text_units_to_entity_ids": {
            "overall": 0.08925199508666992,
            "0_select": 0.021592378616333008,
            "1_unroll": 0.024169921875,
            "2_aggregate_override": 0.023303508758544922
        },
        "create_final_relationships": {
            "overall": 0.3081178665161133,
            "0_unpack_graph": 0.02647709846496582,
            "1_filter": 0.047930002212524414,
            "2_rename": 0.022933006286621094,
            "3_filter": 0.04716134071350098,
            "4_drop": 0.022708415985107422,
            "5_compute_edge_combined_degree": 0.02650594711303711,
            "6_convert": 0.06829977035522461,
            "7_convert": 0.024543046951293945
        },
        "join_text_units_to_relationship_ids": {
            "overall": 0.1283552646636963,
            "0_select": 0.024561643600463867,
            "1_unroll": 0.02593064308166504,
            "2_aggregate_override": 0.027096033096313477,
            "3_select": 0.026682615280151367
        },
        "create_final_community_reports": {
            "overall": 128.6081941127777,
            "0_prepare_community_reports_nodes": 0.027679920196533203,
            "1_prepare_community_reports_edges": 0.027011871337890625,
            "2_restore_community_hierarchy": 0.032025814056396484,
            "3_prepare_community_reports": 0.05724382400512695,
            "4_create_community_reports": 128.4101278781891,
            "5_window": 0.02868819236755371
        },
        "create_final_text_units": {
            "overall": 0.23045635223388672,
            "0_select": 0.028796911239624023,
            "1_rename": 0.04162764549255371,
            "2_join": 0.03505396842956543,
            "3_join": 0.035202980041503906,
            "4_aggregate_override": 0.03210139274597168,
            "5_select": 0.029890775680541992
        },
        "create_base_documents": {
            "overall": 0.3670954704284668,
            "0_unroll": 0.03275799751281738,
            "1_select": 0.0313115119934082,
            "2_rename": 0.031246662139892578,
            "3_join": 0.03696799278259277,
            "4_aggregate_override": 0.03392219543457031,
            "5_join": 0.037835121154785156,
            "6_rename": 0.031980276107788086,
            "7_convert": 0.09797263145446777
        },
        "create_final_documents": {
            "overall": 0.06560945510864258,
            "0_rename": 0.03287363052368164
        }
    }
}