{
    "total_runtime": 1466.1715369224548,
    "num_documents": 20,
    "input_load_time": 0,
    "workflows": {
        "create_base_text_units": {
            "overall": 0.28408122062683105,
            "0_orderby": 0.003097057342529297,
            "1_zip": 0.003521442413330078,
            "2_aggregate_override": 0.005937099456787109,
            "3_chunk": 0.22392916679382324,
            "4_select": 0.004136085510253906,
            "5_unroll": 0.005532741546630859,
            "6_rename": 0.00434422492980957,
            "7_genid": 0.00513148307800293,
            "8_unzip": 0.0055561065673828125,
            "9_copy": 0.004992008209228516,
            "10_filter": 0.015303850173950195
        },
        "create_base_extracted_entities": {
            "overall": 900.3753688335419,
            "0_entity_extract": 900.3235330581665,
            "1_snapshot": 0.009829282760620117,
            "2_merge_graphs": 0.028725147247314453,
            "3_snapshot_rows": 0.007269144058227539
        },
        "create_summarized_entities": {
            "overall": 82.42885088920593,
            "0_summarize_descriptions": 82.41383266448975,
            "1_snapshot_rows": 0.008065223693847656
        },
        "create_base_entity_graph": {
            "overall": 0.06425118446350098,
            "0_cluster_graph": 0.029552936553955078,
            "1_snapshot_rows": 0.009300947189331055,
            "2_snapshot_rows": 0.008882761001586914,
            "3_select": 0.008754968643188477
        },
        "create_final_entities": {
            "overall": 12.359647035598755,
            "0_unpack_graph": 0.019600391387939453,
            "1_rename": 0.011149406433105469,
            "2_select": 0.010479450225830078,
            "3_dedupe": 0.010744094848632812,
            "4_rename": 0.01076817512512207,
            "5_filter": 0.025511503219604492,
            "6_text_split": 0.012940645217895508,
            "7_drop": 0.010902166366577148,
            "8_merge": 0.034363746643066406,
            "9_text_embed": 12.156713962554932,
            "10_drop": 0.01420283317565918,
            "11_filter": 0.032584190368652344
        },
        "create_final_nodes": {
            "overall": 0.287461519241333,
            "0_layout_graph": 0.036301612854003906,
            "1_unpack_graph": 0.020697355270385742,
            "2_unpack_graph": 0.021421432495117188,
            "3_filter": 0.03488278388977051,
            "4_drop": 0.015316963195800781,
            "5_select": 0.016482830047607422,
            "6_snapshot": 0.01717066764831543,
            "7_rename": 0.0164182186126709,
            "8_convert": 0.05283784866333008,
            "9_join": 0.023858070373535156,
            "10_rename": 0.017743349075317383
        },
        "create_final_communities": {
            "overall": 0.3542509078979492,
            "0_unpack_graph": 0.024164915084838867,
            "1_unpack_graph": 0.021303176879882812,
            "2_aggregate_override": 0.019443511962890625,
            "3_join": 0.02350640296936035,
            "4_join": 0.023116111755371094,
            "5_concat": 0.01757025718688965,
            "6_filter": 0.04072165489196777,
            "7_aggregate_override": 0.02088785171508789,
            "8_join": 0.02395486831665039,
            "9_filter": 0.041635751724243164,
            "10_fill": 0.018823862075805664,
            "11_merge": 0.020830631256103516,
            "12_copy": 0.019463777542114258,
            "13_select": 0.01994633674621582
        },
        "join_text_units_to_entity_ids": {
            "overall": 0.08775115013122559,
            "0_select": 0.02174234390258789,
            "1_unroll": 0.02234196662902832,
            "2_aggregate_override": 0.023471355438232422
        },
        "create_final_relationships": {
            "overall": 0.28830385208129883,
            "0_unpack_graph": 0.027086973190307617,
            "1_filter": 0.04891228675842285,
            "2_rename": 0.02238154411315918,
            "3_filter": 0.048526763916015625,
            "4_drop": 0.023198604583740234,
            "5_compute_edge_combined_degree": 0.026805400848388672,
            "6_convert": 0.04636836051940918,
            "7_convert": 0.023493051528930664
        },
        "join_text_units_to_relationship_ids": {
            "overall": 0.1497821807861328,
            "0_select": 0.024582386016845703,
            "1_unroll": 0.03137683868408203,
            "2_aggregate_override": 0.044794321060180664,
            "3_select": 0.02509617805480957
        },
        "create_final_community_reports": {
            "overall": 464.96198296546936,
            "0_prepare_community_reports_nodes": 0.027895212173461914,
            "1_prepare_community_reports_edges": 0.027354717254638672,
            "2_restore_community_hierarchy": 0.029222726821899414,
            "3_prepare_community_reports": 0.055242061614990234,
            "4_create_community_reports": 464.768758058548,
            "5_window": 0.027907609939575195
        },
        "create_final_text_units": {
            "overall": 0.22162532806396484,
            "0_select": 0.0280611515045166,
            "1_rename": 0.0321810245513916,
            "2_join": 0.033629417419433594,
            "3_join": 0.0336155891418457,
            "4_aggregate_override": 0.035814523696899414,
            "5_select": 0.02943277359008789
        },
        "create_base_documents": {
            "overall": 0.3620598316192627,
            "0_unroll": 0.03412342071533203,
            "1_select": 0.030402421951293945,
            "2_rename": 0.030278682708740234,
            "3_join": 0.035550594329833984,
            "4_aggregate_override": 0.032611846923828125,
            "5_join": 0.041202545166015625,
            "6_rename": 0.033193111419677734,
            "7_convert": 0.09533119201660156
        },
        "create_final_documents": {
            "overall": 0.06805086135864258,
            "0_rename": 0.036659955978393555
        }
    }
}