{
    "total_runtime": 523.2938697338104,
    "num_documents": 20,
    "input_load_time": 0,
    "workflows": {
        "create_base_text_units": {
            "overall": 0.3434112071990967,
            "0_orderby": 0.0031273365020751953,
            "1_zip": 0.003504037857055664,
            "2_aggregate_override": 0.006159782409667969,
            "3_chunk": 0.2818567752838135,
            "4_select": 0.004380226135253906,
            "5_unroll": 0.00565791130065918,
            "6_rename": 0.004431486129760742,
            "7_genid": 0.005333900451660156,
            "8_unzip": 0.00553441047668457,
            "9_copy": 0.005013227462768555,
            "10_filter": 0.01579570770263672
        },
        "create_base_extracted_entities": {
            "overall": 174.75253295898438,
            "0_entity_extract": 174.69892263412476,
            "1_snapshot": 0.010772705078125,
            "2_merge_graphs": 0.02895832061767578,
            "3_snapshot_rows": 0.007808208465576172
        },
        "create_summarized_entities": {
            "overall": 43.21484923362732,
            "0_summarize_descriptions": 43.19935441017151,
            "1_snapshot_rows": 0.008480310440063477
        },
        "create_base_entity_graph": {
            "overall": 0.07986879348754883,
            "0_cluster_graph": 0.04159235954284668,
            "1_snapshot_rows": 0.010840177536010742,
            "2_snapshot_rows": 0.00999760627746582,
            "3_select": 0.009222269058227539
        },
        "create_final_entities": {
            "overall": 12.559942245483398,
            "0_unpack_graph": 0.02200174331665039,
            "1_rename": 0.009711027145385742,
            "2_select": 0.01015615463256836,
            "3_dedupe": 0.010823249816894531,
            "4_rename": 0.010461568832397461,
            "5_filter": 0.02564406394958496,
            "6_text_split": 0.01298666000366211,
            "7_drop": 0.011259078979492188,
            "8_merge": 0.03784918785095215,
            "9_text_embed": 12.350660562515259,
            "10_drop": 0.014612913131713867,
            "11_filter": 0.03345060348510742
        },
        "create_final_nodes": {
            "overall": 0.38452625274658203,
            "0_layout_graph": 0.07015442848205566,
            "1_unpack_graph": 0.03046584129333496,
            "2_unpack_graph": 0.03204822540283203,
            "3_drop": 0.021402597427368164,
            "4_filter": 0.04809212684631348,
            "5_select": 0.026360034942626953,
            "6_snapshot": 0.017902851104736328,
            "7_rename": 0.02353811264038086,
            "8_convert": 0.05875205993652344,
            "9_join": 0.024829387664794922,
            "10_rename": 0.01659393310546875
        },
        "create_final_communities": {
            "overall": 0.42313432693481445,
            "0_unpack_graph": 0.031195878982543945,
            "1_unpack_graph": 0.02814960479736328,
            "2_aggregate_override": 0.019972562789916992,
            "3_join": 0.0253140926361084,
            "4_join": 0.02771592140197754,
            "5_concat": 0.02289724349975586,
            "6_filter": 0.05466318130493164,
            "7_aggregate_override": 0.024594545364379883,
            "8_join": 0.02616429328918457,
            "9_filter": 0.04684853553771973,
            "10_fill": 0.020906448364257812,
            "11_merge": 0.029849529266357422,
            "12_copy": 0.022923707962036133,
            "13_select": 0.02408123016357422
        },
        "join_text_units_to_entity_ids": {
            "overall": 0.1052865982055664,
            "0_select": 0.025244474411010742,
            "1_unroll": 0.027799129486083984,
            "2_aggregate_override": 0.027674198150634766
        },
        "create_final_relationships": {
            "overall": 0.3246779441833496,
            "0_unpack_graph": 0.03748202323913574,
            "1_filter": 0.051358699798583984,
            "2_rename": 0.02308940887451172,
            "3_filter": 0.05174398422241211,
            "4_drop": 0.025757789611816406,
            "5_compute_edge_combined_degree": 0.030823945999145508,
            "6_convert": 0.0538029670715332,
            "7_convert": 0.024367094039916992
        },
        "join_text_units_to_relationship_ids": {
            "overall": 0.13289952278137207,
            "0_select": 0.02588677406311035,
            "1_unroll": 0.027889013290405273,
            "2_aggregate_override": 0.027940750122070312,
            "3_select": 0.026376724243164062
        },
        "create_final_community_reports": {
            "overall": 286.08482241630554,
            "0_prepare_community_reports_nodes": 0.03077387809753418,
            "1_prepare_community_reports_edges": 0.028929471969604492,
            "2_restore_community_hierarchy": 0.03130078315734863,
            "3_prepare_community_reports": 0.0900735855102539,
            "4_create_community_reports": 285.8484454154968,
            "5_window": 0.028929948806762695
        },
        "create_final_text_units": {
            "overall": 0.2214055061340332,
            "0_select": 0.029074668884277344,
            "1_rename": 0.028810977935791016,
            "2_join": 0.03627181053161621,
            "3_join": 0.03476524353027344,
            "4_aggregate_override": 0.03216075897216797,
            "5_select": 0.030741214752197266
        },
        "create_base_documents": {
            "overall": 0.3629300594329834,
            "0_unroll": 0.032157182693481445,
            "1_select": 0.030242919921875,
            "2_rename": 0.03625607490539551,
            "3_join": 0.036478519439697266,
            "4_aggregate_override": 0.033236026763916016,
            "5_join": 0.036595821380615234,
            "6_rename": 0.03154802322387695,
            "7_convert": 0.09678864479064941
        },
        "create_final_documents": {
            "overall": 0.06477069854736328,
            "0_rename": 0.03261709213256836
        }
    }
}