{
    "total_runtime": 2057.835738658905,
    "num_documents": 20,
    "input_load_time": 0,
    "workflows": {
        "create_base_text_units": {
            "overall": 0.3173649311065674,
            "0_orderby": 0.003564596176147461,
            "1_zip": 0.004361629486083984,
            "2_aggregate_override": 0.006834983825683594,
            "3_chunk": 0.24980831146240234,
            "4_select": 0.004239082336425781,
            "5_unroll": 0.0058672428131103516,
            "6_rename": 0.004927396774291992,
            "7_genid": 0.0057446956634521484,
            "8_unzip": 0.006387948989868164,
            "9_copy": 0.00586700439453125,
            "10_filter": 0.01681685447692871
        },
        "create_base_extracted_entities": {
            "overall": 1868.324623823166,
            "0_entity_extract": 1868.2722792625427,
            "1_snapshot": 0.009897232055664062,
            "2_merge_graphs": 0.02842116355895996,
            "3_snapshot_rows": 0.007841110229492188
        },
        "create_summarized_entities": {
            "overall": 12.173078060150146,
            "0_summarize_descriptions": 12.155591487884521,
            "1_snapshot_rows": 0.010367870330810547
        },
        "create_base_entity_graph": {
            "overall": 0.06608462333679199,
            "0_cluster_graph": 0.02805304527282715,
            "1_snapshot_rows": 0.010409832000732422,
            "2_snapshot_rows": 0.009767293930053711,
            "3_select": 0.00955963134765625
        },
        "create_final_entities": {
            "overall": 8.512979507446289,
            "0_unpack_graph": 0.01626420021057129,
            "1_rename": 0.011542081832885742,
            "2_select": 0.01044464111328125,
            "3_dedupe": 0.01094198226928711,
            "4_rename": 0.010585546493530273,
            "5_filter": 0.029512643814086914,
            "6_text_split": 0.015690088272094727,
            "7_drop": 0.015156030654907227,
            "8_merge": 0.03181743621826172,
            "9_text_embed": 8.30514144897461,
            "10_drop": 0.012962579727172852,
            "11_filter": 0.03312945365905762
        },
        "create_final_nodes": {
            "overall": 0.30706334114074707,
            "0_layout_graph": 0.0311429500579834,
            "1_unpack_graph": 0.02335381507873535,
            "2_unpack_graph": 0.01819157600402832,
            "3_filter": 0.040518999099731445,
            "4_drop": 0.015627622604370117,
            "5_select": 0.021303176879882812,
            "6_snapshot": 0.015510320663452148,
            "7_rename": 0.015293359756469727,
            "8_convert": 0.05535531044006348,
            "9_join": 0.04024958610534668,
            "10_rename": 0.01721334457397461
        },
        "create_final_communities": {
            "overall": 0.415722131729126,
            "0_unpack_graph": 0.022086381912231445,
            "1_unpack_graph": 0.039238929748535156,
            "2_aggregate_override": 0.038114309310913086,
            "3_join": 0.04323148727416992,
            "4_join": 0.024264097213745117,
            "5_concat": 0.01869988441467285,
            "6_filter": 0.04200148582458496,
            "7_aggregate_override": 0.021830320358276367,
            "8_join": 0.0247039794921875,
            "9_filter": 0.04283308982849121,
            "10_fill": 0.019490718841552734,
            "11_merge": 0.021519899368286133,
            "12_copy": 0.01997995376586914,
            "13_select": 0.020297527313232422
        },
        "join_text_units_to_entity_ids": {
            "overall": 0.09133028984069824,
            "0_select": 0.021841764450073242,
            "1_unroll": 0.02343130111694336,
            "2_aggregate_override": 0.024979829788208008
        },
        "create_final_relationships": {
            "overall": 0.2906520366668701,
            "0_unpack_graph": 0.027179718017578125,
            "1_filter": 0.04819059371948242,
            "2_rename": 0.022298812866210938,
            "3_filter": 0.04887986183166504,
            "4_drop": 0.023281574249267578,
            "5_compute_edge_combined_degree": 0.027541637420654297,
            "6_convert": 0.04729962348937988,
            "7_convert": 0.02385854721069336
        },
        "join_text_units_to_relationship_ids": {
            "overall": 0.13041996955871582,
            "0_select": 0.025041580200195312,
            "1_unroll": 0.026288986206054688,
            "2_aggregate_override": 0.028139829635620117,
            "3_select": 0.026314258575439453
        },
        "create_final_community_reports": {
            "overall": 162.08485794067383,
            "0_prepare_community_reports_nodes": 0.02798628807067871,
            "1_prepare_community_reports_edges": 0.02768540382385254,
            "2_restore_community_hierarchy": 0.02962327003479004,
            "3_prepare_community_reports": 0.057738542556762695,
            "4_create_community_reports": 161.87338614463806,
            "5_window": 0.0424036979675293
        },
        "create_final_text_units": {
            "overall": 0.2261359691619873,
            "0_select": 0.029128074645996094,
            "1_rename": 0.029587745666503906,
            "2_join": 0.03672909736633301,
            "3_join": 0.0388486385345459,
            "4_aggregate_override": 0.03290891647338867,
            "5_select": 0.03028130531311035
        },
        "create_base_documents": {
            "overall": 0.36739468574523926,
            "0_unroll": 0.03218436241149902,
            "1_select": 0.030853986740112305,
            "2_rename": 0.031156063079833984,
            "3_join": 0.037267446517944336,
            "4_aggregate_override": 0.03376007080078125,
            "5_join": 0.03878927230834961,
            "6_rename": 0.03239297866821289,
            "7_convert": 0.10041975975036621
        },
        "create_final_documents": {
            "overall": 0.06802010536193848,
            "0_rename": 0.03434157371520996
        }
    }
}