{
    "total_runtime": 1102.3845584392548,
    "num_documents": 20,
    "input_load_time": 0,
    "workflows": {
        "create_base_text_units": {
            "overall": 0.28140926361083984,
            "0_orderby": 0.0030825138092041016,
            "1_zip": 0.0035674571990966797,
            "2_aggregate_override": 0.006041765213012695,
            "3_chunk": 0.22102880477905273,
            "4_select": 0.004303693771362305,
            "5_unroll": 0.005563497543334961,
            "6_rename": 0.004391908645629883,
            "7_genid": 0.0051343441009521484,
            "8_unzip": 0.005431175231933594,
            "9_copy": 0.005050182342529297,
            "10_filter": 0.015233516693115234
        },
        "create_base_extracted_entities": {
            "overall": 513.9384772777557,
            "0_entity_extract": 513.8849813938141,
            "1_snapshot": 0.009985208511352539,
            "2_merge_graphs": 0.029873371124267578,
            "3_snapshot_rows": 0.007714986801147461
        },
        "create_summarized_entities": {
            "overall": 32.0143883228302,
            "0_summarize_descriptions": 31.999006748199463,
            "1_snapshot_rows": 0.008158683776855469
        },
        "create_base_entity_graph": {
            "overall": 0.07595968246459961,
            "0_cluster_graph": 0.03958320617675781,
            "1_snapshot_rows": 0.009680509567260742,
            "2_snapshot_rows": 0.009503602981567383,
            "3_select": 0.00913691520690918
        },
        "create_final_entities": {
            "overall": 8.95608377456665,
            "0_unpack_graph": 0.018255949020385742,
            "1_rename": 0.009600162506103516,
            "2_select": 0.01029205322265625,
            "3_dedupe": 0.010450124740600586,
            "4_rename": 0.010450124740600586,
            "5_filter": 0.024899959564208984,
            "6_text_split": 0.01259160041809082,
            "7_drop": 0.011147260665893555,
            "8_merge": 0.029040813446044922,
            "9_text_embed": 8.76921010017395,
            "10_drop": 0.012160062789916992,
            "11_filter": 0.028757810592651367
        },
        "create_final_nodes": {
            "overall": 0.29270124435424805,
            "0_layout_graph": 0.04612278938293457,
            "1_unpack_graph": 0.032686471939086914,
            "2_unpack_graph": 0.025133609771728516,
            "3_drop": 0.014114856719970703,
            "4_filter": 0.03169870376586914,
            "5_select": 0.014358282089233398,
            "6_snapshot": 0.014986991882324219,
            "7_rename": 0.014823198318481445,
            "8_convert": 0.047994375228881836,
            "9_join": 0.02189183235168457,
            "10_rename": 0.01562809944152832
        },
        "create_final_communities": {
            "overall": 0.37146925926208496,
            "0_unpack_graph": 0.025413990020751953,
            "1_unpack_graph": 0.024186372756958008,
            "2_aggregate_override": 0.019684314727783203,
            "3_join": 0.02411174774169922,
            "4_join": 0.02318286895751953,
            "5_concat": 0.017609119415283203,
            "6_filter": 0.048993825912475586,
            "7_aggregate_override": 0.022020578384399414,
            "8_join": 0.023753881454467773,
            "9_filter": 0.04204154014587402,
            "10_fill": 0.02027273178100586,
            "11_merge": 0.023844003677368164,
            "12_copy": 0.019839763641357422,
            "13_select": 0.02011275291442871
        },
        "join_text_units_to_entity_ids": {
            "overall": 0.08725666999816895,
            "0_select": 0.02137160301208496,
            "1_unroll": 0.021917343139648438,
            "2_aggregate_override": 0.02383112907409668
        },
        "create_final_relationships": {
            "overall": 0.28899693489074707,
            "0_unpack_graph": 0.030258655548095703,
            "1_filter": 0.04746198654174805,
            "2_rename": 0.021981239318847656,
            "3_filter": 0.04779958724975586,
            "4_drop": 0.023105144500732422,
            "5_compute_edge_combined_degree": 0.02657294273376465,
            "6_convert": 0.04697728157043457,
            "7_convert": 0.023555994033813477
        },
        "join_text_units_to_relationship_ids": {
            "overall": 0.15183067321777344,
            "0_select": 0.02435922622680664,
            "1_unroll": 0.026295900344848633,
            "2_aggregate_override": 0.05267071723937988,
            "3_select": 0.0246734619140625
        },
        "create_final_community_reports": {
            "overall": 541.5593407154083,
            "0_prepare_community_reports_nodes": 0.02900552749633789,
            "1_prepare_community_reports_edges": 0.027863502502441406,
            "2_restore_community_hierarchy": 0.030257701873779297,
            "3_prepare_community_reports": 0.10084176063537598,
            "4_create_community_reports": 541.318291425705,
            "5_window": 0.027904510498046875
        },
        "create_final_text_units": {
            "overall": 0.2082374095916748,
            "0_select": 0.02734088897705078,
            "1_rename": 0.027134180068969727,
            "2_join": 0.0332183837890625,
            "3_join": 0.033808231353759766,
            "4_aggregate_override": 0.030540943145751953,
            "5_select": 0.02900242805480957
        },
        "create_base_documents": {
            "overall": 0.3506205081939697,
            "0_unroll": 0.030807018280029297,
            "1_select": 0.030752182006835938,
            "2_rename": 0.030430316925048828,
            "3_join": 0.03544044494628906,
            "4_aggregate_override": 0.0322721004486084,
            "5_join": 0.03544783592224121,
            "6_rename": 0.030589580535888672,
            "7_convert": 0.09559369087219238
        },
        "create_final_documents": {
            "overall": 0.06372356414794922,
            "0_rename": 0.03226923942565918
        }
    }
}