{
    "total_runtime": 2826.3173921108246,
    "num_documents": 20,
    "input_load_time": 0,
    "workflows": {
        "create_base_text_units": {
            "overall": 0.3002631664276123,
            "0_orderby": 0.003267526626586914,
            "1_zip": 0.003907203674316406,
            "2_aggregate_override": 0.006440639495849609,
            "3_chunk": 0.2380688190460205,
            "4_select": 0.00432276725769043,
            "5_unroll": 0.005593776702880859,
            "6_rename": 0.004419088363647461,
            "7_genid": 0.0053026676177978516,
            "8_unzip": 0.0055234432220458984,
            "9_copy": 0.005013942718505859,
            "10_filter": 0.015613555908203125
        },
        "create_base_extracted_entities": {
            "overall": 536.2028086185455,
            "0_entity_extract": 536.1218292713165,
            "1_snapshot": 0.011890649795532227,
            "2_merge_graphs": 0.05380678176879883,
            "3_snapshot_rows": 0.009137630462646484
        },
        "create_summarized_entities": {
            "overall": 100.42090773582458,
            "0_summarize_descriptions": 100.40526866912842,
            "1_snapshot_rows": 0.008567571640014648
        },
        "create_base_entity_graph": {
            "overall": 0.08112907409667969,
            "0_cluster_graph": 0.04268646240234375,
            "1_snapshot_rows": 0.010437726974487305,
            "2_snapshot_rows": 0.010427236557006836,
            "3_select": 0.009734392166137695
        },
        "create_final_entities": {
            "overall": 12.684412479400635,
            "0_unpack_graph": 0.0205841064453125,
            "1_rename": 0.009789466857910156,
            "2_select": 0.010327339172363281,
            "3_dedupe": 0.0110321044921875,
            "4_rename": 0.010505914688110352,
            "5_filter": 0.02569723129272461,
            "6_text_split": 0.013092517852783203,
            "7_drop": 0.01131892204284668,
            "8_merge": 0.03639531135559082,
            "9_text_embed": 12.480231761932373,
            "10_drop": 0.01325082778930664,
            "11_filter": 0.03261208534240723
        },
        "create_final_nodes": {
            "overall": 0.3070871829986572,
            "0_layout_graph": 0.0540165901184082,
            "1_unpack_graph": 0.028516769409179688,
            "2_unpack_graph": 0.026083946228027344,
            "3_filter": 0.033231496810913086,
            "4_drop": 0.014443397521972656,
            "5_select": 0.01516103744506836,
            "6_snapshot": 0.015968799591064453,
            "7_rename": 0.01579761505126953,
            "8_join": 0.023076295852661133,
            "9_convert": 0.0510404109954834,
            "10_rename": 0.01625514030456543
        },
        "create_final_communities": {
            "overall": 0.39461302757263184,
            "0_unpack_graph": 0.030894994735717773,
            "1_unpack_graph": 0.0279848575592041,
            "2_aggregate_override": 0.020022869110107422,
            "3_join": 0.026401042938232422,
            "4_join": 0.025364398956298828,
            "5_concat": 0.01816558837890625,
            "6_filter": 0.05042123794555664,
            "7_aggregate_override": 0.02312636375427246,
            "8_join": 0.025547027587890625,
            "9_filter": 0.044268131256103516,
            "10_fill": 0.020331382751464844,
            "11_merge": 0.023955583572387695,
            "12_copy": 0.020214080810546875,
            "13_select": 0.020725250244140625
        },
        "join_text_units_to_entity_ids": {
            "overall": 0.08905291557312012,
            "0_select": 0.02035689353942871,
            "1_unroll": 0.022861003875732422,
            "2_aggregate_override": 0.02500748634338379
        },
        "create_final_relationships": {
            "overall": 0.3053774833679199,
            "0_unpack_graph": 0.03320479393005371,
            "1_filter": 0.04980206489562988,
            "2_rename": 0.02336716651916504,
            "3_filter": 0.05191206932067871,
            "4_drop": 0.023714542388916016,
            "5_compute_edge_combined_degree": 0.028370380401611328,
            "6_convert": 0.04862570762634277,
            "7_convert": 0.02471756935119629
        },
        "join_text_units_to_relationship_ids": {
            "overall": 0.13372135162353516,
            "0_select": 0.025980234146118164,
            "1_unroll": 0.02759838104248047,
            "2_aggregate_override": 0.029005765914916992,
            "3_select": 0.026505470275878906
        },
        "create_final_community_reports": {
            "overall": 2170.317364215851,
            "0_prepare_community_reports_nodes": 0.030537843704223633,
            "1_prepare_community_reports_edges": 0.028537511825561523,
            "2_restore_community_hierarchy": 0.03092336654663086,
            "3_prepare_community_reports": 0.0879673957824707,
            "4_create_community_reports": 2170.0826194286346,
            "5_window": 0.029783248901367188
        },
        "create_final_text_units": {
            "overall": 0.23250555992126465,
            "0_select": 0.028571367263793945,
            "1_rename": 0.02930736541748047,
            "2_join": 0.036515235900878906,
            "3_join": 0.03613448143005371,
            "4_aggregate_override": 0.03296637535095215,
            "5_select": 0.04134798049926758
        },
        "create_base_documents": {
            "overall": 0.3731350898742676,
            "0_unroll": 0.032675981521606445,
            "1_select": 0.0356297492980957,
            "2_rename": 0.03349876403808594,
            "3_join": 0.03664398193359375,
            "4_aggregate_override": 0.03359413146972656,
            "5_join": 0.03774857521057129,
            "6_rename": 0.03542065620422363,
            "7_convert": 0.09696340560913086
        },
        "create_final_documents": {
            "overall": 0.07191085815429688,
            "0_rename": 0.033835411071777344
        }
    }
}