{
    "total_runtime": 5122.709171772003,
    "num_documents": 20,
    "input_load_time": 0,
    "workflows": {
        "create_base_text_units": {
            "overall": 0.3242201805114746,
            "0_orderby": 0.003325939178466797,
            "1_zip": 0.003668546676635742,
            "2_aggregate_override": 0.006310462951660156,
            "3_chunk": 0.2557790279388428,
            "4_select": 0.005087614059448242,
            "5_unroll": 0.0061604976654052734,
            "6_rename": 0.0046291351318359375,
            "7_genid": 0.005876302719116211,
            "8_unzip": 0.0068645477294921875,
            "9_copy": 0.005979299545288086,
            "10_filter": 0.017602205276489258
        },
        "create_base_extracted_entities": {
            "overall": 1240.6082866191864,
            "0_entity_extract": 1240.5545608997345,
            "1_snapshot": 0.010335445404052734,
            "2_merge_graphs": 0.02916860580444336,
            "3_snapshot_rows": 0.008009672164916992
        },
        "create_summarized_entities": {
            "overall": 105.31474328041077,
            "0_summarize_descriptions": 105.28965520858765,
            "1_snapshot_rows": 0.017479896545410156
        },
        "create_base_entity_graph": {
            "overall": 0.07246804237365723,
            "0_cluster_graph": 0.03422880172729492,
            "1_snapshot_rows": 0.009510278701782227,
            "2_snapshot_rows": 0.009783506393432617,
            "3_select": 0.009420633316040039
        },
        "create_final_entities": {
            "overall": 1902.328016281128,
            "0_unpack_graph": 0.024960041046142578,
            "1_rename": 0.009737491607666016,
            "2_select": 0.010176420211791992,
            "3_dedupe": 0.010949373245239258,
            "4_rename": 0.010561704635620117,
            "5_filter": 0.026556730270385742,
            "6_text_split": 0.013156652450561523,
            "7_drop": 0.011331319808959961,
            "8_merge": 0.03437352180480957,
            "9_text_embed": 1902.123149394989,
            "10_drop": 0.013352632522583008,
            "11_filter": 0.03012394905090332
        },
        "create_final_nodes": {
            "overall": 0.27352118492126465,
            "0_layout_graph": 0.03610634803771973,
            "1_unpack_graph": 0.020459413528442383,
            "2_unpack_graph": 0.019637584686279297,
            "3_drop": 0.014096736907958984,
            "4_filter": 0.03231620788574219,
            "5_select": 0.014906883239746094,
            "6_snapshot": 0.015666723251342773,
            "7_rename": 0.015425443649291992,
            "8_join": 0.022972583770751953,
            "9_convert": 0.05185818672180176,
            "10_rename": 0.016827106475830078
        },
        "create_final_communities": {
            "overall": 0.3931844234466553,
            "0_unpack_graph": 0.029303550720214844,
            "1_unpack_graph": 0.033081769943237305,
            "2_aggregate_override": 0.020407676696777344,
            "3_join": 0.025171756744384766,
            "4_join": 0.024084091186523438,
            "5_concat": 0.018777847290039062,
            "6_filter": 0.04431724548339844,
            "7_aggregate_override": 0.023198604583740234,
            "8_join": 0.02656102180480957,
            "9_filter": 0.04483485221862793,
            "10_fill": 0.020552396774291992,
            "11_merge": 0.02368950843811035,
            "12_copy": 0.021384000778198242,
            "13_select": 0.0207211971282959
        },
        "join_text_units_to_entity_ids": {
            "overall": 0.09379720687866211,
            "0_select": 0.022377490997314453,
            "1_unroll": 0.024116039276123047,
            "2_aggregate_override": 0.025410175323486328
        },
        "create_final_relationships": {
            "overall": 0.30593061447143555,
            "0_unpack_graph": 0.029799938201904297,
            "1_filter": 0.050919532775878906,
            "2_rename": 0.02445054054260254,
            "3_filter": 0.05105447769165039,
            "4_drop": 0.024747133255004883,
            "5_compute_edge_combined_degree": 0.02850961685180664,
            "6_convert": 0.04968833923339844,
            "7_convert": 0.02475452423095703
        },
        "join_text_units_to_relationship_ids": {
            "overall": 0.1334981918334961,
            "0_select": 0.026070833206176758,
            "1_unroll": 0.02714681625366211,
            "2_aggregate_override": 0.02850055694580078,
            "3_select": 0.026318788528442383
        },
        "create_final_community_reports": {
            "overall": 1867.817143201828,
            "0_prepare_community_reports_nodes": 0.028983354568481445,
            "1_prepare_community_reports_edges": 0.02852487564086914,
            "2_restore_community_hierarchy": 0.03061676025390625,
            "3_prepare_community_reports": 0.07053112983703613,
            "4_create_community_reports": 1867.6017220020294,
            "5_window": 0.029897451400756836
        },
        "create_final_text_units": {
            "overall": 0.22420954704284668,
            "0_select": 0.0289309024810791,
            "1_rename": 0.029062271118164062,
            "2_join": 0.038836002349853516,
            "3_join": 0.03600788116455078,
            "4_aggregate_override": 0.032806396484375,
            "5_select": 0.02988910675048828
        },
        "create_base_documents": {
            "overall": 0.4093449115753174,
            "0_unroll": 0.0441286563873291,
            "1_select": 0.03094339370727539,
            "2_rename": 0.031009912490844727,
            "3_join": 0.036701202392578125,
            "4_aggregate_override": 0.0331883430480957,
            "5_join": 0.037248849868774414,
            "6_rename": 0.03235960006713867,
            "7_convert": 0.13385844230651855
        },
        "create_final_documents": {
            "overall": 0.06688594818115234,
            "0_rename": 0.03352499008178711
        }
    }
}