{
    "total_runtime": 1794.7474801540375,
    "num_documents": 20,
    "input_load_time": 0,
    "workflows": {
        "create_base_text_units": {
            "overall": 0.31481432914733887,
            "0_orderby": 0.0033075809478759766,
            "1_zip": 0.0036935806274414062,
            "2_aggregate_override": 0.006394386291503906,
            "3_chunk": 0.24281668663024902,
            "4_select": 0.004538774490356445,
            "5_unroll": 0.005964040756225586,
            "6_rename": 0.004767179489135742,
            "7_genid": 0.0053730010986328125,
            "8_unzip": 0.005819559097290039,
            "9_copy": 0.005144596099853516,
            "10_filter": 0.02431464195251465
        },
        "create_base_extracted_entities": {
            "overall": 1477.3450787067413,
            "0_entity_extract": 1477.2931580543518,
            "1_snapshot": 0.01013040542602539,
            "2_merge_graphs": 0.02852487564086914,
            "3_snapshot_rows": 0.00729060173034668
        },
        "create_summarized_entities": {
            "overall": 152.5535774230957,
            "0_summarize_descriptions": 152.5381588935852,
            "1_snapshot_rows": 0.008372068405151367
        },
        "create_base_entity_graph": {
            "overall": 0.06808948516845703,
            "0_cluster_graph": 0.03123307228088379,
            "1_snapshot_rows": 0.00946664810180664,
            "2_snapshot_rows": 0.009769916534423828,
            "3_select": 0.009647846221923828
        },
        "create_final_entities": {
            "overall": 11.844302415847778,
            "0_unpack_graph": 0.015017509460449219,
            "1_rename": 0.009745597839355469,
            "2_select": 0.010176658630371094,
            "3_dedupe": 0.010627031326293945,
            "4_rename": 0.010572671890258789,
            "5_filter": 0.025659799575805664,
            "6_text_split": 0.013135910034179688,
            "7_drop": 0.011427164077758789,
            "8_merge": 0.03395891189575195,
            "9_text_embed": 11.650936126708984,
            "10_drop": 0.013006210327148438,
            "11_filter": 0.030803680419921875
        },
        "create_final_nodes": {
            "overall": 0.27632784843444824,
            "0_layout_graph": 0.03525590896606445,
            "1_unpack_graph": 0.019272327423095703,
            "2_unpack_graph": 0.01955246925354004,
            "3_drop": 0.015341997146606445,
            "4_filter": 0.03364968299865723,
            "5_select": 0.01497340202331543,
            "6_snapshot": 0.015844106674194336,
            "7_rename": 0.016188383102416992,
            "8_join": 0.02323627471923828,
            "9_convert": 0.0523073673248291,
            "10_rename": 0.016864299774169922
        },
        "create_final_communities": {
            "overall": 0.3689746856689453,
            "0_unpack_graph": 0.023726463317871094,
            "1_unpack_graph": 0.022060155868530273,
            "2_aggregate_override": 0.021008014678955078,
            "3_join": 0.02512955665588379,
            "4_join": 0.025136470794677734,
            "5_concat": 0.01881098747253418,
            "6_filter": 0.0429224967956543,
            "7_aggregate_override": 0.022156715393066406,
            "8_join": 0.02554178237915039,
            "9_filter": 0.04305672645568848,
            "10_fill": 0.019860267639160156,
            "11_merge": 0.021219968795776367,
            "12_copy": 0.020734786987304688,
            "13_select": 0.020819902420043945
        },
        "join_text_units_to_entity_ids": {
            "overall": 0.09259366989135742,
            "0_select": 0.022881746292114258,
            "1_unroll": 0.024201631546020508,
            "2_aggregate_override": 0.025035381317138672
        },
        "create_final_relationships": {
            "overall": 0.30910706520080566,
            "0_unpack_graph": 0.02845454216003418,
            "1_filter": 0.05486774444580078,
            "2_rename": 0.023888111114501953,
            "3_filter": 0.0515294075012207,
            "4_drop": 0.02440500259399414,
            "5_compute_edge_combined_degree": 0.029047250747680664,
            "6_convert": 0.04992938041687012,
            "7_convert": 0.025079965591430664
        },
        "join_text_units_to_relationship_ids": {
            "overall": 0.13473057746887207,
            "0_select": 0.026296615600585938,
            "1_unroll": 0.027385234832763672,
            "2_aggregate_override": 0.02934122085571289,
            "3_select": 0.026819705963134766
        },
        "create_final_community_reports": {
            "overall": 146.2583224773407,
            "0_prepare_community_reports_nodes": 0.03078460693359375,
            "1_prepare_community_reports_edges": 0.02902960777282715,
            "2_restore_community_hierarchy": 0.0346674919128418,
            "3_prepare_community_reports": 0.0516054630279541,
            "4_create_community_reports": 146.0526843070984,
            "5_window": 0.030186176300048828
        },
        "create_final_text_units": {
            "overall": 0.24509334564208984,
            "0_select": 0.0351710319519043,
            "1_rename": 0.03084111213684082,
            "2_join": 0.040027618408203125,
            "3_join": 0.03804826736450195,
            "4_aggregate_override": 0.03368330001831055,
            "5_select": 0.034354209899902344
        },
        "create_base_documents": {
            "overall": 0.4887115955352783,
            "0_unroll": 0.03550243377685547,
            "1_select": 0.03312110900878906,
            "2_rename": 0.034340858459472656,
            "3_join": 0.03850674629211426,
            "4_aggregate_override": 0.03509640693664551,
            "5_join": 0.04380154609680176,
            "6_rename": 0.036998748779296875,
            "7_convert": 0.19319438934326172
        },
        "create_final_documents": {
            "overall": 0.08066058158874512,
            "0_rename": 0.043166160583496094
        }
    }
}